--------- beginning of main
08-26 17:28:52.057   517   517 I adbd    : adbd service requested 'shell,v2,TERM=dumb,raw:input tap 489 2754'
08-26 17:28:52.118 23349 23349 I QuickAppKit: android.input.tabs.change surface=srf:1 node=node:8 index=1 value=分类
08-26 17:28:52.119 23349 23349 I QuickAppKit: android.event.change.received surface=srf:1 node=node:8
08-26 17:28:52.121 23349 23424 I QuickAppKit: android.event.js_callback posted=1 error=
08-26 17:28:52.121 23349 23424 I QuickAppKit: android.event.change.dispatched=1
08-26 17:28:52.126   657  2108 W AS.PlaybackActivityMon: No piid assigned for invalid/internal port id 16
08-26 17:28:52.126   657  1937 W AS.PlaybackActivityMon: No piid assigned for invalid/internal port id 16
08-26 17:28:52.130 23349 23425 I QuickAppKit: android.event.handler_execute surface=srf:1 handler=hdl:3 dispatched=1
08-26 17:28:52.231   492   492 W skia    : AGTM parsing failed flags.readFromStream(s) at 159
08-26 17:28:52.257   492   534 W skia    : AGTM parsing failed flags.readFromStream(s) at 159
08-26 17:28:52.298   488   505 I APM_AudioPolicyManager: getNewOutputDevices io 13 recent device override {AUDIO_DEVICE_OUT_SPEAKER, @:}
08-26 17:28:53.160   517   517 I adbd    : adbd service requested 'exec:screencap '-p''
08-26 17:28:53.254 23503 23503 W libbinder.BackendUnifiedServiceManager: Thread Pool max thread count is 0. Cannot cache binder as linkToDeath cannot be implemented. serviceName: SurfaceFlingerAIDL
08-26 17:28:53.254 23503 23503 W libbinder.BpBinder: Linking to death on android.gui.ISurfaceComposer but there are no threads (yet?) listening to incoming transactions. See ProcessState::startThreadPool and ProcessState::setThreadPoolMaxThreadCount. Generally you should setup the binder threadpool before other initialization steps.
08-26 17:28:53.254 23503 23503 W libbinder.ProcessState: Extra binder thread started, but 0 threads requested. Do not use *startThreadPool when zero threads are requested.
08-26 17:28:53.264   492   534 W skia    : AGTM parsing failed flags.readFromStream(s) at 159
08-26 17:28:53.264   492   534 W skia    : AGTM parsing failed flags.readFromStream(s) at 159
08-26 17:28:53.264   492   534 W skia    : AGTM parsing failed flags.readFromStream(s) at 159
08-26 17:28:53.287 23503 23504 W libc    : Access denied finding property "vendor.mesa.virtgpu.kumquat"
08-26 17:28:53.453   517   517 I adbd    : adbd service requested 'shell,v2,TERM=dumb,raw:uiautomator dump /sdcard/jsabi-category.xml'
08-26 17:28:53.499 23505 23505 D AndroidRuntime: >>>>>> START com.android.internal.os.RuntimeInit uid 2000 <<<<<<
08-26 17:28:53.502 23505 23505 I AndroidRuntime: Using default boot image
08-26 17:28:53.502 23505 23505 I AndroidRuntime: Leaving lock profiling enabled
08-26 17:28:53.504 23505 23505 I app_process: Core platform API enforcement reporting only by runtime option
08-26 17:28:53.504 23505 23505 I app_process: Using generational CollectorTypeCMC GC.
08-26 17:28:53.565 23505 23505 D nativeloader: InitDefaultPublicLibraries for_preload=1: libandroid.so:libaaudio.so:libamidi.so:libbinder_ndk.so:libc.so:libcamera2ndk.so:libdl.so:libEGL.so:libGLESv1_CM.so:libGLESv2.so:libGLESv3.so:libicu.so:libicui18n.so:libicuuc.so:libjnigraphics.so:liblog.so:libmediandk.so:libm.so:libnativehelper.so:libnativewindow.so:libOpenMAXAL.so:libOpenSLES.so:libRS.so:libstdc++.so:libsync.so:libvulkan.so:libwebviewchromium_plat_support.so:libz.so
08-26 17:28:53.572 23505 23505 D nativeloader: Load libicu_jni.so using APEX ns com_android_art for caller /apex/com.android.art/javalib/core-oj.jar: ok
08-26 17:28:53.572 23505 23505 D app_process: u_setTimeZoneFilesDirectory("/apex/com.android.tzdata/etc/tz/versioned/10/icu") succeeded. 
08-26 17:28:53.572 23505 23505 D app_process: I18n APEX ICU file found: /apex/com.android.i18n/etc/icu/icudt78l.dat
08-26 17:28:53.573 23505 23505 D nativeloader: Load libjavacore.so using APEX ns com_android_art for caller /apex/com.android.art/javalib/core-oj.jar: ok
08-26 17:28:53.573 23505 23505 D nativeloader: Load libopenjdk.so using APEX ns com_android_art for caller /apex/com.android.art/javalib/core-oj.jar: ok
08-26 17:28:53.574 23505 23505 I app_process: Priority-to-niceness mapping: 19, 16, 13, 10, 0, -2, -4, -5, -6, -8
08-26 17:28:53.576 23505 23505 W app_process: ClassLoaderContext shared library size mismatch. Expected=2, found=0 (PCL[]{PCL[/system/framework/android.test.base.jar*1579129895]#PCL[/system/framework/android.test.mock.jar*1147775851]} | PCL[])
08-26 17:28:53.577 23505 23505 W app_process: ClassLoaderContext classpath size mismatch. expected=0, found=1 (PCL[]{PCL[/system/framework/android.test.runner.jar*2652887513]{PCL[/system/framework/android.test.base.jar*1579129895]#PCL[/system/framework/android.test.mock.jar*1147775851]}#PCL[/system/framework/android.test.base.jar*1579129895]} | PCL[/system/framework/android.test.runner.jar*2652887513])
08-26 17:28:53.596 23505 23505 D nativeloader: Load libframework-connectivity-tiramisu-jni.so using APEX ns com_android_tethering for caller /apex/com.android.tethering/javalib/framework-connectivity-t.jar: ok
08-26 17:28:53.596 23505 23505 D AndroidRuntime: Calling main entry com.android.commands.uiautomator.Launcher
08-26 17:28:53.599 23505 23505 I AconfigPackage: android.media.swcodec.flags is mapped to com.android.media.swcodec
08-26 17:28:53.599 23505 23505 I AconfigPackage: com.android.permission.flags is mapped to com.android.permission
08-26 17:28:53.600 23505 23505 I AconfigPackage: com.android.permissioncontroller.flags is mapped to com.android.permission
08-26 17:28:53.600 23505 23505 I AconfigPackage: com.google.android.widevine.flags is mapped to com.google.android.widevine
08-26 17:28:53.600 23505 23505 I AconfigPackage: com.android.icu is mapped to com.android.i18n
08-26 17:28:53.600 23505 23505 I AconfigPackage: com.android.appsearch.flags is mapped to com.android.appsearch
08-26 17:28:53.600 23505 23505 I AconfigPackage: com.android.uprobestats.flags is mapped to com.android.uprobestats
08-26 17:28:53.600 23505 23505 I AconfigPackage: android.uprobestats.mainline.flags is mapped to com.android.uprobestats
08-26 17:28:53.600 23505 23505 I AconfigPackage: com.android.crashrecovery.flags is mapped to com.android.crashrecovery
08-26 17:28:53.600 23505 23505 I AconfigPackage: android.provider.flags is mapped to com.android.configinfrastructure
08-26 17:28:53.600 23505 23505 I AconfigPackage: com.android.server.deviceconfig is mapped to com.android.configinfrastructure
08-26 17:28:53.600 23505 23505 I AconfigPackage: com.android.art.flags is mapped to com.android.art
08-26 17:28:53.600 23505 23505 I AconfigPackage: com.android.art.rw.flags is mapped to com.android.art
08-26 17:28:53.600 23505 23505 I AconfigPackage: com.android.libcore is mapped to com.android.art
08-26 17:28:53.600 23505 23505 I AconfigPackage: android.telecom.flags is mapped to com.android.telephonycore
08-26 17:28:53.600 23505 23505 I AconfigPackage: com.android.internal.telecom.flags is mapped to com.android.telephonycore
08-26 17:28:53.600 23505 23505 I AconfigPackage: com.android.telephony.flags is mapped to com.android.telephonycore
08-26 17:28:53.601 23505 23505 I AconfigPackage: com.android.media.extractor.flags is mapped to com.android.media
08-26 17:28:53.601 23505 23505 I AconfigPackage: com.android.media.metrics.flags is mapped to com.android.media
08-26 17:28:53.601 23505 23505 I AconfigPackage: com.android.media.mainline.flags is mapped to com.android.media
08-26 17:28:53.601 23505 23505 I AconfigPackage: com.android.wifi.flags is mapped to com.android.wifi
08-26 17:28:53.601 23505 23505 I AconfigPackage: com.android.org.conscrypt.flags is mapped to com.android.conscrypt
08-26 17:28:53.601 23505 23505 I AconfigPackage: com.android.org.conscrypt.net.flags is mapped to com.android.conscrypt
08-26 17:28:53.601 23505 23505 I AconfigPackage: com.android.healthfitness.flags is mapped to com.android.healthfitness
08-26 17:28:53.601 23505 23505 I AconfigPackage: com.android.healthfitness.beta is mapped to com.android.healthfitness
08-26 17:28:53.601 23505 23505 I AconfigPackage: com.android.ipsec.flags is mapped to com.android.ipsec
08-26 17:28:53.601 23505 23505 I AconfigPackage: com.android.nfc.module.flags is mapped to com.android.nfcservices
08-26 17:28:53.601 23505 23505 I AconfigPackage: com.android.nfc.module.nonexported.flags is mapped to com.android.nfcservices
08-26 17:28:53.601 23505 23505 I AconfigPackage: com.android.adservices.ondevicepersonalization.flags is mapped to com.android.ondevicepersonalization
08-26 17:28:53.601 23505 23505 I AconfigPackage: com.android.scheduling.flags is mapped to com.android.scheduling
08-26 17:28:53.601 23505 23505 I AconfigPackage: com.android.adbd.flags is mapped to com.android.adbd
08-26 17:28:53.601 23505 23505 I AconfigPackage: com.android.bluetooth.beta.flags is mapped to com.android.bt
08-26 17:28:53.601 23505 23505 I AconfigPackage: com.android.bluetooth.flags is mapped to com.android.bt
08-26 17:28:53.601 23505 23505 I AconfigPackage: com.android.devicelock.flags is mapped to com.android.devicelock
08-26 17:28:53.602 23505 23505 I AconfigPackage: android.os.profiling is mapped to com.android.profiling
08-26 17:28:53.602 23505 23505 I AconfigPackage: android.os.profiling.anomaly.beta.flags is mapped to com.android.profiling
08-26 17:28:53.602 23505 23505 I AconfigPackage: android.os.profiling.anomaly.flags is mapped to com.android.profiling
08-26 17:28:53.602 23505 23505 I AconfigPackage: com.android.os.statsd.flags is mapped to com.android.os.statsd
08-26 17:28:53.602 23505 23505 I AconfigPackage: com.android.webapp.flags is mapped to com.android.webapp
08-26 17:28:53.602 23505 23505 I AconfigPackage: com.android.rkpd.flags is mapped to com.android.rkpd
08-26 17:28:53.602 23505 23505 I AconfigPackage: com.android.cellbroadcastreceiver.flags is mapped to com.android.cellbroadcast
08-26 17:28:53.602 23505 23505 I AconfigPackage: com.android.adservices.flags is mapped to com.android.adservices
08-26 17:28:53.602 23505 23505 I AconfigPackage: com.android.sdksandbox.flags is mapped to com.android.adservices
08-26 17:28:53.602 23505 23505 I AconfigPackage: android.app.sdksandbox.flags is mapped to com.android.adservices
08-26 17:28:53.602 23505 23505 I AconfigPackage: com.android.uwb.flags is mapped to com.android.uwb
08-26 17:28:53.602 23505 23505 I AconfigPackage: com.android.ranging.flags is mapped to com.android.uwb
08-26 17:28:53.602 23505 23505 I AconfigPackage: com.android.npumanager is mapped to com.android.npumanager
08-26 17:28:53.602 23505 23505 I AconfigPackage: com.android.signature.flags is mapped to com.android.mediaprovider
08-26 17:28:53.602 23505 23505 I AconfigPackage: com.android.providers.media.flags is mapped to com.android.mediaprovider
08-26 17:28:53.602 23505 23505 I AconfigPackage: android.graphics.pdf.flags is mapped to com.android.mediaprovider
08-26 17:28:53.602 23505 23505 I AconfigPackage: android.graphics.pdf.flags.readonly is mapped to com.android.mediaprovider
08-26 17:28:53.602 23505 23505 I AconfigPackage: com.android.tethering.mainline.beta is mapped to com.android.tethering
08-26 17:28:53.602 23505 23505 I AconfigPackage: android.net.http is mapped to com.android.tethering
08-26 17:28:53.602 23505 23505 I AconfigPackage: com.android.tethering.readonly.flags is mapped to com.android.tethering
08-26 17:28:53.602 23505 23505 I AconfigPackage: android.net.vcn is mapped to com.android.tethering
08-26 17:28:53.602 23505 23505 I AconfigPackage: com.android.net.flags is mapped to com.android.tethering
08-26 17:28:53.602 23505 23505 I AconfigPackage: com.android.tethering.flags is mapped to com.android.tethering
08-26 17:28:53.602 23505 23505 I AconfigPackage: com.android.tethering.beta.test is mapped to com.android.tethering
08-26 17:28:53.602 23505 23505 I AconfigPackage: com.android.nearby.flags is mapped to com.android.tethering
08-26 17:28:53.602 23505 23505 I AconfigPackage: com.android.net.thread.flags is mapped to com.android.tethering
08-26 17:28:53.602 23505 23505 I AconfigPackage: android.net.http.flags is mapped to com.android.tethering
08-26 17:28:53.602 23505 23505 I AconfigPackage: com.android.system.virtualmachine.flags is mapped to com.android.virt
08-26 17:28:53.602 23505 23505 E FeatureFlagsImplExport: android.os.flagging.AconfigStorageReadException: ERROR_PACKAGE_NOT_FOUND: package android.xr cannot be found on the device
08-26 17:28:53.604 23505 23505 D UiAutomationConnection: Created on user UserHandle{0}
08-26 17:28:53.604 23505 23505 I UiAutomation: Initialized for user 0 on display 0
08-26 17:28:53.604 23505 23505 W UiAutomation: Created with deprecatead constructor, assumes DEFAULT_DISPLAY
--------- beginning of system
08-26 17:28:53.605   657   925 D AccessibilityManagerService: changeCurrentUserForTestAutomationIfNeededLocked(0): ignoring because device doesn't support visible background users
08-26 17:28:53.606   657   925 I UiAutomationManager: Registering UiTestAutomationService (id=com.android.server.accessibility/UiAutomation, flags=0x0) when called by user 0
08-26 17:28:53.606   657   925 V AccessibilityManagerService: onUserStateChangedLocked for userId: 0, forceUpdate: false
08-26 17:28:53.608   657   925 V AccessibilityUserState: updateShortcutTargets: type:accessibility_shortcut_target_service, current:{}, new:{}
08-26 17:28:53.609   657   925 V AccessibilityUserState: updateShortcutTargets: type:accessibility_button_targets, current:{}, new:{}
08-26 17:28:53.609   657   925 V AccessibilityUserState: updateShortcutTargets: type:accessibility_gesture_targets, current:{}, new:{}
08-26 17:28:53.609   657   925 V AccessibilityUserState: updateShortcutTargets: type:accessibility_qs_targets, current:{}, new:{}
08-26 17:28:53.609   657   925 V AccessibilityUserState: updateShortcutTargets: type:accessibility_key_gesture_targets, current:{}, new:{}
08-26 17:28:53.609   657   925 V AccessibilityUserState: updateShortcutTargets: type:accessibility_top_row_key_targets, current:{}, new:{}
08-26 17:28:53.609   657   925 V AccessibilityUserState: updateShortcutTargets: type:accessibility_quick_access_targets, current:{}, new:{}
08-26 17:28:53.609   657   925 W MagnificationConnectionManager: requestConnection duplicated request: connect=false, mConnectionState=DISCONNECTED
08-26 17:28:53.611   657   657 W libbinder.IPCThreadState: Sending oneway calls to frozen process.
08-26 17:28:53.611   657   657 W libbinder.IPCThreadState: Sending oneway calls to frozen process.
08-26 17:28:53.611   657   657 W libbinder.IPCThreadState: Sending oneway calls to frozen process.
08-26 17:28:53.611   657   657 W libbinder.IPCThreadState: Sending oneway calls to frozen process.
08-26 17:28:53.612   657   657 W libbinder.IPCThreadState: Sending oneway calls to frozen process.
08-26 17:28:53.612   657   657 W libbinder.IPCThreadState: Sending oneway calls to frozen process.
08-26 17:28:53.612   657   657 W libbinder.IPCThreadState: Sending oneway calls to frozen process.
08-26 17:28:53.612   657   657 W libbinder.IPCThreadState: Sending oneway calls to frozen process.
08-26 17:28:53.612   657   657 W libbinder.IPCThreadState: Sending oneway calls to frozen process.
08-26 17:28:53.613   657   657 W libbinder.IPCThreadState: Sending oneway calls to frozen process.
08-26 17:28:53.613   657   657 W libbinder.IPCThreadState: Sending oneway calls to frozen process.
08-26 17:28:53.613   657   657 W libbinder.IPCThreadState: Sending oneway calls to frozen process.
08-26 17:28:53.613   657   657 W libbinder.IPCThreadState: Sending oneway calls to frozen process.
08-26 17:28:53.613  1777  1810 I AiAiEcho: Settings changed for uri: content://settings/secure/accessibility_enabled
08-26 17:28:53.614   492   492 W skia    : AGTM parsing failed flags.readFromStream(s) at 159
08-26 17:28:53.614   492   492 W skia    : AGTM parsing failed flags.readFromStream(s) at 159
08-26 17:28:53.614   492   492 W skia    : AGTM parsing failed flags.readFromStream(s) at 159
08-26 17:28:53.614   492   492 W skia    : AGTM parsing failed flags.readFromStream(s) at 159
08-26 17:28:53.614   492   492 W skia    : AGTM parsing failed flags.readFromStream(s) at 159
08-26 17:28:53.615   657   925 V AccessibilityManagerService: onUserStateChangedLocked for userId: 0, forceUpdate: false
08-26 17:28:53.620   657   657 W libbinder.IPCThreadState: Sending oneway calls to frozen process.
08-26 17:28:53.620   492   534 W skia    : AGTM parsing failed flags.readFromStream(s) at 159
08-26 17:28:53.623   657   925 V AccessibilityUserState: updateShortcutTargets: type:accessibility_shortcut_target_service, current:{}, new:{}
08-26 17:28:53.623   657   925 V AccessibilityUserState: updateShortcutTargets: type:accessibility_button_targets, current:{}, new:{}
08-26 17:28:53.623   657   925 V AccessibilityUserState: updateShortcutTargets: type:accessibility_gesture_targets, current:{}, new:{}
08-26 17:28:53.623   657   925 V AccessibilityUserState: updateShortcutTargets: type:accessibility_qs_targets, current:{}, new:{}
08-26 17:28:53.623   657   925 V AccessibilityUserState: updateShortcutTargets: type:accessibility_key_gesture_targets, current:{}, new:{}
08-26 17:28:53.623   657   925 V AccessibilityUserState: updateShortcutTargets: type:accessibility_top_row_key_targets, current:{}, new:{}
08-26 17:28:53.623   657   925 V AccessibilityUserState: updateShortcutTargets: type:accessibility_quick_access_targets, current:{}, new:{}
08-26 17:28:53.623   657   925 W MagnificationConnectionManager: requestConnection duplicated request: connect=false, mConnectionState=DISCONNECTED
08-26 17:28:53.624   657   657 W libbinder.IPCThreadState: Sending oneway calls to frozen process.
08-26 17:28:53.624   657   657 W libbinder.IPCThreadState: Sending oneway calls to frozen process.
08-26 17:28:53.624   657   657 W libbinder.IPCThreadState: Sending oneway calls to frozen process.
08-26 17:28:53.624   657   657 W libbinder.IPCThreadState: Sending oneway calls to frozen process.
08-26 17:28:53.641  1777  1991 I AiAiEcho: Predicting[0]:  [CONTEXT sampling_count=5 ]
08-26 17:28:53.641  1777  1991 I AiAiEcho: EchoTargets: 
08-26 17:28:53.641  1777  1991 I AiAiEcho: Filtered by AiAi flag check: 
08-26 17:28:53.641  1777  1991 I AiAiEcho: [CONTEXT ratelimit_period="10 SECONDS" ]
08-26 17:28:53.642  1777  1991 I AiAiEcho: #remoteViewsTwiddler: feature disabled.
08-26 17:28:53.642  1777  1991 I AiAiEcho: #postPredictionTargets: Sending updates to UISurface home with targets# 0 (types=[])
08-26 17:28:53.643   657   657 W libbinder.IPCThreadState: Sending oneway calls to frozen process.
08-26 17:28:53.643   657   657 W libbinder.IPCThreadState: Sending oneway calls to frozen process.
08-26 17:28:53.643   657   657 W libbinder.IPCThreadState: Sending oneway calls to frozen process.
08-26 17:28:53.643   657   657 W libbinder.IPCThreadState: Sending oneway calls to frozen process.
08-26 17:28:53.643   657   657 W libbinder.IPCThreadState: Sending oneway calls to frozen process.
08-26 17:28:53.643   657   657 W libbinder.IPCThreadState: Sending oneway calls to frozen process.
08-26 17:28:53.643   657   657 W libbinder.IPCThreadState: Sending oneway calls to frozen process.
08-26 17:28:53.643   657   657 W libbinder.IPCThreadState: Sending oneway calls to frozen process.
08-26 17:28:53.643   657   657 W libbinder.IPCThreadState: Sending oneway calls to frozen process.
08-26 17:28:53.643   657   657 W libbinder.IPCThreadState: Sending oneway calls to frozen process.
08-26 17:28:53.643   657   657 W libbinder.IPCThreadState: Sending oneway calls to frozen process.
08-26 17:28:53.643   657   657 W libbinder.IPCThreadState: Sending oneway calls to frozen process.
08-26 17:28:53.643   657   657 W libbinder.IPCThreadState: Sending oneway calls to frozen process.
08-26 17:28:53.643   657   657 W libbinder.IPCThreadState: Sending oneway calls to frozen process.
08-26 17:28:53.643   657   657 W libbinder.IPCThreadState: Sending oneway calls to frozen process.
08-26 17:28:53.643   657   657 W libbinder.IPCThreadState: Sending oneway calls to frozen process.
08-26 17:28:53.643   657   657 W libbinder.IPCThreadState: Sending oneway calls to frozen process.
08-26 17:28:53.643   657   657 D BatterySaverPolicy: accessibility changed to true, updating policy.
08-26 17:28:53.653  1777  8086 I AiAiEcho: Settings changed for uri: content://settings/secure/accessibility_enabled
08-26 17:28:53.654  1777  1991 I AiAiEcho: Predicting[0]:  [CONTEXT sampling_count=5 ]
08-26 17:28:53.654  1777  1991 I AiAiEcho: EchoTargets: 
08-26 17:28:53.654  1777  1991 I AiAiEcho: Filtered by AiAi flag check: 
08-26 17:28:53.654  1777  1991 I AiAiEcho: [CONTEXT ratelimit_period="10 SECONDS" ]
08-26 17:28:53.654  1777  1991 I AiAiEcho: #remoteViewsTwiddler: feature disabled.
08-26 17:28:53.654  1777  1991 I AiAiEcho: #postPredictionTargets: Sending updates to UISurface home with targets# 0 (types=[])
08-26 17:28:53.661   657   670 D AccessibilityManagerService: .getAccessibilityShortcutTargets {shortcutType=32, userId=0}
08-26 17:28:53.663   492   492 W skia    : AGTM parsing failed flags.readFromStream(s) at 159
08-26 17:28:53.663   492   492 W skia    : AGTM parsing failed flags.readFromStream(s) at 159
08-26 17:28:53.663   492   492 W skia    : AGTM parsing failed flags.readFromStream(s) at 159
08-26 17:28:53.663   492   492 W skia    : AGTM parsing failed flags.readFromStream(s) at 159
08-26 17:28:53.663   492   492 W skia    : AGTM parsing failed flags.readFromStream(s) at 159
08-26 17:28:53.727   492   534 W skia    : AGTM parsing failed flags.readFromStream(s) at 159
08-26 17:28:54.683  1725  1893 W MediaProvider: isAppCloneUserPair for user 0: false
08-26 17:28:54.711 23505 23505 I AccessibilityNodeInfoDumper: Skipping invisible child: android.view.accessibility.AccessibilityNodeInfo@138cf; boundsInParent: Rect(0, 0 - 549, 45); boundsInScreen: Rect(291, 2484 - 840, 2460); boundsInWindow: Rect(291, 2484 - 840, 2460); packageName: dev.quickapp.kit.android; className: android.widget.TextView; text: 出行 / 热卖; error: null; maxTextLength: -1; stateDescription: null; contentDescription: null; tooltipText: null; containerTitle: null; viewIdResName: null; uniqueId: null; checkable: false; checked: false; focusable: false; focused: false; selected: false; clickable: false; longClickable: false; contextClickable: false; enabled: true; password: false; scrollable: false; granularScrollingSupported: false; importantForAccessibility: true; visible: false; actions: [AccessibilityAction: ACTION_SELECT - null, AccessibilityAction: ACTION_CLEAR_SELECTION - null, AccessibilityAction: ACTION_ACCESSIBILITY_FOCUS - null, AccessibilityAction: ACTION_NEXT_AT_MOVEMENT_GRANULARITY - null, AccessibilityAction: ACTION_PREVIOUS_AT_MOVEMENT_GRANULARITY - null, AccessibilityAction: ACTION_SET_SELECTION - null, AccessibilityAction: ACTION_SHOW_ON_SCREEN - null]; isTextSelectable: false
08-26 17:28:54.711 23505 23505 I AccessibilityNodeInfoDumper: Skipping invisible child: android.view.accessibility.AccessibilityNodeInfo@13c90; boundsInParent: Rect(0, 0 - 549, 45); boundsInScreen: Rect(291, 2529 - 840, 2460); boundsInWindow: Rect(291, 2529 - 840, 2460); packageName: dev.quickapp.kit.android; className: android.widget.TextView; text: 239 元; error: null; maxTextLength: -1; stateDescription: null; contentDescription: null; tooltipText: null; containerTitle: null; viewIdResName: null; uniqueId: null; checkable: false; checked: false; focusable: false; focused: false; selected: false; clickable: false; longClickable: false; contextClickable: false; enabled: true; password: false; scrollable: false; granularScrollingSupported: false; importantForAccessibility: true; visible: false; actions: [AccessibilityAction: ACTION_SELECT - null, AccessibilityAction: ACTION_CLEAR_SELECTION - null, AccessibilityAction: ACTION_ACCESSIBILITY_FOCUS - null, AccessibilityAction: ACTION_NEXT_AT_MOVEMENT_GRANULARITY - null, AccessibilityAction: ACTION_PREVIOUS_AT_MOVEMENT_GRANULARITY - null, AccessibilityAction: ACTION_SET_SELECTION - null, AccessibilityAction: ACTION_SHOW_ON_SCREEN - null]; isTextSelectable: false
08-26 17:28:54.714 23505 23505 I AccessibilityNodeInfoDumper: Skipping invisible child: android.view.accessibility.AccessibilityNodeInfo@14412; boundsInParent: Rect(0, 0 - 1209, 336); boundsInScreen: Rect(36, 2694 - 1245, 2460); boundsInWindow: Rect(36, 2694 - 1245, 2460); packageName: dev.quickapp.kit.android; className: android.widget.FrameLayout; text: null; error: null; maxTextLength: -1; stateDescription: null; contentDescription: null; tooltipText: null; containerTitle: null; viewIdResName: null; uniqueId: null; checkable: false; checked: false; focusable: false; focused: false; selected: false; clickable: false; longClickable: false; contextClickable: false; enabled: true; password: false; scrollable: false; granularScrollingSupported: false; importantForAccessibility: false; visible: false; actions: [AccessibilityAction: ACTION_SELECT - null, AccessibilityAction: ACTION_CLEAR_SELECTION - null, AccessibilityAction: ACTION_ACCESSIBILITY_FOCUS - null, AccessibilityAction: ACTION_SHOW_ON_SCREEN - null]; isTextSelectable: false
08-26 17:28:54.714 23505 23505 I AccessibilityNodeInfoDumper: Skipping invisible child: android.view.accessibility.AccessibilityNodeInfo@15e59; boundsInParent: Rect(0, 0 - 1209, 336); boundsInScreen: Rect(36, 3054 - 1245, 2460); boundsInWindow: Rect(36, 3054 - 1245, 2460); packageName: dev.quickapp.kit.android; className: android.widget.FrameLayout; text: null; error: null; maxTextLength: -1; stateDescription: null; contentDescription: null; tooltipText: null; containerTitle: null; viewIdResName: null; uniqueId: null; checkable: false; checked: false; focusable: false; focused: false; selected: false; clickable: false; longClickable: false; contextClickable: false; enabled: true; password: false; scrollable: false; granularScrollingSupported: false; importantForAccessibility: false; visible: false; actions: [AccessibilityAction: ACTION_SELECT - null, AccessibilityAction: ACTION_CLEAR_SELECTION - null, AccessibilityAction: ACTION_ACCESSIBILITY_FOCUS - null, AccessibilityAction: ACTION_SHOW_ON_SCREEN - null]; isTextSelectable: false
08-26 17:28:54.714 23505 23505 I AccessibilityNodeInfoDumper: Skipping invisible child: android.view.accessibility.AccessibilityNodeInfo@178a0; boundsInParent: Rect(0, 0 - 1209, 336); boundsInScreen: Rect(36, 3414 - 1245, 2460); boundsInWindow: Rect(36, 3414 - 1245, 2460); packageName: dev.quickapp.kit.android; className: android.widget.FrameLayout; text: null; error: null; maxTextLength: -1; stateDescription: null; contentDescription: null; tooltipText: null; containerTitle: null; viewIdResName: null; uniqueId: null; checkable: false; checked: false; focusable: false; focused: false; selected: false; clickable: false; longClickable: false; contextClickable: false; enabled: true; password: false; scrollable: false; granularScrollingSupported: false; importantForAccessibility: false; visible: false; actions: [AccessibilityAction: ACTION_SELECT - null, AccessibilityAction: ACTION_CLEAR_SELECTION - null, AccessibilityAction: ACTION_ACCESSIBILITY_FOCUS - null, AccessibilityAction: ACTION_SHOW_ON_SCREEN - null]; isTextSelectable: false
08-26 17:28:54.714 23505 23505 I AccessibilityNodeInfoDumper: Skipping invisible child: android.view.accessibility.AccessibilityNodeInfo@192e7; boundsInParent: Rect(0, 0 - 1209, 336); boundsInScreen: Rect(36, 3774 - 1245, 2460); boundsInWindow: Rect(36, 3774 - 1245, 2460); packageName: dev.quickapp.kit.android; className: android.widget.FrameLayout; text: null; error: null; maxTextLength: -1; stateDescription: null; contentDescription: null; tooltipText: null; containerTitle: null; viewIdResName: null; uniqueId: null; checkable: false; checked: false; focusable: false; focused: false; selected: false; clickable: false; longClickable: false; contextClickable: false; enabled: true; password: false; scrollable: false; granularScrollingSupported: false; importantForAccessibility: false; visible: false; actions: [AccessibilityAction: ACTION_SELECT - null, AccessibilityAction: ACTION_CLEAR_SELECTION - null, AccessibilityAction: ACTION_ACCESSIBILITY_FOCUS - null, AccessibilityAction: ACTION_SHOW_ON_SCREEN - null]; isTextSelectable: false
08-26 17:28:54.714 23505 23505 I AccessibilityNodeInfoDumper: Skipping invisible child: android.view.accessibility.AccessibilityNodeInfo@1ad2e; boundsInParent: Rect(0, 0 - 1209, 336); boundsInScreen: Rect(36, 4134 - 1245, 2460); boundsInWindow: Rect(36, 4134 - 1245, 2460); packageName: dev.quickapp.kit.android; className: android.widget.FrameLayout; text: null; error: null; maxTextLength: -1; stateDescription: null; contentDescription: null; tooltipText: null; containerTitle: null; viewIdResName: null; uniqueId: null; checkable: false; checked: false; focusable: false; focused: false; selected: false; clickable: false; longClickable: false; contextClickable: false; enabled: true; password: false; scrollable: false; granularScrollingSupported: false; importantForAccessibility: false; visible: false; actions: [AccessibilityAction: ACTION_SELECT - null, AccessibilityAction: ACTION_CLEAR_SELECTION - null, AccessibilityAction: ACTION_ACCESSIBILITY_FOCUS - null, AccessibilityAction: ACTION_SHOW_ON_SCREEN - null]; isTextSelectable: false
08-26 17:28:54.714 23505 23505 I AccessibilityNodeInfoDumper: Skipping invisible child: android.view.accessibility.AccessibilityNodeInfo@1c775; boundsInParent: Rect(0, 0 - 1209, 336); boundsInScreen: Rect(36, 4494 - 1245, 2460); boundsInWindow: Rect(36, 4494 - 1245, 2460); packageName: dev.quickapp.kit.android; className: android.widget.FrameLayout; text: null; error: null; maxTextLength: -1; stateDescription: null; contentDescription: null; tooltipText: null; containerTitle: null; viewIdResName: null; uniqueId: null; checkable: false; checked: false; focusable: false; focused: false; selected: false; clickable: false; longClickable: false; contextClickable: false; enabled: true; password: false; scrollable: false; granularScrollingSupported: false; importantForAccessibility: false; visible: false; actions: [AccessibilityAction: ACTION_SELECT - null, AccessibilityAction: ACTION_CLEAR_SELECTION - null, AccessibilityAction: ACTION_ACCESSIBILITY_FOCUS - null, AccessibilityAction: ACTION_SHOW_ON_SCREEN - null]; isTextSelectable: false
08-26 17:28:54.714 23505 23505 I AccessibilityNodeInfoDumper: Skipping invisible child: android.view.accessibility.AccessibilityNodeInfo@1e1bc; boundsInParent: Rect(0, 0 - 1209, 336); boundsInScreen: Rect(36, 4854 - 1245, 2460); boundsInWindow: Rect(36, 4854 - 1245, 2460); packageName: dev.quickapp.kit.android; className: android.widget.FrameLayout; text: null; error: null; maxTextLength: -1; stateDescription: null; contentDescription: null; tooltipText: null; containerTitle: null; viewIdResName: null; uniqueId: null; checkable: false; checked: false; focusable: false; focused: false; selected: false; clickable: false; longClickable: false; contextClickable: false; enabled: true; password: false; scrollable: false; granularScrollingSupported: false; importantForAccessibility: false; visible: false; actions: [AccessibilityAction: ACTION_SELECT - null, AccessibilityAction: ACTION_CLEAR_SELECTION - null, AccessibilityAction: ACTION_ACCESSIBILITY_FOCUS - null, AccessibilityAction: ACTION_SHOW_ON_SCREEN - null]; isTextSelectable: false
08-26 17:28:54.714 23505 23505 I AccessibilityNodeInfoDumper: Skipping invisible child: android.view.accessibility.AccessibilityNodeInfo@1fc03; boundsInParent: Rect(0, 0 - 1209, 336); boundsInScreen: Rect(36, 5214 - 1245, 2460); boundsInWindow: Rect(36, 5214 - 1245, 2460); packageName: dev.quickapp.kit.android; className: android.widget.FrameLayout; text: null; error: null; maxTextLength: -1; stateDescription: null; contentDescription: null; tooltipText: null; containerTitle: null; viewIdResName: null; uniqueId: null; checkable: false; checked: false; focusable: false; focused: false; selected: false; clickable: false; longClickable: false; contextClickable: false; enabled: true; password: false; scrollable: false; granularScrollingSupported: false; importantForAccessibility: false; visible: false; actions: [AccessibilityAction: ACTION_SELECT - null, AccessibilityAction: ACTION_CLEAR_SELECTION - null, AccessibilityAction: ACTION_ACCESSIBILITY_FOCUS - null, AccessibilityAction: ACTION_SHOW_ON_SCREEN - null]; isTextSelectable: false
08-26 17:28:54.714 23505 23505 I AccessibilityNodeInfoDumper: Skipping invisible child: android.view.accessibility.AccessibilityNodeInfo@2164a; boundsInParent: Rect(0, 0 - 1209, 336); boundsInScreen: Rect(36, 5574 - 1245, 2460); boundsInWindow: Rect(36, 5574 - 1245, 2460); packageName: dev.quickapp.kit.android; className: android.widget.FrameLayout; text: null; error: null; maxTextLength: -1; stateDescription: null; contentDescription: null; tooltipText: null; containerTitle: null; viewIdResName: null; uniqueId: null; checkable: false; checked: false; focusable: false; focused: false; selected: false; clickable: false; longClickable: false; contextClickable: false; enabled: true; password: false; scrollable: false; granularScrollingSupported: false; importantForAccessibility: false; visible: false; actions: [AccessibilityAction: ACTION_SELECT - null, AccessibilityAction: ACTION_CLEAR_SELECTION - null, AccessibilityAction: ACTION_ACCESSIBILITY_FOCUS - null, AccessibilityAction: ACTION_SHOW_ON_SCREEN - null]; isTextSelectable: false
08-26 17:28:54.714 23505 23505 I AccessibilityNodeInfoDumper: Skipping invisible child: android.view.accessibility.AccessibilityNodeInfo@23091; boundsInParent: Rect(0, 0 - 1209, 336); boundsInScreen: Rect(36, 5934 - 1245, 2460); boundsInWindow: Rect(36, 5934 - 1245, 2460); packageName: dev.quickapp.kit.android; className: android.widget.FrameLayout; text: null; error: null; maxTextLength: -1; stateDescription: null; contentDescription: null; tooltipText: null; containerTitle: null; viewIdResName: null; uniqueId: null; checkable: false; checked: false; focusable: false; focused: false; selected: false; clickable: false; longClickable: false; contextClickable: false; enabled: true; password: false; scrollable: false; granularScrollingSupported: false; importantForAccessibility: false; visible: false; actions: [AccessibilityAction: ACTION_SELECT - null, AccessibilityAction: ACTION_CLEAR_SELECTION - null, AccessibilityAction: ACTION_ACCESSIBILITY_FOCUS - null, AccessibilityAction: ACTION_SHOW_ON_SCREEN - null]; isTextSelectable: false
08-26 17:28:54.714 23505 23505 I AccessibilityNodeInfoDumper: Skipping invisible child: android.view.accessibility.AccessibilityNodeInfo@24ad8; boundsInParent: Rect(0, 0 - 1209, 336); boundsInScreen: Rect(36, 6294 - 1245, 2460); boundsInWindow: Rect(36, 6294 - 1245, 2460); packageName: dev.quickapp.kit.android; className: android.widget.FrameLayout; text: null; error: null; maxTextLength: -1; stateDescription: null; contentDescription: null; tooltipText: null; containerTitle: null; viewIdResName: null; uniqueId: null; checkable: false; checked: false; focusable: false; focused: false; selected: false; clickable: false; longClickable: false; contextClickable: false; enabled: true; password: false; scrollable: false; granularScrollingSupported: false; importantForAccessibility: false; visible: false; actions: [AccessibilityAction: ACTION_SELECT - null, AccessibilityAction: ACTION_CLEAR_SELECTION - null, AccessibilityAction: ACTION_ACCESSIBILITY_FOCUS - null, AccessibilityAction: ACTION_SHOW_ON_SCREEN - null]; isTextSelectable: false
08-26 17:28:54.714 23505 23505 I AccessibilityNodeInfoDumper: Skipping invisible child: android.view.accessibility.AccessibilityNodeInfo@2651f; boundsInParent: Rect(0, 0 - 1209, 336); boundsInScreen: Rect(36, 6654 - 1245, 2460); boundsInWindow: Rect(36, 6654 - 1245, 2460); packageName: dev.quickapp.kit.android; className: android.widget.FrameLayout; text: null; error: null; maxTextLength: -1; stateDescription: null; contentDescription: null; tooltipText: null; containerTitle: null; viewIdResName: null; uniqueId: null; checkable: false; checked: false; focusable: false; focused: false; selected: false; clickable: false; longClickable: false; contextClickable: false; enabled: true; password: false; scrollable: false; granularScrollingSupported: false; importantForAccessibility: false; visible: false; actions: [AccessibilityAction: ACTION_SELECT - null, AccessibilityAction: ACTION_CLEAR_SELECTION - null, AccessibilityAction: ACTION_ACCESSIBILITY_FOCUS - null, AccessibilityAction: ACTION_SHOW_ON_SCREEN - null]; isTextSelectable: false
08-26 17:28:54.714 23505 23505 I AccessibilityNodeInfoDumper: Skipping invisible child: android.view.accessibility.AccessibilityNodeInfo@27f66; boundsInParent: Rect(0, 0 - 1209, 336); boundsInScreen: Rect(36, 7014 - 1245, 2460); boundsInWindow: Rect(36, 7014 - 1245, 2460); packageName: dev.quickapp.kit.android; className: android.widget.FrameLayout; text: null; error: null; maxTextLength: -1; stateDescription: null; contentDescription: null; tooltipText: null; containerTitle: null; viewIdResName: null; uniqueId: null; checkable: false; checked: false; focusable: false; focused: false; selected: false; clickable: false; longClickable: false; contextClickable: false; enabled: true; password: false; scrollable: false; granularScrollingSupported: false; importantForAccessibility: false; visible: false; actions: [AccessibilityAction: ACTION_SELECT - null, AccessibilityAction: ACTION_CLEAR_SELECTION - null, AccessibilityAction: ACTION_ACCESSIBILITY_FOCUS - null, AccessibilityAction: ACTION_SHOW_ON_SCREEN - null]; isTextSelectable: false
08-26 17:28:54.714 23505 23505 I AccessibilityNodeInfoDumper: Skipping invisible child: android.view.accessibility.AccessibilityNodeInfo@299ad; boundsInParent: Rect(0, 0 - 1209, 336); boundsInScreen: Rect(36, 7374 - 1245, 2460); boundsInWindow: Rect(36, 7374 - 1245, 2460); packageName: dev.quickapp.kit.android; className: android.widget.FrameLayout; text: null; error: null; maxTextLength: -1; stateDescription: null; contentDescription: null; tooltipText: null; containerTitle: null; viewIdResName: null; uniqueId: null; checkable: false; checked: false; focusable: false; focused: false; selected: false; clickable: false; longClickable: false; contextClickable: false; enabled: true; password: false; scrollable: false; granularScrollingSupported: false; importantForAccessibility: false; visible: false; actions: [AccessibilityAction: ACTION_SELECT - null, AccessibilityAction: ACTION_CLEAR_SELECTION - null, AccessibilityAction: ACTION_ACCESSIBILITY_FOCUS - null, AccessibilityAction: ACTION_SHOW_ON_SCREEN - null]; isTextSelectable: false
08-26 17:28:54.714 23505 23505 I AccessibilityNodeInfoDumper: Skipping invisible child: android.view.accessibility.AccessibilityNodeInfo@2b3f4; boundsInParent: Rect(0, 0 - 1209, 336); boundsInScreen: Rect(36, 7734 - 1245, 2460); boundsInWindow: Rect(36, 7734 - 1245, 2460); packageName: dev.quickapp.kit.android; className: android.widget.FrameLayout; text: null; error: null; maxTextLength: -1; stateDescription: null; contentDescription: null; tooltipText: null; containerTitle: null; viewIdResName: null; uniqueId: null; checkable: false; checked: false; focusable: false; focused: false; selected: false; clickable: false; longClickable: false; contextClickable: false; enabled: true; password: false; scrollable: false; granularScrollingSupported: false; importantForAccessibility: false; visible: false; actions: [AccessibilityAction: ACTION_SELECT - null, AccessibilityAction: ACTION_CLEAR_SELECTION - null, AccessibilityAction: ACTION_ACCESSIBILITY_FOCUS - null, AccessibilityAction: ACTION_SHOW_ON_SCREEN - null]; isTextSelectable: false
08-26 17:28:54.720 23505 23505 W AccessibilityNodeInfoDumper: Fetch time: 49ms
08-26 17:28:54.721   657  1942 V AccessibilityManagerService: onUserStateChangedLocked for userId: 0, forceUpdate: false
08-26 17:28:54.722   657  1942 V AccessibilityUserState: updateShortcutTargets: type:accessibility_shortcut_target_service, current:{}, new:{}
08-26 17:28:54.722   657  1942 V AccessibilityUserState: updateShortcutTargets: type:accessibility_button_targets, current:{}, new:{}
08-26 17:28:54.722   657  1942 V AccessibilityUserState: updateShortcutTargets: type:accessibility_gesture_targets, current:{}, new:{}
08-26 17:28:54.722   657  1942 V AccessibilityUserState: updateShortcutTargets: type:accessibility_qs_targets, current:{}, new:{}
08-26 17:28:54.722   657  1942 V AccessibilityUserState: updateShortcutTargets: type:accessibility_key_gesture_targets, current:{}, new:{}
08-26 17:28:54.722   657  1942 V AccessibilityUserState: updateShortcutTargets: type:accessibility_top_row_key_targets, current:{}, new:{}
08-26 17:28:54.722   657  1942 V AccessibilityUserState: updateShortcutTargets: type:accessibility_quick_access_targets, current:{}, new:{}
08-26 17:28:54.722   657  1942 W MagnificationConnectionManager: requestConnection duplicated request: connect=false, mConnectionState=DISCONNECTED
08-26 17:28:54.722   657  1942 D AccessibilityManagerService: restoreCurrentUserForTestAutomationIfNeededLocked(): ignoring because device doesn't support visible background users
08-26 17:28:54.723   657   657 W libbinder.IPCThreadState: Sending oneway calls to frozen process.
08-26 17:28:54.723   657   657 W libbinder.IPCThreadState: Sending oneway calls to frozen process.
08-26 17:28:54.723 23505 23505 D AndroidRuntime: Shutting down VM
08-26 17:28:54.723 23505 23518 W libbinder.IPCThreadState: call to talkWithDriver in joinThreadPool returned error: -9 (Bad file descriptor), FD: -1
08-26 17:28:54.723   657   657 W libbinder.IPCThreadState: Sending oneway calls to frozen process.
08-26 17:28:54.723 23505 23514 W libbinder.IPCThreadState: call to talkWithDriver in joinThreadPool returned error: -9 (Bad file descriptor), FD: -1
08-26 17:28:54.723   657   657 W libbinder.IPCThreadState: Sending oneway calls to frozen process.
08-26 17:28:54.723 23505 23515 W libbinder.IPCThreadState: call to talkWithDriver in joinThreadPool returned error: -9 (Bad file descriptor), FD: -1
08-26 17:28:54.724   657   657 W libbinder.IPCThreadState: Sending oneway calls to frozen process.
08-26 17:28:54.724   657   657 W libbinder.IPCThreadState: Sending oneway calls to frozen process.
08-26 17:28:54.724   657   657 W libbinder.IPCThreadState: Sending oneway calls to frozen process.
08-26 17:28:54.724   657   657 W libbinder.IPCThreadState: Sending oneway calls to frozen process.
08-26 17:28:54.724   657   657 W libbinder.IPCThreadState: Sending oneway calls to frozen process.
08-26 17:28:54.724   657   657 W libbinder.IPCThreadState: Sending oneway calls to frozen process.
08-26 17:28:54.724   657   657 W libbinder.IPCThreadState: Sending oneway calls to frozen process.
08-26 17:28:54.724   657   657 W libbinder.IPCThreadState: Sending oneway calls to frozen process.
08-26 17:28:54.724   657   657 W libbinder.IPCThreadState: Sending oneway calls to frozen process.
08-26 17:28:54.724   657   657 W libbinder.IPCThreadState: Sending oneway calls to frozen process.
08-26 17:28:54.724   657   657 W libbinder.IPCThreadState: Sending oneway calls to frozen process.
08-26 17:28:54.724   657   657 W libbinder.IPCThreadState: Sending oneway calls to frozen process.
08-26 17:28:54.724   657   657 W libbinder.IPCThreadState: Sending oneway calls to frozen process.
08-26 17:28:54.724   657   657 W libbinder.IPCThreadState: Sending oneway calls to frozen process.
08-26 17:28:54.724   657   657 W libbinder.IPCThreadState: Sending oneway calls to frozen process.
08-26 17:28:54.724   657   657 W libbinder.IPCThreadState: Sending oneway calls to frozen process.
08-26 17:28:54.724   657   657 W libbinder.IPCThreadState: Sending oneway calls to frozen process.
08-26 17:28:54.725   657   657 D BatterySaverPolicy: accessibility changed to false, updating policy.
08-26 17:28:54.725  1777  8087 I AiAiEcho: Settings changed for uri: content://settings/secure/accessibility_enabled
08-26 17:28:54.726  1777  1991 I AiAiEcho: Predicting[0]:  [CONTEXT sampling_count=5 ]
08-26 17:28:54.726  1777  1991 I AiAiEcho: EchoTargets: 
08-26 17:28:54.726  1777  1991 I AiAiEcho: Filtered by AiAi flag check: 
08-26 17:28:54.726  1777  1991 I AiAiEcho: [CONTEXT ratelimit_period="10 SECONDS" ]
08-26 17:28:54.726  1777  1991 I AiAiEcho: #remoteViewsTwiddler: feature disabled.
08-26 17:28:54.726  1777  1991 I AiAiEcho: #postPredictionTargets: Sending updates to UISurface home with targets# 0 (types=[])
08-26 17:28:54.730   492   492 W skia    : AGTM parsing failed flags.readFromStream(s) at 159
08-26 17:28:54.730   492   492 W skia    : AGTM parsing failed flags.readFromStream(s) at 159
08-26 17:28:54.730   492   492 W skia    : AGTM parsing failed flags.readFromStream(s) at 159
08-26 17:28:54.730   492   492 W skia    : AGTM parsing failed flags.readFromStream(s) at 159
08-26 17:28:54.730   492   492 W skia    : AGTM parsing failed flags.readFromStream(s) at 159
08-26 17:28:54.735   492   534 W skia    : AGTM parsing failed flags.readFromStream(s) at 159
08-26 17:28:54.763   492   492 W skia    : AGTM parsing failed flags.readFromStream(s) at 159
08-26 17:28:54.763   492   492 W skia    : AGTM parsing failed flags.readFromStream(s) at 159
08-26 17:28:54.763   492   492 W skia    : AGTM parsing failed flags.readFromStream(s) at 159
08-26 17:28:54.763   492   492 W skia    : AGTM parsing failed flags.readFromStream(s) at 159
08-26 17:28:54.763   492   492 W skia    : AGTM parsing failed flags.readFromStream(s) at 159
08-26 17:28:54.788   657  1495 D ActivityManager: sync unfroze 18438 com.google.android.gms for 6
08-26 17:28:54.796   492   492 W skia    : AGTM parsing failed flags.readFromStream(s) at 159
08-26 17:28:54.796   492   492 W skia    : AGTM parsing failed flags.readFromStream(s) at 159
08-26 17:28:54.796   492   492 W skia    : AGTM parsing failed flags.readFromStream(s) at 159
08-26 17:28:54.796   492   492 W skia    : AGTM parsing failed flags.readFromStream(s) at 159
08-26 17:28:54.796   492   492 W skia    : AGTM parsing failed flags.readFromStream(s) at 159
08-26 17:28:54.798   657  1495 W ProcessStats: Tracking association SourceState{f3da901 com.google.android.gms.persistent/10217 ImpBg #26021} whose proc state 6 is better than process ProcessState{66c077c com.google.android.gms/10217 pkg=com.google.android.gms} proc state 14 (0 skipped)
08-26 17:28:54.815 18438 18438 D BoundBrokerSvc: onUnbind: Intent { act=com.google.android.gms.common.BIND_SHARED_PREFS xflg=0x4 pkg=com.google.android.gms }
08-26 17:28:54.816  5147 23392 I NetworkScheduler.Stats: (REDACTED) Task %s/%s started execution. cause:%s exec_start_elapsed_seconds: %s
08-26 17:28:54.833   492   534 W skia    : AGTM parsing failed flags.readFromStream(s) at 159
08-26 17:28:54.838  5147 23248 I NetworkScheduler.Stats: (REDACTED) Task %s/%s finished executing. cause:%s result: %s elapsed_millis: %s uptime_millis: %s exec_start_elapsed_seconds: %s
08-26 17:28:54.840 18438 23519 I GmscoreIpa: Starting mediastore instant index [CONTEXT service_id=255 ]
08-26 17:28:55.207   438  2672 D android.hardware.audio@7.1-impl.ranchu: threadLoop: entering standby, frames: 15264640
08-26 17:28:55.208   438 23500 D android.hardware.audio@7.1-impl.ranchu: consumeThread: exiting
08-26 17:28:55.209   438  2672 D android.hardware.audio@7.1-impl.ranchu: ~TinyalsaSink: joining consumeThread
08-26 17:28:55.599   517   517 I adbd    : adbd service requested 'shell,v2,TERM=dumb,raw:cat /sdcard/jsabi-category.xml'
08-26 17:28:55.648   517   517 I adbd    : adbd service requested 'shell,v2,TERM=dumb,raw:input tap 791 2754'
08-26 17:28:55.665 23349 23349 I QuickAppKit: android.input.tabs.change surface=srf:1 node=node:8 index=2 value=购物车
08-26 17:28:55.665 23349 23349 I QuickAppKit: android.event.change.received surface=srf:1 node=node:8
08-26 17:28:55.665 23349 23424 I QuickAppKit: android.event.js_callback posted=1 error=
08-26 17:28:55.666 23349 23425 I QuickAppKit: android.event.handler_execute surface=srf:1 handler=hdl:3 dispatched=1
08-26 17:28:55.666 23349 23424 I QuickAppKit: android.event.change.dispatched=1
08-26 17:28:55.666   657   925 W AS.PlaybackActivityMon: No piid assigned for invalid/internal port id 16
08-26 17:28:55.666   657   756 W AS.PlaybackActivityMon: No piid assigned for invalid/internal port id 16
08-26 17:28:55.667   488   516 D AudioFlinger: mixer(0xb40078b88a03b790) throttle end: throttle time(43)
08-26 17:28:55.674  1095  1243 E SatelliteController: isSatelliteEnabled: mIsSatelliteEnabled=null
08-26 17:28:55.674  1095  1243 D SatelliteController: isInCarrierRoamingNbIotNtn: satellite is disabled
08-26 17:28:55.674  1095  1243 D SatelliteController: getCarrierRoamingNtnConnectType: Checking connect type from PLMN config for subId: 1
08-26 17:28:55.674  1095  1243 D TelephonyConfigUpdateInstallReceiver: getConfigParser: domain=satellite
08-26 17:28:55.674  1095  1243 V SatelliteController: satelliteConfigParser is not ready
08-26 17:28:55.674  1095  1243 D SatelliteController: isSatelliteAttachSupportedViaConfigupdater: return null (satelliteConfig is null)
08-26 17:28:55.676   657  1495 W libbinder.IPCThreadState: Sending oneway calls to frozen process.
08-26 17:28:55.677  1095  1243 D SatelliteController: getConfigForSubId: subId= 1, config= PersistableBundle[{satellite_esos_supported_bool=false, satellite_connection_hysteresis_sec_int=180, satellite_supported_disaster_plmn_string_array=[], regional_satellite_earfcn_bundle=PersistableBundle[{}], satellite_entitlement_supported_bool=false, satellite_supported_emergency_plmn_string_array=[], satellite_configs_per_plmn_bundle=PersistableBundle[{}], satellite_sos_max_datagram_size_bytes_int=255, satellite_supported_msg_apps_string_array=[com.google.android.apps.messaging], satellite_connected_notification_throttle_millis_int=604800000, satellite_display_name_string=, satellite_roaming_p2p_sms_inactivity_timeout_sec_int=180, satellite_roaming_turn_off_session_for_emergency_call_bool=true, emergency_messaging_supported_bool=false, carrier_roaming_satellite_emergency_messaging_provider_per_country_bundle=PersistableBundle[{}], satellite_data_support_mode_int=0, carrier_roaming_ntn_connect_type_int=0, satellite_attach_supported_bool=false, carrier_roaming_satellite_emergency_messaging_redirection_destination_string=, satellite_nidd_apn_name_string=, carrier_supported_satellite_services_per_provider_bundle=PersistableBundle[{310830=[2, 3, 6]}], satellite_roaming_esos_inactivity_timeout_sec_int=300, carrier_supported_satellite_notification_hysteresis_sec_int=180, carrier_config_applied_bool=true, carrier_roaming_ntn_emergency_call_to_satellite_handover_type_int=2, carrier_roaming_satellite_default_services_int_array=[2, 3, 6], imsserviceentitlement.entitlement_server_url_string=, emergency_call_to_satellite_t911_handover_timeout_millis_int=30000, satellite_roaming_p2p_sms_supported_bool=false, carrier_config_version_string=, satellite_roaming_screen_off_inactivity_timeout_sec_int=30}]
08-26 17:28:55.677  1095  1243 D SatelliteController: isSatelliteSupportedViaCarrier: using CarrierConfig for subId=1, isAttachSupported=false
08-26 17:28:55.677  1095  1243 D SatelliteController: getSatellitePerPlmnConfiguration: invalid subId or not supported via carrier.
08-26 17:28:55.677  1095  1243 D SatelliteController: getCarrierRoamingNtnConnectType: config: null
08-26 17:28:55.677  1095  1243 D TelephonyConfigUpdateInstallReceiver: getConfigParser: domain=satellite
08-26 17:28:55.677  1095  1243 V SatelliteController: satelliteConfigParser is not ready
08-26 17:28:55.677  1095  1243 D SatelliteController: getCarrierRoamingNtnConnectTypeViaConfigUpdater: return null (satelliteConfig is null)
08-26 17:28:55.677  1095  1243 D SatelliteController: getConfigForSubId: subId= 1, config= PersistableBundle[{satellite_esos_supported_bool=false, satellite_connection_hysteresis_sec_int=180, satellite_supported_disaster_plmn_string_array=[], regional_satellite_earfcn_bundle=PersistableBundle[{}], satellite_entitlement_supported_bool=false, satellite_supported_emergency_plmn_string_array=[], satellite_configs_per_plmn_bundle=PersistableBundle[{}], satellite_sos_max_datagram_size_bytes_int=255, satellite_supported_msg_apps_string_array=[com.google.android.apps.messaging], satellite_connected_notification_throttle_millis_int=604800000, satellite_display_name_string=, satellite_roaming_p2p_sms_inactivity_timeout_sec_int=180, satellite_roaming_turn_off_session_for_emergency_call_bool=true, emergency_messaging_supported_bool=false, carrier_roaming_satellite_emergency_messaging_provider_per_country_bundle=PersistableBundle[{}], satellite_data_support_mode_int=0, carrier_roaming_ntn_connect_type_int=0, satellite_attach_supported_bool=false, carrier_roaming_satellite_emergency_messaging_redirection_destination_string=, satellite_nidd_apn_name_string=, carrier_supported_satellite_services_per_provider_bundle=PersistableBundle[{310830=[2, 3, 6]}], satellite_roaming_esos_inactivity_timeout_sec_int=300, carrier_supported_satellite_notification_hysteresis_sec_int=180, carrier_config_applied_bool=true, carrier_roaming_ntn_emergency_call_to_satellite_handover_type_int=2, carrier_roaming_satellite_default_services_int_array=[2, 3, 6], imsserviceentitlement.entitlement_server_url_string=, emergency_call_to_satellite_t911_handover_timeout_millis_int=30000, satellite_roaming_p2p_sms_supported_bool=false, carrier_config_version_string=, satellite_roaming_screen_off_inactivity_timeout_sec_int=30}]
08-26 17:28:55.677  1095  1243 D SatelliteController: getCarrierRoamingNtnConnectType: Falling back to global carrier config connect type: 0
08-26 17:28:55.677  1095  1243 D TelephonyConfigUpdateInstallReceiver: getConfigParser: domain=satellite
08-26 17:28:55.677  1095  1243 V SatelliteController: satelliteConfigParser is not ready
08-26 17:28:55.677  1095  1243 D SatelliteController: isSatelliteAttachSupportedViaConfigupdater: return null (satelliteConfig is null)
08-26 17:28:55.677  1095  1243 D SatelliteController: getConfigForSubId: subId= 1, config= PersistableBundle[{satellite_esos_supported_bool=false, satellite_connection_hysteresis_sec_int=180, satellite_supported_disaster_plmn_string_array=[], regional_satellite_earfcn_bundle=PersistableBundle[{}], satellite_entitlement_supported_bool=false, satellite_supported_emergency_plmn_string_array=[], satellite_configs_per_plmn_bundle=PersistableBundle[{}], satellite_sos_max_datagram_size_bytes_int=255, satellite_supported_msg_apps_string_array=[com.google.android.apps.messaging], satellite_connected_notification_throttle_millis_int=604800000, satellite_display_name_string=, satellite_roaming_p2p_sms_inactivity_timeout_sec_int=180, satellite_roaming_turn_off_session_for_emergency_call_bool=true, emergency_messaging_supported_bool=false, carrier_roaming_satellite_emergency_messaging_provider_per_country_bundle=PersistableBundle[{}], satellite_data_support_mode_int=0, carrier_roaming_ntn_connect_type_int=0, satellite_attach_supported_bool=false, carrier_roaming_satellite_emergency_messaging_redirection_destination_string=, satellite_nidd_apn_name_string=, carrier_supported_satellite_services_per_provider_bundle=PersistableBundle[{310830=[2, 3, 6]}], satellite_roaming_esos_inactivity_timeout_sec_int=300, carrier_supported_satellite_notification_hysteresis_sec_int=180, carrier_config_applied_bool=true, carrier_roaming_ntn_emergency_call_to_satellite_handover_type_int=2, carrier_roaming_satellite_default_services_int_array=[2, 3, 6], imsserviceentitlement.entitlement_server_url_string=, emergency_call_to_satellite_t911_handover_timeout_millis_int=30000, satellite_roaming_p2p_sms_supported_bool=false, carrier_config_version_string=, satellite_roaming_screen_off_inactivity_timeout_sec_int=30}]
08-26 17:28:55.677  1095  1243 D SatelliteController: isSatelliteSupportedViaCarrier: using CarrierConfig for subId=1, isAttachSupported=false
08-26 17:28:55.677  1095  1243 D SatelliteController: isInSatelliteModeForCarrierRoaming: subId=1, connectType=0, result=false
08-26 17:28:55.677  1095  1243 D SatelliteController: getCarrierRoamingNtnConnectType: Checking connect type from PLMN config for subId: 1
08-26 17:28:55.677  1095  1243 D TelephonyConfigUpdateInstallReceiver: getConfigParser: domain=satellite
08-26 17:28:55.677  1095  1243 V SatelliteController: satelliteConfigParser is not ready
08-26 17:28:55.677  1095  1243 D SatelliteController: isSatelliteAttachSupportedViaConfigupdater: return null (satelliteConfig is null)
08-26 17:28:55.677  1095  1243 D SatelliteController: getConfigForSubId: subId= 1, config= PersistableBundle[{satellite_esos_supported_bool=false, satellite_connection_hysteresis_sec_int=180, satellite_supported_disaster_plmn_string_array=[], regional_satellite_earfcn_bundle=PersistableBundle[{}], satellite_entitlement_supported_bool=false, satellite_supported_emergency_plmn_string_array=[], satellite_configs_per_plmn_bundle=PersistableBundle[{}], satellite_sos_max_datagram_size_bytes_int=255, satellite_supported_msg_apps_string_array=[com.google.android.apps.messaging], satellite_connected_notification_throttle_millis_int=604800000, satellite_display_name_string=, satellite_roaming_p2p_sms_inactivity_timeout_sec_int=180, satellite_roaming_turn_off_session_for_emergency_call_bool=true, emergency_messaging_supported_bool=false, carrier_roaming_satellite_emergency_messaging_provider_per_country_bundle=PersistableBundle[{}], satellite_data_support_mode_int=0, carrier_roaming_ntn_connect_type_int=0, satellite_attach_supported_bool=false, carrier_roaming_satellite_emergency_messaging_redirection_destination_string=, satellite_nidd_apn_name_string=, carrier_supported_satellite_services_per_provider_bundle=PersistableBundle[{310830=[2, 3, 6]}], satellite_roaming_esos_inactivity_timeout_sec_int=300, carrier_supported_satellite_notification_hysteresis_sec_int=180, carrier_config_applied_bool=true, carrier_roaming_ntn_emergency_call_to_satellite_handover_type_int=2, carrier_roaming_satellite_default_services_int_array=[2, 3, 6], imsserviceentitlement.entitlement_server_url_string=, emergency_call_to_satellite_t911_handover_timeout_millis_int=30000, satellite_roaming_p2p_sms_supported_bool=false, carrier_config_version_string=, satellite_roaming_screen_off_inactivity_timeout_sec_int=30}]
08-26 17:28:55.683  1095  1243 D SatelliteController: isSatelliteSupportedViaCarrier: using CarrierConfig for subId=1, isAttachSupported=false
08-26 17:28:55.683  1095  1243 D SatelliteController: getSatellitePerPlmnConfiguration: invalid subId or not supported via carrier.
08-26 17:28:55.683  1095  1243 D SatelliteController: getCarrierRoamingNtnConnectType: config: null
08-26 17:28:55.683  1095  1243 D TelephonyConfigUpdateInstallReceiver: getConfigParser: domain=satellite
08-26 17:28:55.683  1095  1243 V SatelliteController: satelliteConfigParser is not ready
08-26 17:28:55.683  1095  1243 D SatelliteController: getCarrierRoamingNtnConnectTypeViaConfigUpdater: return null (satelliteConfig is null)
08-26 17:28:55.683  1095  1243 D SatelliteController: getConfigForSubId: subId= 1, config= PersistableBundle[{satellite_esos_supported_bool=false, satellite_connection_hysteresis_sec_int=180, satellite_supported_disaster_plmn_string_array=[], regional_satellite_earfcn_bundle=PersistableBundle[{}], satellite_entitlement_supported_bool=false, satellite_supported_emergency_plmn_string_array=[], satellite_configs_per_plmn_bundle=PersistableBundle[{}], satellite_sos_max_datagram_size_bytes_int=255, satellite_supported_msg_apps_string_array=[com.google.android.apps.messaging], satellite_connected_notification_throttle_millis_int=604800000, satellite_display_name_string=, satellite_roaming_p2p_sms_inactivity_timeout_sec_int=180, satellite_roaming_turn_off_session_for_emergency_call_bool=true, emergency_messaging_supported_bool=false, carrier_roaming_satellite_emergency_messaging_provider_per_country_bundle=PersistableBundle[{}], satellite_data_support_mode_int=0, carrier_roaming_ntn_connect_type_int=0, satellite_attach_supported_bool=false, carrier_roaming_satellite_emergency_messaging_redirection_destination_string=, satellite_nidd_apn_name_string=, carrier_supported_satellite_services_per_provider_bundle=PersistableBundle[{310830=[2, 3, 6]}], satellite_roaming_esos_inactivity_timeout_sec_int=300, carrier_supported_satellite_notification_hysteresis_sec_int=180, carrier_config_applied_bool=true, carrier_roaming_ntn_emergency_call_to_satellite_handover_type_int=2, carrier_roaming_satellite_default_services_int_array=[2, 3, 6], imsserviceentitlement.entitlement_server_url_string=, emergency_call_to_satellite_t911_handover_timeout_millis_int=30000, satellite_roaming_p2p_sms_supported_bool=false, carrier_config_version_string=, satellite_roaming_screen_off_inactivity_timeout_sec_int=30}]
08-26 17:28:55.683  1095  1243 D SatelliteController: getCarrierRoamingNtnConnectType: Falling back to global carrier config connect type: 0
08-26 17:28:55.683  1095  1243 D TelephonyConfigUpdateInstallReceiver: getConfigParser: domain=satellite
08-26 17:28:55.683  1095  1243 V SatelliteController: satelliteConfigParser is not ready
08-26 17:28:55.683  1095  1243 D SatelliteController: isSatelliteAttachSupportedViaConfigupdater: return null (satelliteConfig is null)
08-26 17:28:55.684  1095  1243 D SatelliteController: getConfigForSubId: subId= 1, config= PersistableBundle[{satellite_esos_supported_bool=false, satellite_connection_hysteresis_sec_int=180, satellite_supported_disaster_plmn_string_array=[], regional_satellite_earfcn_bundle=PersistableBundle[{}], satellite_entitlement_supported_bool=false, satellite_supported_emergency_plmn_string_array=[], satellite_configs_per_plmn_bundle=PersistableBundle[{}], satellite_sos_max_datagram_size_bytes_int=255, satellite_supported_msg_apps_string_array=[com.google.android.apps.messaging], satellite_connected_notification_throttle_millis_int=604800000, satellite_display_name_string=, satellite_roaming_p2p_sms_inactivity_timeout_sec_int=180, satellite_roaming_turn_off_session_for_emergency_call_bool=true, emergency_messaging_supported_bool=false, carrier_roaming_satellite_emergency_messaging_provider_per_country_bundle=PersistableBundle[{}], satellite_data_support_mode_int=0, carrier_roaming_ntn_connect_type_int=0, satellite_attach_supported_bool=false, carrier_roaming_satellite_emergency_messaging_redirection_destination_string=, satellite_nidd_apn_name_string=, carrier_supported_satellite_services_per_provider_bundle=PersistableBundle[{310830=[2, 3, 6]}], satellite_roaming_esos_inactivity_timeout_sec_int=300, carrier_supported_satellite_notification_hysteresis_sec_int=180, carrier_config_applied_bool=true, carrier_roaming_ntn_emergency_call_to_satellite_handover_type_int=2, carrier_roaming_satellite_default_services_int_array=[2, 3, 6], imsserviceentitlement.entitlement_server_url_string=, emergency_call_to_satellite_t911_handover_timeout_millis_int=30000, satellite_roaming_p2p_sms_supported_bool=false, carrier_config_version_string=, satellite_roaming_screen_off_inactivity_timeout_sec_int=30}]
08-26 17:28:55.684  1095  1243 D SatelliteController: isSatelliteSupportedViaCarrier: using CarrierConfig for subId=1, isAttachSupported=false
08-26 17:28:55.684  1095  1243 D SatelliteController: isInSatelliteModeForCarrierRoaming: subId=1, connectType=0, result=false
08-26 17:28:55.696   492   492 W skia    : AGTM parsing failed flags.readFromStream(s) at 159
08-26 17:28:55.714   492   534 W skia    : AGTM parsing failed flags.readFromStream(s) at 159
08-26 17:28:55.827   488   505 I APM_AudioPolicyManager: getNewOutputDevices io 13 recent device override {AUDIO_DEVICE_OUT_SPEAKER, @:}
08-26 17:28:56.715   517   517 I adbd    : adbd service requested 'exec:screencap '-p''
08-26 17:28:56.788 23533 23533 W libbinder.BackendUnifiedServiceManager: Thread Pool max thread count is 0. Cannot cache binder as linkToDeath cannot be implemented. serviceName: SurfaceFlingerAIDL
08-26 17:28:56.788 23533 23533 W libbinder.BpBinder: Linking to death on android.gui.ISurfaceComposer but there are no threads (yet?) listening to incoming transactions. See ProcessState::startThreadPool and ProcessState::setThreadPoolMaxThreadCount. Generally you should setup the binder threadpool before other initialization steps.
08-26 17:28:56.789 23533 23533 W libbinder.ProcessState: Extra binder thread started, but 0 threads requested. Do not use *startThreadPool when zero threads are requested.
08-26 17:28:56.797   492   534 W skia    : AGTM parsing failed flags.readFromStream(s) at 159
08-26 17:28:56.797   492   534 W skia    : AGTM parsing failed flags.readFromStream(s) at 159
08-26 17:28:56.797   492   534 W skia    : AGTM parsing failed flags.readFromStream(s) at 159
08-26 17:28:56.816 23533 23534 W libc    : Access denied finding property "vendor.mesa.virtgpu.kumquat"
08-26 17:28:56.973   517   517 I adbd    : adbd service requested 'shell,v2,TERM=dumb,raw:uiautomator dump /sdcard/jsabi-cart.xml'
08-26 17:28:57.011 23535 23535 D AndroidRuntime: >>>>>> START com.android.internal.os.RuntimeInit uid 2000 <<<<<<
08-26 17:28:57.013 23535 23535 I AndroidRuntime: Using default boot image
08-26 17:28:57.013 23535 23535 I AndroidRuntime: Leaving lock profiling enabled
08-26 17:28:57.014 23535 23535 I app_process: Core platform API enforcement reporting only by runtime option
08-26 17:28:57.014 23535 23535 I app_process: Using generational CollectorTypeCMC GC.
08-26 17:28:57.046 23535 23535 D nativeloader: InitDefaultPublicLibraries for_preload=1: libandroid.so:libaaudio.so:libamidi.so:libbinder_ndk.so:libc.so:libcamera2ndk.so:libdl.so:libEGL.so:libGLESv1_CM.so:libGLESv2.so:libGLESv3.so:libicu.so:libicui18n.so:libicuuc.so:libjnigraphics.so:liblog.so:libmediandk.so:libm.so:libnativehelper.so:libnativewindow.so:libOpenMAXAL.so:libOpenSLES.so:libRS.so:libstdc++.so:libsync.so:libvulkan.so:libwebviewchromium_plat_support.so:libz.so
08-26 17:28:57.051 23535 23535 D nativeloader: Load libicu_jni.so using APEX ns com_android_art for caller /apex/com.android.art/javalib/core-oj.jar: ok
08-26 17:28:57.051 23535 23535 D app_process: u_setTimeZoneFilesDirectory("/apex/com.android.tzdata/etc/tz/versioned/10/icu") succeeded. 
08-26 17:28:57.051 23535 23535 D app_process: I18n APEX ICU file found: /apex/com.android.i18n/etc/icu/icudt78l.dat
08-26 17:28:57.051 23535 23535 D nativeloader: Load libjavacore.so using APEX ns com_android_art for caller /apex/com.android.art/javalib/core-oj.jar: ok
08-26 17:28:57.051 23535 23535 D nativeloader: Load libopenjdk.so using APEX ns com_android_art for caller /apex/com.android.art/javalib/core-oj.jar: ok
08-26 17:28:57.052 23535 23535 I app_process: Priority-to-niceness mapping: 19, 16, 13, 10, 0, -2, -4, -5, -6, -8
08-26 17:28:57.052 23535 23535 W app_process: ClassLoaderContext shared library size mismatch. Expected=2, found=0 (PCL[]{PCL[/system/framework/android.test.base.jar*1579129895]#PCL[/system/framework/android.test.mock.jar*1147775851]} | PCL[])
08-26 17:28:57.053 23535 23535 W app_process: ClassLoaderContext classpath size mismatch. expected=0, found=1 (PCL[]{PCL[/system/framework/android.test.runner.jar*2652887513]{PCL[/system/framework/android.test.base.jar*1579129895]#PCL[/system/framework/android.test.mock.jar*1147775851]}#PCL[/system/framework/android.test.base.jar*1579129895]} | PCL[/system/framework/android.test.runner.jar*2652887513])
08-26 17:28:57.063 23535 23535 D nativeloader: Load libframework-connectivity-tiramisu-jni.so using APEX ns com_android_tethering for caller /apex/com.android.tethering/javalib/framework-connectivity-t.jar: ok
08-26 17:28:57.064 23535 23535 D AndroidRuntime: Calling main entry com.android.commands.uiautomator.Launcher
08-26 17:28:57.065 23535 23535 I AconfigPackage: android.media.swcodec.flags is mapped to com.android.media.swcodec
08-26 17:28:57.065 23535 23535 I AconfigPackage: com.android.permission.flags is mapped to com.android.permission
08-26 17:28:57.065 23535 23535 I AconfigPackage: com.android.permissioncontroller.flags is mapped to com.android.permission
08-26 17:28:57.065 23535 23535 I AconfigPackage: com.google.android.widevine.flags is mapped to com.google.android.widevine
08-26 17:28:57.065 23535 23535 I AconfigPackage: com.android.icu is mapped to com.android.i18n
08-26 17:28:57.065 23535 23535 I AconfigPackage: com.android.appsearch.flags is mapped to com.android.appsearch
08-26 17:28:57.065 23535 23535 I AconfigPackage: com.android.uprobestats.flags is mapped to com.android.uprobestats
08-26 17:28:57.065 23535 23535 I AconfigPackage: android.uprobestats.mainline.flags is mapped to com.android.uprobestats
08-26 17:28:57.066 23535 23535 I AconfigPackage: com.android.crashrecovery.flags is mapped to com.android.crashrecovery
08-26 17:28:57.066 23535 23535 I AconfigPackage: android.provider.flags is mapped to com.android.configinfrastructure
08-26 17:28:57.066 23535 23535 I AconfigPackage: com.android.server.deviceconfig is mapped to com.android.configinfrastructure
08-26 17:28:57.066 23535 23535 I AconfigPackage: com.android.art.flags is mapped to com.android.art
08-26 17:28:57.066 23535 23535 I AconfigPackage: com.android.art.rw.flags is mapped to com.android.art
08-26 17:28:57.066 23535 23535 I AconfigPackage: com.android.libcore is mapped to com.android.art
08-26 17:28:57.066 23535 23535 I AconfigPackage: android.telecom.flags is mapped to com.android.telephonycore
08-26 17:28:57.066 23535 23535 I AconfigPackage: com.android.internal.telecom.flags is mapped to com.android.telephonycore
08-26 17:28:57.066 23535 23535 I AconfigPackage: com.android.telephony.flags is mapped to com.android.telephonycore
08-26 17:28:57.066 23535 23535 I AconfigPackage: com.android.media.extractor.flags is mapped to com.android.media
08-26 17:28:57.066 23535 23535 I AconfigPackage: com.android.media.metrics.flags is mapped to com.android.media
08-26 17:28:57.066 23535 23535 I AconfigPackage: com.android.media.mainline.flags is mapped to com.android.media
08-26 17:28:57.066 23535 23535 I AconfigPackage: com.android.wifi.flags is mapped to com.android.wifi
08-26 17:28:57.066 23535 23535 I AconfigPackage: com.android.org.conscrypt.flags is mapped to com.android.conscrypt
08-26 17:28:57.066 23535 23535 I AconfigPackage: com.android.org.conscrypt.net.flags is mapped to com.android.conscrypt
08-26 17:28:57.066 23535 23535 I AconfigPackage: com.android.healthfitness.flags is mapped to com.android.healthfitness
08-26 17:28:57.066 23535 23535 I AconfigPackage: com.android.healthfitness.beta is mapped to com.android.healthfitness
08-26 17:28:57.066 23535 23535 I AconfigPackage: com.android.ipsec.flags is mapped to com.android.ipsec
08-26 17:28:57.066 23535 23535 I AconfigPackage: com.android.nfc.module.flags is mapped to com.android.nfcservices
08-26 17:28:57.066 23535 23535 I AconfigPackage: com.android.nfc.module.nonexported.flags is mapped to com.android.nfcservices
08-26 17:28:57.066 23535 23535 I AconfigPackage: com.android.adservices.ondevicepersonalization.flags is mapped to com.android.ondevicepersonalization
08-26 17:28:57.066 23535 23535 I AconfigPackage: com.android.scheduling.flags is mapped to com.android.scheduling
08-26 17:28:57.066 23535 23535 I AconfigPackage: com.android.adbd.flags is mapped to com.android.adbd
08-26 17:28:57.066 23535 23535 I AconfigPackage: com.android.bluetooth.beta.flags is mapped to com.android.bt
08-26 17:28:57.066 23535 23535 I AconfigPackage: com.android.bluetooth.flags is mapped to com.android.bt
08-26 17:28:57.066 23535 23535 I AconfigPackage: com.android.devicelock.flags is mapped to com.android.devicelock
08-26 17:28:57.066 23535 23535 I AconfigPackage: android.os.profiling is mapped to com.android.profiling
08-26 17:28:57.066 23535 23535 I AconfigPackage: android.os.profiling.anomaly.beta.flags is mapped to com.android.profiling
08-26 17:28:57.066 23535 23535 I AconfigPackage: android.os.profiling.anomaly.flags is mapped to com.android.profiling
08-26 17:28:57.066 23535 23535 I AconfigPackage: com.android.os.statsd.flags is mapped to com.android.os.statsd
08-26 17:28:57.066 23535 23535 I AconfigPackage: com.android.webapp.flags is mapped to com.android.webapp
08-26 17:28:57.067 23535 23535 I AconfigPackage: com.android.rkpd.flags is mapped to com.android.rkpd
08-26 17:28:57.067 23535 23535 I AconfigPackage: com.android.cellbroadcastreceiver.flags is mapped to com.android.cellbroadcast
08-26 17:28:57.067 23535 23535 I AconfigPackage: com.android.adservices.flags is mapped to com.android.adservices
08-26 17:28:57.067 23535 23535 I AconfigPackage: com.android.sdksandbox.flags is mapped to com.android.adservices
08-26 17:28:57.067 23535 23535 I AconfigPackage: android.app.sdksandbox.flags is mapped to com.android.adservices
08-26 17:28:57.067 23535 23535 I AconfigPackage: com.android.uwb.flags is mapped to com.android.uwb
08-26 17:28:57.067 23535 23535 I AconfigPackage: com.android.ranging.flags is mapped to com.android.uwb
08-26 17:28:57.067 23535 23535 I AconfigPackage: com.android.npumanager is mapped to com.android.npumanager
08-26 17:28:57.067 23535 23535 I AconfigPackage: com.android.signature.flags is mapped to com.android.mediaprovider
08-26 17:28:57.067 23535 23535 I AconfigPackage: com.android.providers.media.flags is mapped to com.android.mediaprovider
08-26 17:28:57.067 23535 23535 I AconfigPackage: android.graphics.pdf.flags is mapped to com.android.mediaprovider
08-26 17:28:57.067 23535 23535 I AconfigPackage: android.graphics.pdf.flags.readonly is mapped to com.android.mediaprovider
08-26 17:28:57.067 23535 23535 I AconfigPackage: com.android.tethering.mainline.beta is mapped to com.android.tethering
08-26 17:28:57.067 23535 23535 I AconfigPackage: android.net.http is mapped to com.android.tethering
08-26 17:28:57.067 23535 23535 I AconfigPackage: com.android.tethering.readonly.flags is mapped to com.android.tethering
08-26 17:28:57.067 23535 23535 I AconfigPackage: android.net.vcn is mapped to com.android.tethering
08-26 17:28:57.067 23535 23535 I AconfigPackage: com.android.net.flags is mapped to com.android.tethering
08-26 17:28:57.067 23535 23535 I AconfigPackage: com.android.tethering.flags is mapped to com.android.tethering
08-26 17:28:57.067 23535 23535 I AconfigPackage: com.android.tethering.beta.test is mapped to com.android.tethering
08-26 17:28:57.067 23535 23535 I AconfigPackage: com.android.nearby.flags is mapped to com.android.tethering
08-26 17:28:57.067 23535 23535 I AconfigPackage: com.android.net.thread.flags is mapped to com.android.tethering
08-26 17:28:57.067 23535 23535 I AconfigPackage: android.net.http.flags is mapped to com.android.tethering
08-26 17:28:57.067 23535 23535 I AconfigPackage: com.android.system.virtualmachine.flags is mapped to com.android.virt
08-26 17:28:57.067 23535 23535 E FeatureFlagsImplExport: android.os.flagging.AconfigStorageReadException: ERROR_PACKAGE_NOT_FOUND: package android.xr cannot be found on the device
08-26 17:28:57.068 23535 23535 D UiAutomationConnection: Created on user UserHandle{0}
08-26 17:28:57.068 23535 23535 I UiAutomation: Initialized for user 0 on display 0
08-26 17:28:57.068 23535 23535 W UiAutomation: Created with deprecatead constructor, assumes DEFAULT_DISPLAY
08-26 17:28:57.069   657  1937 D AccessibilityManagerService: changeCurrentUserForTestAutomationIfNeededLocked(0): ignoring because device doesn't support visible background users
08-26 17:28:57.069   657  1937 I UiAutomationManager: Registering UiTestAutomationService (id=com.android.server.accessibility/UiAutomation, flags=0x0) when called by user 0
08-26 17:28:57.069   657  1937 V AccessibilityManagerService: onUserStateChangedLocked for userId: 0, forceUpdate: false
08-26 17:28:57.069   657  1937 V AccessibilityUserState: updateShortcutTargets: type:accessibility_shortcut_target_service, current:{}, new:{}
08-26 17:28:57.069   657  1937 V AccessibilityUserState: updateShortcutTargets: type:accessibility_button_targets, current:{}, new:{}
08-26 17:28:57.069   657  1937 V AccessibilityUserState: updateShortcutTargets: type:accessibility_gesture_targets, current:{}, new:{}
08-26 17:28:57.069   657  1937 V AccessibilityUserState: updateShortcutTargets: type:accessibility_qs_targets, current:{}, new:{}
08-26 17:28:57.070   657  1937 V AccessibilityUserState: updateShortcutTargets: type:accessibility_key_gesture_targets, current:{}, new:{}
08-26 17:28:57.070   657  1937 V AccessibilityUserState: updateShortcutTargets: type:accessibility_top_row_key_targets, current:{}, new:{}
08-26 17:28:57.070   657  1937 V AccessibilityUserState: updateShortcutTargets: type:accessibility_quick_access_targets, current:{}, new:{}
08-26 17:28:57.070   657  1937 W MagnificationConnectionManager: requestConnection duplicated request: connect=false, mConnectionState=DISCONNECTED
08-26 17:28:57.070  1777  8087 I AiAiEcho: Settings changed for uri: content://settings/secure/accessibility_enabled
08-26 17:28:57.071  1777  1991 I AiAiEcho: Predicting[0]:  [CONTEXT sampling_count=5 ]
08-26 17:28:57.071  1777  1991 I AiAiEcho: EchoTargets: 
08-26 17:28:57.071  1777  1991 I AiAiEcho: Filtered by AiAi flag check: 
08-26 17:28:57.071  1777  1991 I AiAiEcho: [CONTEXT ratelimit_period="10 SECONDS" ]
08-26 17:28:57.071  1777  1991 I AiAiEcho: #remoteViewsTwiddler: feature disabled.
08-26 17:28:57.071  1777  1991 I AiAiEcho: #postPredictionTargets: Sending updates to UISurface home with targets# 0 (types=[])
08-26 17:28:57.072   657  1937 V AccessibilityManagerService: onUserStateChangedLocked for userId: 0, forceUpdate: false
08-26 17:28:57.072   657  1937 V AccessibilityUserState: updateShortcutTargets: type:accessibility_shortcut_target_service, current:{}, new:{}
08-26 17:28:57.072   657  1937 V AccessibilityUserState: updateShortcutTargets: type:accessibility_button_targets, current:{}, new:{}
08-26 17:28:57.072   657  1937 V AccessibilityUserState: updateShortcutTargets: type:accessibility_gesture_targets, current:{}, new:{}
08-26 17:28:57.072   657  1937 V AccessibilityUserState: updateShortcutTargets: type:accessibility_qs_targets, current:{}, new:{}
08-26 17:28:57.072   657  1937 V AccessibilityUserState: updateShortcutTargets: type:accessibility_key_gesture_targets, current:{}, new:{}
08-26 17:28:57.072   657  1937 V AccessibilityUserState: updateShortcutTargets: type:accessibility_top_row_key_targets, current:{}, new:{}
08-26 17:28:57.072   657  1937 V AccessibilityUserState: updateShortcutTargets: type:accessibility_quick_access_targets, current:{}, new:{}
08-26 17:28:57.072   657  1937 W MagnificationConnectionManager: requestConnection duplicated request: connect=false, mConnectionState=DISCONNECTED
08-26 17:28:57.072   657   657 W libbinder.IPCThreadState: Sending oneway calls to frozen process.
08-26 17:28:57.072   657   657 W libbinder.IPCThreadState: Sending oneway calls to frozen process.
08-26 17:28:57.072   657   657 W libbinder.IPCThreadState: Sending oneway calls to frozen process.
08-26 17:28:57.072   657   657 W libbinder.IPCThreadState: Sending oneway calls to frozen process.
08-26 17:28:57.072   657   657 W libbinder.IPCThreadState: Sending oneway calls to frozen process.
08-26 17:28:57.072   657   657 W libbinder.IPCThreadState: Sending oneway calls to frozen process.
08-26 17:28:57.072   657   657 W libbinder.IPCThreadState: Sending oneway calls to frozen process.
08-26 17:28:57.072   657   657 W libbinder.IPCThreadState: Sending oneway calls to frozen process.
08-26 17:28:57.072   657   657 W libbinder.IPCThreadState: Sending oneway calls to frozen process.
08-26 17:28:57.072   657   657 W libbinder.IPCThreadState: Sending oneway calls to frozen process.
08-26 17:28:57.072   657   657 W libbinder.IPCThreadState: Sending oneway calls to frozen process.
08-26 17:28:57.072   657   657 W libbinder.IPCThreadState: Sending oneway calls to frozen process.
08-26 17:28:57.072   657   657 W libbinder.IPCThreadState: Sending oneway calls to frozen process.
08-26 17:28:57.072  1777  8086 I AiAiEcho: Settings changed for uri: content://settings/secure/accessibility_enabled
08-26 17:28:57.072   657   657 W libbinder.IPCThreadState: Sending oneway calls to frozen process.
08-26 17:28:57.072   657   657 W libbinder.IPCThreadState: Sending oneway calls to frozen process.
08-26 17:28:57.072   657   657 W libbinder.IPCThreadState: Sending oneway calls to frozen process.
08-26 17:28:57.072   657   657 W libbinder.IPCThreadState: Sending oneway calls to frozen process.
08-26 17:28:57.072   657   657 W libbinder.IPCThreadState: Sending oneway calls to frozen process.
08-26 17:28:57.072   657   657 W libbinder.IPCThreadState: Sending oneway calls to frozen process.
08-26 17:28:57.072   657   657 W libbinder.IPCThreadState: Sending oneway calls to frozen process.
08-26 17:28:57.072   657   657 W libbinder.IPCThreadState: Sending oneway calls to frozen process.
08-26 17:28:57.072   657   657 W libbinder.IPCThreadState: Sending oneway calls to frozen process.
08-26 17:28:57.072   657   657 W libbinder.IPCThreadState: Sending oneway calls to frozen process.
08-26 17:28:57.072   657   657 W libbinder.IPCThreadState: Sending oneway calls to frozen process.
08-26 17:28:57.072   657   657 W libbinder.IPCThreadState: Sending oneway calls to frozen process.
08-26 17:28:57.072   657   657 W libbinder.IPCThreadState: Sending oneway calls to frozen process.
08-26 17:28:57.072   657   657 W libbinder.IPCThreadState: Sending oneway calls to frozen process.
08-26 17:28:57.072  1777  1991 I AiAiEcho: Predicting[0]:  [CONTEXT sampling_count=5 ]
08-26 17:28:57.072   657   657 W libbinder.IPCThreadState: Sending oneway calls to frozen process.
08-26 17:28:57.072  1777  1991 I AiAiEcho: EchoTargets: 
08-26 17:28:57.072  1777  1991 I AiAiEcho: Filtered by AiAi flag check: 
08-26 17:28:57.072  1777  1991 I AiAiEcho: [CONTEXT ratelimit_period="10 SECONDS" ]
08-26 17:28:57.072   657   657 W libbinder.IPCThreadState: Sending oneway calls to frozen process.
08-26 17:28:57.072   657   657 W libbinder.IPCThreadState: Sending oneway calls to frozen process.
08-26 17:28:57.072   657   657 W libbinder.IPCThreadState: Sending oneway calls to frozen process.
08-26 17:28:57.073   657   657 W libbinder.IPCThreadState: Sending oneway calls to frozen process.
08-26 17:28:57.073   657   657 W libbinder.IPCThreadState: Sending oneway calls to frozen process.
08-26 17:28:57.073   657   657 W libbinder.IPCThreadState: Sending oneway calls to frozen process.
08-26 17:28:57.073   657   657 W libbinder.IPCThreadState: Sending oneway calls to frozen process.
08-26 17:28:57.073  1777  1991 I AiAiEcho: #remoteViewsTwiddler: feature disabled.
08-26 17:28:57.073   657   657 D BatterySaverPolicy: accessibility changed to true, updating policy.
08-26 17:28:57.073  1777  1991 I AiAiEcho: #postPredictionTargets: Sending updates to UISurface home with targets# 0 (types=[])
08-26 17:28:57.074   657  1495 D AccessibilityManagerService: .getAccessibilityShortcutTargets {shortcutType=32, userId=0}
08-26 17:28:57.080   492   492 W skia    : AGTM parsing failed flags.readFromStream(s) at 159
08-26 17:28:57.080   492   492 W skia    : AGTM parsing failed flags.readFromStream(s) at 159
08-26 17:28:57.080   492   492 W skia    : AGTM parsing failed flags.readFromStream(s) at 159
08-26 17:28:57.080   492   492 W skia    : AGTM parsing failed flags.readFromStream(s) at 159
08-26 17:28:57.080   492   492 W skia    : AGTM parsing failed flags.readFromStream(s) at 159
08-26 17:28:57.081   492   534 W skia    : AGTM parsing failed flags.readFromStream(s) at 159
08-26 17:28:57.113   492   492 W skia    : AGTM parsing failed flags.readFromStream(s) at 159
08-26 17:28:57.113   492   492 W skia    : AGTM parsing failed flags.readFromStream(s) at 159
08-26 17:28:57.113   492   492 W skia    : AGTM parsing failed flags.readFromStream(s) at 159
08-26 17:28:57.113   492   492 W skia    : AGTM parsing failed flags.readFromStream(s) at 159
08-26 17:28:57.113   492   492 W skia    : AGTM parsing failed flags.readFromStream(s) at 159
08-26 17:28:57.182   492   534 W skia    : AGTM parsing failed flags.readFromStream(s) at 159
08-26 17:28:58.090  1725  2732 W MediaProvider: isAppCloneUserPair for user 0: false
08-26 17:28:58.118 23535 23535 I AccessibilityNodeInfoDumper: Skipping invisible child: android.view.accessibility.AccessibilityNodeInfo@138da; boundsInParent: Rect(0, 0 - 549, 45); boundsInScreen: Rect(291, 2484 - 840, 2460); boundsInWindow: Rect(291, 2484 - 840, 2460); packageName: dev.quickapp.kit.android; className: android.widget.TextView; text: 出行 / 热卖; error: null; maxTextLength: -1; stateDescription: null; contentDescription: null; tooltipText: null; containerTitle: null; viewIdResName: null; uniqueId: null; checkable: false; checked: false; focusable: false; focused: false; selected: false; clickable: false; longClickable: false; contextClickable: false; enabled: true; password: false; scrollable: false; granularScrollingSupported: false; importantForAccessibility: true; visible: false; actions: [AccessibilityAction: ACTION_SELECT - null, AccessibilityAction: ACTION_CLEAR_SELECTION - null, AccessibilityAction: ACTION_ACCESSIBILITY_FOCUS - null, AccessibilityAction: ACTION_NEXT_AT_MOVEMENT_GRANULARITY - null, AccessibilityAction: ACTION_PREVIOUS_AT_MOVEMENT_GRANULARITY - null, AccessibilityAction: ACTION_SET_SELECTION - null, AccessibilityAction: ACTION_SHOW_ON_SCREEN - null]; isTextSelectable: false
08-26 17:28:58.118 23535 23535 I AccessibilityNodeInfoDumper: Skipping invisible child: android.view.accessibility.AccessibilityNodeInfo@13c9b; boundsInParent: Rect(0, 0 - 549, 45); boundsInScreen: Rect(291, 2529 - 840, 2460); boundsInWindow: Rect(291, 2529 - 840, 2460); packageName: dev.quickapp.kit.android; className: android.widget.TextView; text: 239 元; error: null; maxTextLength: -1; stateDescription: null; contentDescription: null; tooltipText: null; containerTitle: null; viewIdResName: null; uniqueId: null; checkable: false; checked: false; focusable: false; focused: false; selected: false; clickable: false; longClickable: false; contextClickable: false; enabled: true; password: false; scrollable: false; granularScrollingSupported: false; importantForAccessibility: true; visible: false; actions: [AccessibilityAction: ACTION_SELECT - null, AccessibilityAction: ACTION_CLEAR_SELECTION - null, AccessibilityAction: ACTION_ACCESSIBILITY_FOCUS - null, AccessibilityAction: ACTION_NEXT_AT_MOVEMENT_GRANULARITY - null, AccessibilityAction: ACTION_PREVIOUS_AT_MOVEMENT_GRANULARITY - null, AccessibilityAction: ACTION_SET_SELECTION - null, AccessibilityAction: ACTION_SHOW_ON_SCREEN - null]; isTextSelectable: false
08-26 17:28:58.119 23535 23535 I AccessibilityNodeInfoDumper: Skipping invisible child: android.view.accessibility.AccessibilityNodeInfo@1441d; boundsInParent: Rect(0, 0 - 1209, 336); boundsInScreen: Rect(36, 2694 - 1245, 2460); boundsInWindow: Rect(36, 2694 - 1245, 2460); packageName: dev.quickapp.kit.android; className: android.widget.FrameLayout; text: null; error: null; maxTextLength: -1; stateDescription: null; contentDescription: null; tooltipText: null; containerTitle: null; viewIdResName: null; uniqueId: null; checkable: false; checked: false; focusable: false; focused: false; selected: false; clickable: false; longClickable: false; contextClickable: false; enabled: true; password: false; scrollable: false; granularScrollingSupported: false; importantForAccessibility: false; visible: false; actions: [AccessibilityAction: ACTION_SELECT - null, AccessibilityAction: ACTION_CLEAR_SELECTION - null, AccessibilityAction: ACTION_ACCESSIBILITY_FOCUS - null, AccessibilityAction: ACTION_SHOW_ON_SCREEN - null]; isTextSelectable: false
08-26 17:28:58.119 23535 23535 I AccessibilityNodeInfoDumper: Skipping invisible child: android.view.accessibility.AccessibilityNodeInfo@15e64; boundsInParent: Rect(0, 0 - 1209, 336); boundsInScreen: Rect(36, 3054 - 1245, 2460); boundsInWindow: Rect(36, 3054 - 1245, 2460); packageName: dev.quickapp.kit.android; className: android.widget.FrameLayout; text: null; error: null; maxTextLength: -1; stateDescription: null; contentDescription: null; tooltipText: null; containerTitle: null; viewIdResName: null; uniqueId: null; checkable: false; checked: false; focusable: false; focused: false; selected: false; clickable: false; longClickable: false; contextClickable: false; enabled: true; password: false; scrollable: false; granularScrollingSupported: false; importantForAccessibility: false; visible: false; actions: [AccessibilityAction: ACTION_SELECT - null, AccessibilityAction: ACTION_CLEAR_SELECTION - null, AccessibilityAction: ACTION_ACCESSIBILITY_FOCUS - null, AccessibilityAction: ACTION_SHOW_ON_SCREEN - null]; isTextSelectable: false
08-26 17:28:58.119 23535 23535 I AccessibilityNodeInfoDumper: Skipping invisible child: android.view.accessibility.AccessibilityNodeInfo@178ab; boundsInParent: Rect(0, 0 - 1209, 336); boundsInScreen: Rect(36, 3414 - 1245, 2460); boundsInWindow: Rect(36, 3414 - 1245, 2460); packageName: dev.quickapp.kit.android; className: android.widget.FrameLayout; text: null; error: null; maxTextLength: -1; stateDescription: null; contentDescription: null; tooltipText: null; containerTitle: null; viewIdResName: null; uniqueId: null; checkable: false; checked: false; focusable: false; focused: false; selected: false; clickable: false; longClickable: false; contextClickable: false; enabled: true; password: false; scrollable: false; granularScrollingSupported: false; importantForAccessibility: false; visible: false; actions: [AccessibilityAction: ACTION_SELECT - null, AccessibilityAction: ACTION_CLEAR_SELECTION - null, AccessibilityAction: ACTION_ACCESSIBILITY_FOCUS - null, AccessibilityAction: ACTION_SHOW_ON_SCREEN - null]; isTextSelectable: false
08-26 17:28:58.119 23535 23535 I AccessibilityNodeInfoDumper: Skipping invisible child: android.view.accessibility.AccessibilityNodeInfo@192f2; boundsInParent: Rect(0, 0 - 1209, 336); boundsInScreen: Rect(36, 3774 - 1245, 2460); boundsInWindow: Rect(36, 3774 - 1245, 2460); packageName: dev.quickapp.kit.android; className: android.widget.FrameLayout; text: null; error: null; maxTextLength: -1; stateDescription: null; contentDescription: null; tooltipText: null; containerTitle: null; viewIdResName: null; uniqueId: null; checkable: false; checked: false; focusable: false; focused: false; selected: false; clickable: false; longClickable: false; contextClickable: false; enabled: true; password: false; scrollable: false; granularScrollingSupported: false; importantForAccessibility: false; visible: false; actions: [AccessibilityAction: ACTION_SELECT - null, AccessibilityAction: ACTION_CLEAR_SELECTION - null, AccessibilityAction: ACTION_ACCESSIBILITY_FOCUS - null, AccessibilityAction: ACTION_SHOW_ON_SCREEN - null]; isTextSelectable: false
08-26 17:28:58.119 23535 23535 I AccessibilityNodeInfoDumper: Skipping invisible child: android.view.accessibility.AccessibilityNodeInfo@1ad39; boundsInParent: Rect(0, 0 - 1209, 336); boundsInScreen: Rect(36, 4134 - 1245, 2460); boundsInWindow: Rect(36, 4134 - 1245, 2460); packageName: dev.quickapp.kit.android; className: android.widget.FrameLayout; text: null; error: null; maxTextLength: -1; stateDescription: null; contentDescription: null; tooltipText: null; containerTitle: null; viewIdResName: null; uniqueId: null; checkable: false; checked: false; focusable: false; focused: false; selected: false; clickable: false; longClickable: false; contextClickable: false; enabled: true; password: false; scrollable: false; granularScrollingSupported: false; importantForAccessibility: false; visible: false; actions: [AccessibilityAction: ACTION_SELECT - null, AccessibilityAction: ACTION_CLEAR_SELECTION - null, AccessibilityAction: ACTION_ACCESSIBILITY_FOCUS - null, AccessibilityAction: ACTION_SHOW_ON_SCREEN - null]; isTextSelectable: false
08-26 17:28:58.119 23535 23535 I AccessibilityNodeInfoDumper: Skipping invisible child: android.view.accessibility.AccessibilityNodeInfo@1c780; boundsInParent: Rect(0, 0 - 1209, 336); boundsInScreen: Rect(36, 4494 - 1245, 2460); boundsInWindow: Rect(36, 4494 - 1245, 2460); packageName: dev.quickapp.kit.android; className: android.widget.FrameLayout; text: null; error: null; maxTextLength: -1; stateDescription: null; contentDescription: null; tooltipText: null; containerTitle: null; viewIdResName: null; uniqueId: null; checkable: false; checked: false; focusable: false; focused: false; selected: false; clickable: false; longClickable: false; contextClickable: false; enabled: true; password: false; scrollable: false; granularScrollingSupported: false; importantForAccessibility: false; visible: false; actions: [AccessibilityAction: ACTION_SELECT - null, AccessibilityAction: ACTION_CLEAR_SELECTION - null, AccessibilityAction: ACTION_ACCESSIBILITY_FOCUS - null, AccessibilityAction: ACTION_SHOW_ON_SCREEN - null]; isTextSelectable: false
08-26 17:28:58.119 23535 23535 I AccessibilityNodeInfoDumper: Skipping invisible child: android.view.accessibility.AccessibilityNodeInfo@1e1c7; boundsInParent: Rect(0, 0 - 1209, 336); boundsInScreen: Rect(36, 4854 - 1245, 2460); boundsInWindow: Rect(36, 4854 - 1245, 2460); packageName: dev.quickapp.kit.android; className: android.widget.FrameLayout; text: null; error: null; maxTextLength: -1; stateDescription: null; contentDescription: null; tooltipText: null; containerTitle: null; viewIdResName: null; uniqueId: null; checkable: false; checked: false; focusable: false; focused: false; selected: false; clickable: false; longClickable: false; contextClickable: false; enabled: true; password: false; scrollable: false; granularScrollingSupported: false; importantForAccessibility: false; visible: false; actions: [AccessibilityAction: ACTION_SELECT - null, AccessibilityAction: ACTION_CLEAR_SELECTION - null, AccessibilityAction: ACTION_ACCESSIBILITY_FOCUS - null, AccessibilityAction: ACTION_SHOW_ON_SCREEN - null]; isTextSelectable: false
08-26 17:28:58.120 23535 23535 I AccessibilityNodeInfoDumper: Skipping invisible child: android.view.accessibility.AccessibilityNodeInfo@1fc0e; boundsInParent: Rect(0, 0 - 1209, 336); boundsInScreen: Rect(36, 5214 - 1245, 2460); boundsInWindow: Rect(36, 5214 - 1245, 2460); packageName: dev.quickapp.kit.android; className: android.widget.FrameLayout; text: null; error: null; maxTextLength: -1; stateDescription: null; contentDescription: null; tooltipText: null; containerTitle: null; viewIdResName: null; uniqueId: null; checkable: false; checked: false; focusable: false; focused: false; selected: false; clickable: false; longClickable: false; contextClickable: false; enabled: true; password: false; scrollable: false; granularScrollingSupported: false; importantForAccessibility: false; visible: false; actions: [AccessibilityAction: ACTION_SELECT - null, AccessibilityAction: ACTION_CLEAR_SELECTION - null, AccessibilityAction: ACTION_ACCESSIBILITY_FOCUS - null, AccessibilityAction: ACTION_SHOW_ON_SCREEN - null]; isTextSelectable: false
08-26 17:28:58.120 23535 23535 I AccessibilityNodeInfoDumper: Skipping invisible child: android.view.accessibility.AccessibilityNodeInfo@21655; boundsInParent: Rect(0, 0 - 1209, 336); boundsInScreen: Rect(36, 5574 - 1245, 2460); boundsInWindow: Rect(36, 5574 - 1245, 2460); packageName: dev.quickapp.kit.android; className: android.widget.FrameLayout; text: null; error: null; maxTextLength: -1; stateDescription: null; contentDescription: null; tooltipText: null; containerTitle: null; viewIdResName: null; uniqueId: null; checkable: false; checked: false; focusable: false; focused: false; selected: false; clickable: false; longClickable: false; contextClickable: false; enabled: true; password: false; scrollable: false; granularScrollingSupported: false; importantForAccessibility: false; visible: false; actions: [AccessibilityAction: ACTION_SELECT - null, AccessibilityAction: ACTION_CLEAR_SELECTION - null, AccessibilityAction: ACTION_ACCESSIBILITY_FOCUS - null, AccessibilityAction: ACTION_SHOW_ON_SCREEN - null]; isTextSelectable: false
08-26 17:28:58.120 23535 23535 I AccessibilityNodeInfoDumper: Skipping invisible child: android.view.accessibility.AccessibilityNodeInfo@2309c; boundsInParent: Rect(0, 0 - 1209, 336); boundsInScreen: Rect(36, 5934 - 1245, 2460); boundsInWindow: Rect(36, 5934 - 1245, 2460); packageName: dev.quickapp.kit.android; className: android.widget.FrameLayout; text: null; error: null; maxTextLength: -1; stateDescription: null; contentDescription: null; tooltipText: null; containerTitle: null; viewIdResName: null; uniqueId: null; checkable: false; checked: false; focusable: false; focused: false; selected: false; clickable: false; longClickable: false; contextClickable: false; enabled: true; password: false; scrollable: false; granularScrollingSupported: false; importantForAccessibility: false; visible: false; actions: [AccessibilityAction: ACTION_SELECT - null, AccessibilityAction: ACTION_CLEAR_SELECTION - null, AccessibilityAction: ACTION_ACCESSIBILITY_FOCUS - null, AccessibilityAction: ACTION_SHOW_ON_SCREEN - null]; isTextSelectable: false
08-26 17:28:58.120 23535 23535 I AccessibilityNodeInfoDumper: Skipping invisible child: android.view.accessibility.AccessibilityNodeInfo@24ae3; boundsInParent: Rect(0, 0 - 1209, 336); boundsInScreen: Rect(36, 6294 - 1245, 2460); boundsInWindow: Rect(36, 6294 - 1245, 2460); packageName: dev.quickapp.kit.android; className: android.widget.FrameLayout; text: null; error: null; maxTextLength: -1; stateDescription: null; contentDescription: null; tooltipText: null; containerTitle: null; viewIdResName: null; uniqueId: null; checkable: false; checked: false; focusable: false; focused: false; selected: false; clickable: false; longClickable: false; contextClickable: false; enabled: true; password: false; scrollable: false; granularScrollingSupported: false; importantForAccessibility: false; visible: false; actions: [AccessibilityAction: ACTION_SELECT - null, AccessibilityAction: ACTION_CLEAR_SELECTION - null, AccessibilityAction: ACTION_ACCESSIBILITY_FOCUS - null, AccessibilityAction: ACTION_SHOW_ON_SCREEN - null]; isTextSelectable: false
08-26 17:28:58.120 23535 23535 I AccessibilityNodeInfoDumper: Skipping invisible child: android.view.accessibility.AccessibilityNodeInfo@2652a; boundsInParent: Rect(0, 0 - 1209, 336); boundsInScreen: Rect(36, 6654 - 1245, 2460); boundsInWindow: Rect(36, 6654 - 1245, 2460); packageName: dev.quickapp.kit.android; className: android.widget.FrameLayout; text: null; error: null; maxTextLength: -1; stateDescription: null; contentDescription: null; tooltipText: null; containerTitle: null; viewIdResName: null; uniqueId: null; checkable: false; checked: false; focusable: false; focused: false; selected: false; clickable: false; longClickable: false; contextClickable: false; enabled: true; password: false; scrollable: false; granularScrollingSupported: false; importantForAccessibility: false; visible: false; actions: [AccessibilityAction: ACTION_SELECT - null, AccessibilityAction: ACTION_CLEAR_SELECTION - null, AccessibilityAction: ACTION_ACCESSIBILITY_FOCUS - null, AccessibilityAction: ACTION_SHOW_ON_SCREEN - null]; isTextSelectable: false
08-26 17:28:58.120 23535 23535 I AccessibilityNodeInfoDumper: Skipping invisible child: android.view.accessibility.AccessibilityNodeInfo@27f71; boundsInParent: Rect(0, 0 - 1209, 336); boundsInScreen: Rect(36, 7014 - 1245, 2460); boundsInWindow: Rect(36, 7014 - 1245, 2460); packageName: dev.quickapp.kit.android; className: android.widget.FrameLayout; text: null; error: null; maxTextLength: -1; stateDescription: null; contentDescription: null; tooltipText: null; containerTitle: null; viewIdResName: null; uniqueId: null; checkable: false; checked: false; focusable: false; focused: false; selected: false; clickable: false; longClickable: false; contextClickable: false; enabled: true; password: false; scrollable: false; granularScrollingSupported: false; importantForAccessibility: false; visible: false; actions: [AccessibilityAction: ACTION_SELECT - null, AccessibilityAction: ACTION_CLEAR_SELECTION - null, AccessibilityAction: ACTION_ACCESSIBILITY_FOCUS - null, AccessibilityAction: ACTION_SHOW_ON_SCREEN - null]; isTextSelectable: false
08-26 17:28:58.120 23535 23535 I AccessibilityNodeInfoDumper: Skipping invisible child: android.view.accessibility.AccessibilityNodeInfo@299b8; boundsInParent: Rect(0, 0 - 1209, 336); boundsInScreen: Rect(36, 7374 - 1245, 2460); boundsInWindow: Rect(36, 7374 - 1245, 2460); packageName: dev.quickapp.kit.android; className: android.widget.FrameLayout; text: null; error: null; maxTextLength: -1; stateDescription: null; contentDescription: null; tooltipText: null; containerTitle: null; viewIdResName: null; uniqueId: null; checkable: false; checked: false; focusable: false; focused: false; selected: false; clickable: false; longClickable: false; contextClickable: false; enabled: true; password: false; scrollable: false; granularScrollingSupported: false; importantForAccessibility: false; visible: false; actions: [AccessibilityAction: ACTION_SELECT - null, AccessibilityAction: ACTION_CLEAR_SELECTION - null, AccessibilityAction: ACTION_ACCESSIBILITY_FOCUS - null, AccessibilityAction: ACTION_SHOW_ON_SCREEN - null]; isTextSelectable: false
08-26 17:28:58.120 23535 23535 I AccessibilityNodeInfoDumper: Skipping invisible child: android.view.accessibility.AccessibilityNodeInfo@2b3ff; boundsInParent: Rect(0, 0 - 1209, 336); boundsInScreen: Rect(36, 7734 - 1245, 2460); boundsInWindow: Rect(36, 7734 - 1245, 2460); packageName: dev.quickapp.kit.android; className: android.widget.FrameLayout; text: null; error: null; maxTextLength: -1; stateDescription: null; contentDescription: null; tooltipText: null; containerTitle: null; viewIdResName: null; uniqueId: null; checkable: false; checked: false; focusable: false; focused: false; selected: false; clickable: false; longClickable: false; contextClickable: false; enabled: true; password: false; scrollable: false; granularScrollingSupported: false; importantForAccessibility: false; visible: false; actions: [AccessibilityAction: ACTION_SELECT - null, AccessibilityAction: ACTION_CLEAR_SELECTION - null, AccessibilityAction: ACTION_ACCESSIBILITY_FOCUS - null, AccessibilityAction: ACTION_SHOW_ON_SCREEN - null]; isTextSelectable: false
08-26 17:28:58.128 23535 23535 W AccessibilityNodeInfoDumper: Fetch time: 41ms
08-26 17:28:58.129   657  1219 V AccessibilityManagerService: onUserStateChangedLocked for userId: 0, forceUpdate: false
08-26 17:28:58.130   657  1219 V AccessibilityUserState: updateShortcutTargets: type:accessibility_shortcut_target_service, current:{}, new:{}
08-26 17:28:58.130   657  1219 V AccessibilityUserState: updateShortcutTargets: type:accessibility_button_targets, current:{}, new:{}
08-26 17:28:58.130   657  1219 V AccessibilityUserState: updateShortcutTargets: type:accessibility_gesture_targets, current:{}, new:{}
08-26 17:28:58.130   657  1219 V AccessibilityUserState: updateShortcutTargets: type:accessibility_qs_targets, current:{}, new:{}
08-26 17:28:58.131   657  1219 V AccessibilityUserState: updateShortcutTargets: type:accessibility_key_gesture_targets, current:{}, new:{}
08-26 17:28:58.131   657  1219 V AccessibilityUserState: updateShortcutTargets: type:accessibility_top_row_key_targets, current:{}, new:{}
08-26 17:28:58.131   657  1219 V AccessibilityUserState: updateShortcutTargets: type:accessibility_quick_access_targets, current:{}, new:{}
08-26 17:28:58.131   657  1219 W MagnificationConnectionManager: requestConnection duplicated request: connect=false, mConnectionState=DISCONNECTED
08-26 17:28:58.131   657  1219 D AccessibilityManagerService: restoreCurrentUserForTestAutomationIfNeededLocked(): ignoring because device doesn't support visible background users
08-26 17:28:58.131   657   657 W libbinder.IPCThreadState: Sending oneway calls to frozen process.
08-26 17:28:58.131   657   657 W libbinder.IPCThreadState: Sending oneway calls to frozen process.
08-26 17:28:58.131   657   657 W libbinder.IPCThreadState: Sending oneway calls to frozen process.
08-26 17:28:58.131   657   657 W libbinder.IPCThreadState: Sending oneway calls to frozen process.
08-26 17:28:58.131   657   657 W libbinder.IPCThreadState: Sending oneway calls to frozen process.
08-26 17:28:58.131   657   657 W libbinder.IPCThreadState: Sending oneway calls to frozen process.
08-26 17:28:58.131   657   657 W libbinder.IPCThreadState: Sending oneway calls to frozen process.
08-26 17:28:58.131   657   657 W libbinder.IPCThreadState: Sending oneway calls to frozen process.
08-26 17:28:58.131   657   657 W libbinder.IPCThreadState: Sending oneway calls to frozen process.
08-26 17:28:58.131   657   657 W libbinder.IPCThreadState: Sending oneway calls to frozen process.
08-26 17:28:58.131   657   657 W libbinder.IPCThreadState: Sending oneway calls to frozen process.
08-26 17:28:58.132   657   657 W libbinder.IPCThreadState: Sending oneway calls to frozen process.
08-26 17:28:58.132   657   657 W libbinder.IPCThreadState: Sending oneway calls to frozen process.
08-26 17:28:58.132   657   657 W libbinder.IPCThreadState: Sending oneway calls to frozen process.
08-26 17:28:58.132   657   657 W libbinder.IPCThreadState: Sending oneway calls to frozen process.
08-26 17:28:58.132   657   657 W libbinder.IPCThreadState: Sending oneway calls to frozen process.
08-26 17:28:58.132   657   657 W libbinder.IPCThreadState: Sending oneway calls to frozen process.
08-26 17:28:58.132   657   657 W libbinder.IPCThreadState: Sending oneway calls to frozen process.
08-26 17:28:58.132   657   657 W libbinder.IPCThreadState: Sending oneway calls to frozen process.
08-26 17:28:58.132   657   657 W libbinder.IPCThreadState: Sending oneway calls to frozen process.
08-26 17:28:58.132   657   657 W libbinder.IPCThreadState: Sending oneway calls to frozen process.
08-26 17:28:58.132   657   657 D BatterySaverPolicy: accessibility changed to false, updating policy.
08-26 17:28:58.133 23535 23535 D AndroidRuntime: Shutting down VM
08-26 17:28:58.133 23535 23548 W libbinder.IPCThreadState: call to talkWithDriver in joinThreadPool returned error: -9 (Bad file descriptor), FD: -1
08-26 17:28:58.133 23535 23544 W libbinder.IPCThreadState: call to talkWithDriver in joinThreadPool returned error: -9 (Bad file descriptor), FD: -1
08-26 17:28:58.133 23535 23545 W libbinder.IPCThreadState: call to talkWithDriver in joinThreadPool returned error: -9 (Bad file descriptor), FD: -1
08-26 17:28:58.133  1777  8087 I AiAiEcho: Settings changed for uri: content://settings/secure/accessibility_enabled
08-26 17:28:58.134  1777  1991 I AiAiEcho: Predicting[0]:  [CONTEXT sampling_count=5 ]
08-26 17:28:58.134  1777  1991 I AiAiEcho: EchoTargets: 
08-26 17:28:58.134  1777  1991 I AiAiEcho: Filtered by AiAi flag check: 
08-26 17:28:58.134  1777  1991 I AiAiEcho: [CONTEXT ratelimit_period="10 SECONDS" ]
08-26 17:28:58.134  1777  1991 I AiAiEcho: #remoteViewsTwiddler: feature disabled.
08-26 17:28:58.135  1777  1991 I AiAiEcho: #postPredictionTargets: Sending updates to UISurface home with targets# 0 (types=[])
08-26 17:28:58.146   492   492 W skia    : AGTM parsing failed flags.readFromStream(s) at 159
08-26 17:28:58.147   492   492 W skia    : AGTM parsing failed flags.readFromStream(s) at 159
08-26 17:28:58.147   492   492 W skia    : AGTM parsing failed flags.readFromStream(s) at 159
08-26 17:28:58.147   492   492 W skia    : AGTM parsing failed flags.readFromStream(s) at 159
08-26 17:28:58.147   492   492 W skia    : AGTM parsing failed flags.readFromStream(s) at 159
08-26 17:28:58.150   492   534 W skia    : AGTM parsing failed flags.readFromStream(s) at 159
08-26 17:28:58.182   492   492 W skia    : AGTM parsing failed flags.readFromStream(s) at 159
08-26 17:28:58.182   492   492 W skia    : AGTM parsing failed flags.readFromStream(s) at 159
08-26 17:28:58.182   492   492 W skia    : AGTM parsing failed flags.readFromStream(s) at 159
08-26 17:28:58.182   492   492 W skia    : AGTM parsing failed flags.readFromStream(s) at 159
08-26 17:28:58.182   492   492 W skia    : AGTM parsing failed flags.readFromStream(s) at 159
08-26 17:28:58.213   492   492 W skia    : AGTM parsing failed flags.readFromStream(s) at 159
08-26 17:28:58.213   492   492 W skia    : AGTM parsing failed flags.readFromStream(s) at 159
08-26 17:28:58.213   492   492 W skia    : AGTM parsing failed flags.readFromStream(s) at 159
08-26 17:28:58.213   492   492 W skia    : AGTM parsing failed flags.readFromStream(s) at 159
08-26 17:28:58.213   492   492 W skia    : AGTM parsing failed flags.readFromStream(s) at 159
08-26 17:28:58.250   492   534 W skia    : AGTM parsing failed flags.readFromStream(s) at 159
08-26 17:28:58.715   438  2672 D android.hardware.audio@7.1-impl.ranchu: threadLoop: entering standby, frames: 15413696
08-26 17:28:58.715   438  2672 D android.hardware.audio@7.1-impl.ranchu: ~TinyalsaSink: joining consumeThread
08-26 17:28:58.715   438 23530 D android.hardware.audio@7.1-impl.ranchu: consumeThread: exiting
08-26 17:28:58.999   517   517 I adbd    : adbd service requested 'shell,v2,TERM=dumb,raw:cat /sdcard/jsabi-cart.xml'
08-26 17:28:59.044   517   517 I adbd    : adbd service requested 'shell,v2,TERM=dumb,raw:input tap 1093 2754'
08-26 17:28:59.061 23349 23349 I QuickAppKit: android.input.tabs.change surface=srf:1 node=node:8 index=3 value=我的
08-26 17:28:59.061 23349 23349 I QuickAppKit: android.event.change.received surface=srf:1 node=node:8
08-26 17:28:59.062 23349 23424 I QuickAppKit: android.event.js_callback posted=1 error=
08-26 17:28:59.062 23349 23425 I QuickAppKit: android.event.handler_execute surface=srf:1 handler=hdl:3 dispatched=1
08-26 17:28:59.062 23349 23424 I QuickAppKit: android.event.change.dispatched=1
08-26 17:28:59.063   657   925 W AS.PlaybackActivityMon: No piid assigned for invalid/internal port id 16
08-26 17:28:59.064   488   516 D AudioFlinger: mixer(0xb40078b88a03b790) throttle end: throttle time(40)
08-26 17:28:59.065   657  1937 W AS.PlaybackActivityMon: No piid assigned for invalid/internal port id 16
08-26 17:28:59.080   492   492 W skia    : AGTM parsing failed flags.readFromStream(s) at 159
08-26 17:28:59.100   492   534 W skia    : AGTM parsing failed flags.readFromStream(s) at 159
08-26 17:28:59.224   488   505 I APM_AudioPolicyManager: getNewOutputDevices io 13 recent device override {AUDIO_DEVICE_OUT_SPEAKER, @:}
08-26 17:28:59.623   517   517 I adbd    : adbd service requested 'shell,v2,raw:dumpsys package com.google.android.gms'
08-26 17:28:59.676  2635  2719 I artd    : GetBestInfo: odex next to the dex file (/data/app/~~bX9OEGQ8NofBOJHm0BYQkg==/com.google.android.gms-Gv8nBSt27pvHbuElOejyNw==/oat/arm64/base.odex) is kOatUpToDate with filter 'verify' executable 'false'
08-26 17:28:59.676  2635  2719 I artd    : GetBestInfo: odex next to the dex file (/data/app/~~bX9OEGQ8NofBOJHm0BYQkg==/com.google.android.gms-Gv8nBSt27pvHbuElOejyNw==/oat/arm64/base.odex) is kOatUpToDate with filter 'verify' executable 'false'
08-26 17:28:59.678  2635  2719 I artd    : GetBestInfo: dm (/data/app/~~bX9OEGQ8NofBOJHm0BYQkg==/com.google.android.gms-Gv8nBSt27pvHbuElOejyNw==/split_AdsDynamite_installtime.dm) is kOatUpToDate with filter 'verify' executable 'false'
08-26 17:28:59.678  2635  2719 I artd    : GetBestInfo: odex next to the dex file (/data/app/~~bX9OEGQ8NofBOJHm0BYQkg==/com.google.android.gms-Gv8nBSt27pvHbuElOejyNw==/oat/arm64/split_CronetDynamite_installtime.odex) is kOatUpToDate with filter 'speed-profile' executable 'false'
08-26 17:28:59.678  2635  2719 I artd    : GetBestInfo: odex next to the dex file (/data/app/~~bX9OEGQ8NofBOJHm0BYQkg==/com.google.android.gms-Gv8nBSt27pvHbuElOejyNw==/oat/arm64/split_CronetDynamite_installtime.odex) is kOatUpToDate with filter 'speed-profile' executable 'false'
08-26 17:28:59.680  2635 20535 I artd    : GetBestInfo: dm (/data/app/~~bX9OEGQ8NofBOJHm0BYQkg==/com.google.android.gms-Gv8nBSt27pvHbuElOejyNw==/split_DynamiteLoader_installtime.dm) is kOatUpToDate with filter 'verify' executable 'false'
08-26 17:28:59.683  2635 20535 I artd    : GetBestInfo: dm (/data/app/~~bX9OEGQ8NofBOJHm0BYQkg==/com.google.android.gms-Gv8nBSt27pvHbuElOejyNw==/split_DynamiteModulesA_installtime.dm) is kOatUpToDate with filter 'verify' executable 'false'
08-26 17:28:59.686  2635 20535 I artd    : GetBestInfo: dm (/data/app/~~bX9OEGQ8NofBOJHm0BYQkg==/com.google.android.gms-Gv8nBSt27pvHbuElOejyNw==/split_DynamiteModulesC_installtime.dm) is kOatUpToDate with filter 'verify' executable 'false'
08-26 17:28:59.687  2635 20535 I artd    : GetBestInfo: dm (/data/app/~~bX9OEGQ8NofBOJHm0BYQkg==/com.google.android.gms-Gv8nBSt27pvHbuElOejyNw==/split_GoogleCertificates_installtime.dm) is kOatUpToDate with filter 'verify' executable 'false'
08-26 17:28:59.688  2635 20535 I artd    : GetBestInfo: dm (/data/app/~~bX9OEGQ8NofBOJHm0BYQkg==/com.google.android.gms-Gv8nBSt27pvHbuElOejyNw==/split_MapsDynamite_installtime.dm) is kOatUpToDate with filter 'verify' executable 'false'
08-26 17:28:59.690  2635 20535 I artd    : GetBestInfo: dm (/data/app/~~bX9OEGQ8NofBOJHm0BYQkg==/com.google.android.gms-Gv8nBSt27pvHbuElOejyNw==/split_MeasurementDynamite_installtime.dm) is kOatUpToDate with filter 'verify' executable 'false'
08-26 17:28:59.691  2635 20535 I artd    : GetBestInfo: dm (/data/app/~~bX9OEGQ8NofBOJHm0BYQkg==/com.google.android.gms-Gv8nBSt27pvHbuElOejyNw==/split_all_locale_splits.dm) is kOatUpToDate with filter 'verify' executable 'false'
08-26 17:28:59.692  2635 20535 I artd    : GetBestInfo: /data/user_de/0/com.google.android.gms/app_chimera/m/0000000c/dl-TfliteDynamiteDynamite.integ_252130102100400.apk has no usable artifacts
08-26 17:28:59.692  2635 20535 I artd    : GetBestInfo: /data/user_de/0/com.google.android.gms/app_chimera/m/00000001/CronetDynamite.apk has no usable artifacts
08-26 17:28:59.694  2635 20535 I artd    : GetBestInfo: vdex next to the dex file (/data/user/0/com.google.android.gms/app_dg_cache/F43216EC192C66BFB5A30C3CDD57E8C5C9005730/oat/arm64/the.vdex) is kOatUpToDate with filter 'verify' executable 'false'
08-26 17:28:59.694  2635  2719 I artd    : GetBestInfo: /data/user_de/0/com.google.android.gms/app_chimera/m/00000002/DynamiteLoader.apk has no usable artifacts
08-26 17:28:59.696  2635  2719 I artd    : GetBestInfo: /data/user_de/0/com.google.android.gms/app_chimera/m/00000012/dl-MlkitBarcodeUi.optional_263234100400.apk has no usable artifacts
08-26 17:28:59.696  2635  2719 I artd    : GetBestInfo: /data/user_de/0/com.google.android.gms/app_chimera/m/00000005/GoogleCertificates.apk has no usable artifacts
08-26 17:28:59.697  2635  2719 I artd    : GetBestInfo: /data/user_de/0/com.google.android.gms/app_chimera/m/00000015/dl-TfliteDynamiteDynamite.integ_260580502100400.apk has no usable artifacts
08-26 17:28:59.698  2635  2719 I artd    : GetBestInfo: /data/user_de/0/com.google.android.gms/app_chimera/m/0000000f/dl-MlkitBarcodeUi.optional_262236100400.apk has no usable artifacts
08-26 17:28:59.699  2635  2719 I artd    : GetBestInfo: /data/user_de/0/com.google.android.gms/app_chimera/m/00000016/dl-PlayCloudSearch.optional_263234100000.apk has no usable artifacts
08-26 17:28:59.700  2635 20535 I artd    : GetBestInfo: /data/user_de/0/com.google.android.gms/app_chimera/m/00000010/dl-PlayCloudSearch.optional_262236100000.apk has no usable artifacts
08-26 17:28:59.701  2635  2719 I artd    : GetBestInfo: vdex next to the dex file (/data/user/0/com.google.android.gms/app_dg_cache/708EA63B31A09E17FD6C7CDE0FE83B45EA4CEC30/oat/arm64/the.vdex) is kOatUpToDate with filter 'verify' executable 'false'
08-26 17:28:59.702  2635  2719 I artd    : GetBestInfo: /data/user_de/0/com.google.android.gms/app_chimera/m/00000008/dl-VisionOcr.optional_262236100000.apk has no usable artifacts
08-26 17:28:59.703  2635  2719 I artd    : GetBestInfo: vdex next to the dex file (/data/user/0/com.google.android.gms/app_dg_cache/D04EBEF623804AD1CEE87B2156DE98F2840B89F7/oat/arm64/the.vdex) is kOatUpToDate with filter 'verify' executable 'false'
08-26 17:28:59.704  2635  2719 I artd    : GetBestInfo: /data/user_de/0/com.google.android.gms/app_chimera/m/0000000b/dl-MlkitOcrCommon.optional_262236100400.apk has no usable artifacts
08-26 17:28:59.705  2635  2719 I artd    : GetBestInfo: /data/user_de/0/com.google.android.gms/app_chimera/m/00000014/dl-MlkitOcrCommon.optional_263234100400.apk has no usable artifacts
08-26 17:28:59.706  2635  2719 I artd    : GetBestInfo: /data/user_de/0/com.google.android.gms/app_chimera/m/00000009/dl-Appsearch.optional_262236100400.apk has no usable artifacts
08-26 17:28:59.706  2635  2719 I artd    : GetBestInfo: /data/user_de/0/com.google.android.gms/app_chimera/m/00000017/dl-VisionOcr.optional_263234100000.apk has no usable artifacts
08-26 17:28:59.707  2635  2719 I artd    : GetBestInfo: /data/user_de/0/com.google.android.gms/app_chimera/m/00000007/MeasurementDynamite.apk has no usable artifacts
08-26 17:28:59.707  2635  2719 I artd    : GetBestInfo: /data/user_de/0/com.google.android.gms/app_chimera/m/00000011/dl-Appsearch.optional_263234100400.apk has no usable artifacts
08-26 17:29:00.030   492   492 W skia    : AGTM parsing failed flags.readFromStream(s) at 159
08-26 17:29:00.033   492   534 W skia    : AGTM parsing failed flags.readFromStream(s) at 159
08-26 17:29:00.097   517   517 I adbd    : adbd service requested 'exec:screencap '-p''
08-26 17:29:00.135 23564 23564 W libbinder.BackendUnifiedServiceManager: Thread Pool max thread count is 0. Cannot cache binder as linkToDeath cannot be implemented. serviceName: SurfaceFlingerAIDL
08-26 17:29:00.135 23564 23564 W libbinder.BpBinder: Linking to death on android.gui.ISurfaceComposer but there are no threads (yet?) listening to incoming transactions. See ProcessState::startThreadPool and ProcessState::setThreadPoolMaxThreadCount. Generally you should setup the binder threadpool before other initialization steps.
08-26 17:29:00.136 23564 23564 W libbinder.ProcessState: Extra binder thread started, but 0 threads requested. Do not use *startThreadPool when zero threads are requested.
08-26 17:29:00.144   492   534 W skia    : AGTM parsing failed flags.readFromStream(s) at 159
08-26 17:29:00.144   492   534 W skia    : AGTM parsing failed flags.readFromStream(s) at 159
08-26 17:29:00.144   492   534 W skia    : AGTM parsing failed flags.readFromStream(s) at 159
08-26 17:29:00.160 23564 23565 W libc    : Access denied finding property "vendor.mesa.virtgpu.kumquat"
08-26 17:29:00.312   517   517 I adbd    : adbd service requested 'shell,v2,TERM=dumb,raw:uiautomator dump /sdcard/jsabi-mine.xml'
08-26 17:29:00.348 23566 23566 D AndroidRuntime: >>>>>> START com.android.internal.os.RuntimeInit uid 2000 <<<<<<
08-26 17:29:00.350 23566 23566 I AndroidRuntime: Using default boot image
08-26 17:29:00.350 23566 23566 I AndroidRuntime: Leaving lock profiling enabled
08-26 17:29:00.351 23566 23566 I app_process: Core platform API enforcement reporting only by runtime option
08-26 17:29:00.351 23566 23566 I app_process: Using generational CollectorTypeCMC GC.
08-26 17:29:00.374 23566 23566 D nativeloader: InitDefaultPublicLibraries for_preload=1: libandroid.so:libaaudio.so:libamidi.so:libbinder_ndk.so:libc.so:libcamera2ndk.so:libdl.so:libEGL.so:libGLESv1_CM.so:libGLESv2.so:libGLESv3.so:libicu.so:libicui18n.so:libicuuc.so:libjnigraphics.so:liblog.so:libmediandk.so:libm.so:libnativehelper.so:libnativewindow.so:libOpenMAXAL.so:libOpenSLES.so:libRS.so:libstdc++.so:libsync.so:libvulkan.so:libwebviewchromium_plat_support.so:libz.so
08-26 17:29:00.379 23566 23566 D nativeloader: Load libicu_jni.so using APEX ns com_android_art for caller /apex/com.android.art/javalib/core-oj.jar: ok
08-26 17:29:00.379 23566 23566 D app_process: u_setTimeZoneFilesDirectory("/apex/com.android.tzdata/etc/tz/versioned/10/icu") succeeded. 
08-26 17:29:00.380 23566 23566 D app_process: I18n APEX ICU file found: /apex/com.android.i18n/etc/icu/icudt78l.dat
08-26 17:29:00.380 23566 23566 D nativeloader: Load libjavacore.so using APEX ns com_android_art for caller /apex/com.android.art/javalib/core-oj.jar: ok
08-26 17:29:00.380 23566 23566 D nativeloader: Load libopenjdk.so using APEX ns com_android_art for caller /apex/com.android.art/javalib/core-oj.jar: ok
08-26 17:29:00.381 23566 23566 I app_process: Priority-to-niceness mapping: 19, 16, 13, 10, 0, -2, -4, -5, -6, -8
08-26 17:29:00.381 23566 23566 W app_process: ClassLoaderContext shared library size mismatch. Expected=2, found=0 (PCL[]{PCL[/system/framework/android.test.base.jar*1579129895]#PCL[/system/framework/android.test.mock.jar*1147775851]} | PCL[])
08-26 17:29:00.381 23566 23566 W app_process: ClassLoaderContext classpath size mismatch. expected=0, found=1 (PCL[]{PCL[/system/framework/android.test.runner.jar*2652887513]{PCL[/system/framework/android.test.base.jar*1579129895]#PCL[/system/framework/android.test.mock.jar*1147775851]}#PCL[/system/framework/android.test.base.jar*1579129895]} | PCL[/system/framework/android.test.runner.jar*2652887513])
08-26 17:29:00.392 23566 23566 D nativeloader: Load libframework-connectivity-tiramisu-jni.so using APEX ns com_android_tethering for caller /apex/com.android.tethering/javalib/framework-connectivity-t.jar: ok
08-26 17:29:00.392 23566 23566 D AndroidRuntime: Calling main entry com.android.commands.uiautomator.Launcher
08-26 17:29:00.393 23566 23566 I AconfigPackage: android.media.swcodec.flags is mapped to com.android.media.swcodec
08-26 17:29:00.394 23566 23566 I AconfigPackage: com.android.permission.flags is mapped to com.android.permission
08-26 17:29:00.394 23566 23566 I AconfigPackage: com.android.permissioncontroller.flags is mapped to com.android.permission
08-26 17:29:00.394 23566 23566 I AconfigPackage: com.google.android.widevine.flags is mapped to com.google.android.widevine
08-26 17:29:00.394 23566 23566 I AconfigPackage: com.android.icu is mapped to com.android.i18n
08-26 17:29:00.394 23566 23566 I AconfigPackage: com.android.appsearch.flags is mapped to com.android.appsearch
08-26 17:29:00.394 23566 23566 I AconfigPackage: com.android.uprobestats.flags is mapped to com.android.uprobestats
08-26 17:29:00.394 23566 23566 I AconfigPackage: android.uprobestats.mainline.flags is mapped to com.android.uprobestats
08-26 17:29:00.394 23566 23566 I AconfigPackage: com.android.crashrecovery.flags is mapped to com.android.crashrecovery
08-26 17:29:00.394 23566 23566 I AconfigPackage: android.provider.flags is mapped to com.android.configinfrastructure
08-26 17:29:00.394 23566 23566 I AconfigPackage: com.android.server.deviceconfig is mapped to com.android.configinfrastructure
08-26 17:29:00.394 23566 23566 I AconfigPackage: com.android.art.flags is mapped to com.android.art
08-26 17:29:00.394 23566 23566 I AconfigPackage: com.android.art.rw.flags is mapped to com.android.art
08-26 17:29:00.394 23566 23566 I AconfigPackage: com.android.libcore is mapped to com.android.art
08-26 17:29:00.394 23566 23566 I AconfigPackage: android.telecom.flags is mapped to com.android.telephonycore
08-26 17:29:00.394 23566 23566 I AconfigPackage: com.android.internal.telecom.flags is mapped to com.android.telephonycore
08-26 17:29:00.394 23566 23566 I AconfigPackage: com.android.telephony.flags is mapped to com.android.telephonycore
08-26 17:29:00.394 23566 23566 I AconfigPackage: com.android.media.extractor.flags is mapped to com.android.media
08-26 17:29:00.394 23566 23566 I AconfigPackage: com.android.media.metrics.flags is mapped to com.android.media
08-26 17:29:00.394 23566 23566 I AconfigPackage: com.android.media.mainline.flags is mapped to com.android.media
08-26 17:29:00.394 23566 23566 I AconfigPackage: com.android.wifi.flags is mapped to com.android.wifi
08-26 17:29:00.394 23566 23566 I AconfigPackage: com.android.org.conscrypt.flags is mapped to com.android.conscrypt
08-26 17:29:00.394 23566 23566 I AconfigPackage: com.android.org.conscrypt.net.flags is mapped to com.android.conscrypt
08-26 17:29:00.394 23566 23566 I AconfigPackage: com.android.healthfitness.flags is mapped to com.android.healthfitness
08-26 17:29:00.394 23566 23566 I AconfigPackage: com.android.healthfitness.beta is mapped to com.android.healthfitness
08-26 17:29:00.394 23566 23566 I AconfigPackage: com.android.ipsec.flags is mapped to com.android.ipsec
08-26 17:29:00.394 23566 23566 I AconfigPackage: com.android.nfc.module.flags is mapped to com.android.nfcservices
08-26 17:29:00.394 23566 23566 I AconfigPackage: com.android.nfc.module.nonexported.flags is mapped to com.android.nfcservices
08-26 17:29:00.394 23566 23566 I AconfigPackage: com.android.adservices.ondevicepersonalization.flags is mapped to com.android.ondevicepersonalization
08-26 17:29:00.394 23566 23566 I AconfigPackage: com.android.scheduling.flags is mapped to com.android.scheduling
08-26 17:29:00.394 23566 23566 I AconfigPackage: com.android.adbd.flags is mapped to com.android.adbd
08-26 17:29:00.394 23566 23566 I AconfigPackage: com.android.bluetooth.beta.flags is mapped to com.android.bt
08-26 17:29:00.394 23566 23566 I AconfigPackage: com.android.bluetooth.flags is mapped to com.android.bt
08-26 17:29:00.394 23566 23566 I AconfigPackage: com.android.devicelock.flags is mapped to com.android.devicelock
08-26 17:29:00.394 23566 23566 I AconfigPackage: android.os.profiling is mapped to com.android.profiling
08-26 17:29:00.394 23566 23566 I AconfigPackage: android.os.profiling.anomaly.beta.flags is mapped to com.android.profiling
08-26 17:29:00.394 23566 23566 I AconfigPackage: android.os.profiling.anomaly.flags is mapped to com.android.profiling
08-26 17:29:00.395 23566 23566 I AconfigPackage: com.android.os.statsd.flags is mapped to com.android.os.statsd
08-26 17:29:00.395 23566 23566 I AconfigPackage: com.android.webapp.flags is mapped to com.android.webapp
08-26 17:29:00.395 23566 23566 I AconfigPackage: com.android.rkpd.flags is mapped to com.android.rkpd
08-26 17:29:00.395 23566 23566 I AconfigPackage: com.android.cellbroadcastreceiver.flags is mapped to com.android.cellbroadcast
08-26 17:29:00.395 23566 23566 I AconfigPackage: com.android.adservices.flags is mapped to com.android.adservices
08-26 17:29:00.395 23566 23566 I AconfigPackage: com.android.sdksandbox.flags is mapped to com.android.adservices
08-26 17:29:00.395 23566 23566 I AconfigPackage: android.app.sdksandbox.flags is mapped to com.android.adservices
08-26 17:29:00.395 23566 23566 I AconfigPackage: com.android.uwb.flags is mapped to com.android.uwb
08-26 17:29:00.395 23566 23566 I AconfigPackage: com.android.ranging.flags is mapped to com.android.uwb
08-26 17:29:00.395 23566 23566 I AconfigPackage: com.android.npumanager is mapped to com.android.npumanager
08-26 17:29:00.395 23566 23566 I AconfigPackage: com.android.signature.flags is mapped to com.android.mediaprovider
08-26 17:29:00.395 23566 23566 I AconfigPackage: com.android.providers.media.flags is mapped to com.android.mediaprovider
08-26 17:29:00.395 23566 23566 I AconfigPackage: android.graphics.pdf.flags is mapped to com.android.mediaprovider
08-26 17:29:00.395 23566 23566 I AconfigPackage: android.graphics.pdf.flags.readonly is mapped to com.android.mediaprovider
08-26 17:29:00.395 23566 23566 I AconfigPackage: com.android.tethering.mainline.beta is mapped to com.android.tethering
08-26 17:29:00.395 23566 23566 I AconfigPackage: android.net.http is mapped to com.android.tethering
08-26 17:29:00.395 23566 23566 I AconfigPackage: com.android.tethering.readonly.flags is mapped to com.android.tethering
08-26 17:29:00.395 23566 23566 I AconfigPackage: android.net.vcn is mapped to com.android.tethering
08-26 17:29:00.395 23566 23566 I AconfigPackage: com.android.net.flags is mapped to com.android.tethering
08-26 17:29:00.395 23566 23566 I AconfigPackage: com.android.tethering.flags is mapped to com.android.tethering
08-26 17:29:00.395 23566 23566 I AconfigPackage: com.android.tethering.beta.test is mapped to com.android.tethering
08-26 17:29:00.395 23566 23566 I AconfigPackage: com.android.nearby.flags is mapped to com.android.tethering
08-26 17:29:00.395 23566 23566 I AconfigPackage: com.android.net.thread.flags is mapped to com.android.tethering
08-26 17:29:00.395 23566 23566 I AconfigPackage: android.net.http.flags is mapped to com.android.tethering
08-26 17:29:00.395 23566 23566 I AconfigPackage: com.android.system.virtualmachine.flags is mapped to com.android.virt
08-26 17:29:00.395 23566 23566 E FeatureFlagsImplExport: android.os.flagging.AconfigStorageReadException: ERROR_PACKAGE_NOT_FOUND: package android.xr cannot be found on the device
08-26 17:29:00.396 23566 23566 D UiAutomationConnection: Created on user UserHandle{0}
08-26 17:29:00.396 23566 23566 I UiAutomation: Initialized for user 0 on display 0
08-26 17:29:00.396 23566 23566 W UiAutomation: Created with deprecatead constructor, assumes DEFAULT_DISPLAY
08-26 17:29:00.397   657  1495 D AccessibilityManagerService: changeCurrentUserForTestAutomationIfNeededLocked(0): ignoring because device doesn't support visible background users
08-26 17:29:00.397   657  1495 I UiAutomationManager: Registering UiTestAutomationService (id=com.android.server.accessibility/UiAutomation, flags=0x0) when called by user 0
08-26 17:29:00.397   657  1495 V AccessibilityManagerService: onUserStateChangedLocked for userId: 0, forceUpdate: false
08-26 17:29:00.397   657  1495 V AccessibilityUserState: updateShortcutTargets: type:accessibility_shortcut_target_service, current:{}, new:{}
08-26 17:29:00.397   657  1495 V AccessibilityUserState: updateShortcutTargets: type:accessibility_button_targets, current:{}, new:{}
08-26 17:29:00.397   657  1495 V AccessibilityUserState: updateShortcutTargets: type:accessibility_gesture_targets, current:{}, new:{}
08-26 17:29:00.397   657  1495 V AccessibilityUserState: updateShortcutTargets: type:accessibility_qs_targets, current:{}, new:{}
08-26 17:29:00.397   657  1495 V AccessibilityUserState: updateShortcutTargets: type:accessibility_key_gesture_targets, current:{}, new:{}
08-26 17:29:00.397   657  1495 V AccessibilityUserState: updateShortcutTargets: type:accessibility_top_row_key_targets, current:{}, new:{}
08-26 17:29:00.397   657  1495 V AccessibilityUserState: updateShortcutTargets: type:accessibility_quick_access_targets, current:{}, new:{}
08-26 17:29:00.397   657  1495 W MagnificationConnectionManager: requestConnection duplicated request: connect=false, mConnectionState=DISCONNECTED
08-26 17:29:00.397  1777  8087 I AiAiEcho: Settings changed for uri: content://settings/secure/accessibility_enabled
08-26 17:29:00.398  1777  1991 I AiAiEcho: Predicting[0]:  [CONTEXT sampling_count=5 ]
08-26 17:29:00.398  1777  1991 I AiAiEcho: EchoTargets: 
08-26 17:29:00.398  1777  1991 I AiAiEcho: Filtered by AiAi flag check: 
08-26 17:29:00.398  1777  1991 I AiAiEcho: [CONTEXT ratelimit_period="10 SECONDS" ]
08-26 17:29:00.398   657   657 W libbinder.IPCThreadState: Sending oneway calls to frozen process.
08-26 17:29:00.398   657   657 W libbinder.IPCThreadState: Sending oneway calls to frozen process.
08-26 17:29:00.398   657   657 W libbinder.IPCThreadState: Sending oneway calls to frozen process.
08-26 17:29:00.398   657   657 W libbinder.IPCThreadState: Sending oneway calls to frozen process.
08-26 17:29:00.398   657   657 W libbinder.IPCThreadState: Sending oneway calls to frozen process.
08-26 17:29:00.398  1777  1991 I AiAiEcho: #remoteViewsTwiddler: feature disabled.
08-26 17:29:00.398   657   657 W libbinder.IPCThreadState: Sending oneway calls to frozen process.
08-26 17:29:00.398   657   657 W libbinder.IPCThreadState: Sending oneway calls to frozen process.
08-26 17:29:00.398   657   657 W libbinder.IPCThreadState: Sending oneway calls to frozen process.
08-26 17:29:00.398   657   657 W libbinder.IPCThreadState: Sending oneway calls to frozen process.
08-26 17:29:00.398   657   657 W libbinder.IPCThreadState: Sending oneway calls to frozen process.
08-26 17:29:00.398   657   657 W libbinder.IPCThreadState: Sending oneway calls to frozen process.
08-26 17:29:00.398   657   657 W libbinder.IPCThreadState: Sending oneway calls to frozen process.
08-26 17:29:00.399   657   657 W libbinder.IPCThreadState: Sending oneway calls to frozen process.
08-26 17:29:00.399   657   657 W libbinder.IPCThreadState: Sending oneway calls to frozen process.
08-26 17:29:00.399   657   657 W libbinder.IPCThreadState: Sending oneway calls to frozen process.
08-26 17:29:00.399   657   657 W libbinder.IPCThreadState: Sending oneway calls to frozen process.
08-26 17:29:00.399   657   657 W libbinder.IPCThreadState: Sending oneway calls to frozen process.
08-26 17:29:00.399   657   657 W libbinder.IPCThreadState: Sending oneway calls to frozen process.
08-26 17:29:00.399   657   657 W libbinder.IPCThreadState: Sending oneway calls to frozen process.
08-26 17:29:00.399   657   657 W libbinder.IPCThreadState: Sending oneway calls to frozen process.
08-26 17:29:00.399   657   657 W libbinder.IPCThreadState: Sending oneway calls to frozen process.
08-26 17:29:00.399   657   657 D BatterySaverPolicy: accessibility changed to true, updating policy.
08-26 17:29:00.400  1777  1991 I AiAiEcho: #postPredictionTargets: Sending updates to UISurface home with targets# 0 (types=[])
08-26 17:29:00.400   657  2056 V AccessibilityManagerService: onUserStateChangedLocked for userId: 0, forceUpdate: false
08-26 17:29:00.402   657  2056 V AccessibilityUserState: updateShortcutTargets: type:accessibility_shortcut_target_service, current:{}, new:{}
08-26 17:29:00.402   657  2056 V AccessibilityUserState: updateShortcutTargets: type:accessibility_button_targets, current:{}, new:{}
08-26 17:29:00.402   657  2056 V AccessibilityUserState: updateShortcutTargets: type:accessibility_gesture_targets, current:{}, new:{}
08-26 17:29:00.402   657  2056 V AccessibilityUserState: updateShortcutTargets: type:accessibility_qs_targets, current:{}, new:{}
08-26 17:29:00.402   657  2056 V AccessibilityUserState: updateShortcutTargets: type:accessibility_key_gesture_targets, current:{}, new:{}
08-26 17:29:00.402   657  2056 V AccessibilityUserState: updateShortcutTargets: type:accessibility_top_row_key_targets, current:{}, new:{}
08-26 17:29:00.402   657  2056 V AccessibilityUserState: updateShortcutTargets: type:accessibility_quick_access_targets, current:{}, new:{}
08-26 17:29:00.402   657  2056 W MagnificationConnectionManager: requestConnection duplicated request: connect=false, mConnectionState=DISCONNECTED
08-26 17:29:00.402  1777  1810 I AiAiEcho: Settings changed for uri: content://settings/secure/accessibility_enabled
08-26 17:29:00.402  1777  1991 I AiAiEcho: Predicting[0]:  [CONTEXT sampling_count=5 ]
08-26 17:29:00.402   657   657 W libbinder.IPCThreadState: Sending oneway calls to frozen process.
08-26 17:29:00.403   657   657 W libbinder.IPCThreadState: Sending oneway calls to frozen process.
08-26 17:29:00.403   657   657 W libbinder.IPCThreadState: Sending oneway calls to frozen process.
08-26 17:29:00.403   657   657 W libbinder.IPCThreadState: Sending oneway calls to frozen process.
08-26 17:29:00.403   657   657 W libbinder.IPCThreadState: Sending oneway calls to frozen process.
08-26 17:29:00.403   657   657 W libbinder.IPCThreadState: Sending oneway calls to frozen process.
08-26 17:29:00.403   657   657 W libbinder.IPCThreadState: Sending oneway calls to frozen process.
08-26 17:29:00.403   657   657 W libbinder.IPCThreadState: Sending oneway calls to frozen process.
08-26 17:29:00.403   657   657 W libbinder.IPCThreadState: Sending oneway calls to frozen process.
08-26 17:29:00.403  1777  1991 I AiAiEcho: EchoTargets: 
08-26 17:29:00.403  1777  1991 I AiAiEcho: Filtered by AiAi flag check: 
08-26 17:29:00.403  1777  1991 I AiAiEcho: [CONTEXT ratelimit_period="10 SECONDS" ]
08-26 17:29:00.403   657   657 W libbinder.IPCThreadState: Sending oneway calls to frozen process.
08-26 17:29:00.403   657   657 W libbinder.IPCThreadState: Sending oneway calls to frozen process.
08-26 17:29:00.403   657   657 W libbinder.IPCThreadState: Sending oneway calls to frozen process.
08-26 17:29:00.403   657   657 W libbinder.IPCThreadState: Sending oneway calls to frozen process.
08-26 17:29:00.403   657   657 W libbinder.IPCThreadState: Sending oneway calls to frozen process.
08-26 17:29:00.403  1777  1991 I AiAiEcho: #remoteViewsTwiddler: feature disabled.
08-26 17:29:00.403  1777  1991 I AiAiEcho: #postPredictionTargets: Sending updates to UISurface home with targets# 0 (types=[])
08-26 17:29:00.405   657  2056 D AccessibilityManagerService: .getAccessibilityShortcutTargets {shortcutType=32, userId=0}
08-26 17:29:00.412   492   492 W skia    : AGTM parsing failed flags.readFromStream(s) at 159
08-26 17:29:00.412   492   492 W skia    : AGTM parsing failed flags.readFromStream(s) at 159
08-26 17:29:00.412   492   492 W skia    : AGTM parsing failed flags.readFromStream(s) at 159
08-26 17:29:00.412   492   492 W skia    : AGTM parsing failed flags.readFromStream(s) at 159
08-26 17:29:00.412   492   492 W skia    : AGTM parsing failed flags.readFromStream(s) at 159
08-26 17:29:00.414   492   534 W skia    : AGTM parsing failed flags.readFromStream(s) at 159
08-26 17:29:00.446   492   492 W skia    : AGTM parsing failed flags.readFromStream(s) at 159
08-26 17:29:00.446   492   492 W skia    : AGTM parsing failed flags.readFromStream(s) at 159
08-26 17:29:00.446   492   492 W skia    : AGTM parsing failed flags.readFromStream(s) at 159
08-26 17:29:00.446   492   492 W skia    : AGTM parsing failed flags.readFromStream(s) at 159
08-26 17:29:00.446   492   492 W skia    : AGTM parsing failed flags.readFromStream(s) at 159
08-26 17:29:00.515   492   534 W skia    : AGTM parsing failed flags.readFromStream(s) at 159
08-26 17:29:01.421  1725 10884 W MediaProvider: isAppCloneUserPair for user 0: false
08-26 17:29:01.452 23566 23566 I AccessibilityNodeInfoDumper: Skipping invisible child: android.view.accessibility.AccessibilityNodeInfo@138e5; boundsInParent: Rect(0, 0 - 549, 45); boundsInScreen: Rect(291, 2484 - 840, 2460); boundsInWindow: Rect(291, 2484 - 840, 2460); packageName: dev.quickapp.kit.android; className: android.widget.TextView; text: 出行 / 热卖; error: null; maxTextLength: -1; stateDescription: null; contentDescription: null; tooltipText: null; containerTitle: null; viewIdResName: null; uniqueId: null; checkable: false; checked: false; focusable: false; focused: false; selected: false; clickable: false; longClickable: false; contextClickable: false; enabled: true; password: false; scrollable: false; granularScrollingSupported: false; importantForAccessibility: true; visible: false; actions: [AccessibilityAction: ACTION_SELECT - null, AccessibilityAction: ACTION_CLEAR_SELECTION - null, AccessibilityAction: ACTION_ACCESSIBILITY_FOCUS - null, AccessibilityAction: ACTION_NEXT_AT_MOVEMENT_GRANULARITY - null, AccessibilityAction: ACTION_PREVIOUS_AT_MOVEMENT_GRANULARITY - null, AccessibilityAction: ACTION_SET_SELECTION - null, AccessibilityAction: ACTION_SHOW_ON_SCREEN - null]; isTextSelectable: false
08-26 17:29:01.452 23566 23566 I AccessibilityNodeInfoDumper: Skipping invisible child: android.view.accessibility.AccessibilityNodeInfo@13ca6; boundsInParent: Rect(0, 0 - 549, 45); boundsInScreen: Rect(291, 2529 - 840, 2460); boundsInWindow: Rect(291, 2529 - 840, 2460); packageName: dev.quickapp.kit.android; className: android.widget.TextView; text: 239 元; error: null; maxTextLength: -1; stateDescription: null; contentDescription: null; tooltipText: null; containerTitle: null; viewIdResName: null; uniqueId: null; checkable: false; checked: false; focusable: false; focused: false; selected: false; clickable: false; longClickable: false; contextClickable: false; enabled: true; password: false; scrollable: false; granularScrollingSupported: false; importantForAccessibility: true; visible: false; actions: [AccessibilityAction: ACTION_SELECT - null, AccessibilityAction: ACTION_CLEAR_SELECTION - null, AccessibilityAction: ACTION_ACCESSIBILITY_FOCUS - null, AccessibilityAction: ACTION_NEXT_AT_MOVEMENT_GRANULARITY - null, AccessibilityAction: ACTION_PREVIOUS_AT_MOVEMENT_GRANULARITY - null, AccessibilityAction: ACTION_SET_SELECTION - null, AccessibilityAction: ACTION_SHOW_ON_SCREEN - null]; isTextSelectable: false
08-26 17:29:01.453 23566 23566 I AccessibilityNodeInfoDumper: Skipping invisible child: android.view.accessibility.AccessibilityNodeInfo@14428; boundsInParent: Rect(0, 0 - 1209, 336); boundsInScreen: Rect(36, 2694 - 1245, 2460); boundsInWindow: Rect(36, 2694 - 1245, 2460); packageName: dev.quickapp.kit.android; className: android.widget.FrameLayout; text: null; error: null; maxTextLength: -1; stateDescription: null; contentDescription: null; tooltipText: null; containerTitle: null; viewIdResName: null; uniqueId: null; checkable: false; checked: false; focusable: false; focused: false; selected: false; clickable: false; longClickable: false; contextClickable: false; enabled: true; password: false; scrollable: false; granularScrollingSupported: false; importantForAccessibility: false; visible: false; actions: [AccessibilityAction: ACTION_SELECT - null, AccessibilityAction: ACTION_CLEAR_SELECTION - null, AccessibilityAction: ACTION_ACCESSIBILITY_FOCUS - null, AccessibilityAction: ACTION_SHOW_ON_SCREEN - null]; isTextSelectable: false
08-26 17:29:01.453 23566 23566 I AccessibilityNodeInfoDumper: Skipping invisible child: android.view.accessibility.AccessibilityNodeInfo@15e6f; boundsInParent: Rect(0, 0 - 1209, 336); boundsInScreen: Rect(36, 3054 - 1245, 2460); boundsInWindow: Rect(36, 3054 - 1245, 2460); packageName: dev.quickapp.kit.android; className: android.widget.FrameLayout; text: null; error: null; maxTextLength: -1; stateDescription: null; contentDescription: null; tooltipText: null; containerTitle: null; viewIdResName: null; uniqueId: null; checkable: false; checked: false; focusable: false; focused: false; selected: false; clickable: false; longClickable: false; contextClickable: false; enabled: true; password: false; scrollable: false; granularScrollingSupported: false; importantForAccessibility: false; visible: false; actions: [AccessibilityAction: ACTION_SELECT - null, AccessibilityAction: ACTION_CLEAR_SELECTION - null, AccessibilityAction: ACTION_ACCESSIBILITY_FOCUS - null, AccessibilityAction: ACTION_SHOW_ON_SCREEN - null]; isTextSelectable: false
08-26 17:29:01.453 23566 23566 I AccessibilityNodeInfoDumper: Skipping invisible child: android.view.accessibility.AccessibilityNodeInfo@178b6; boundsInParent: Rect(0, 0 - 1209, 336); boundsInScreen: Rect(36, 3414 - 1245, 2460); boundsInWindow: Rect(36, 3414 - 1245, 2460); packageName: dev.quickapp.kit.android; className: android.widget.FrameLayout; text: null; error: null; maxTextLength: -1; stateDescription: null; contentDescription: null; tooltipText: null; containerTitle: null; viewIdResName: null; uniqueId: null; checkable: false; checked: false; focusable: false; focused: false; selected: false; clickable: false; longClickable: false; contextClickable: false; enabled: true; password: false; scrollable: false; granularScrollingSupported: false; importantForAccessibility: false; visible: false; actions: [AccessibilityAction: ACTION_SELECT - null, AccessibilityAction: ACTION_CLEAR_SELECTION - null, AccessibilityAction: ACTION_ACCESSIBILITY_FOCUS - null, AccessibilityAction: ACTION_SHOW_ON_SCREEN - null]; isTextSelectable: false
08-26 17:29:01.453 23566 23566 I AccessibilityNodeInfoDumper: Skipping invisible child: android.view.accessibility.AccessibilityNodeInfo@192fd; boundsInParent: Rect(0, 0 - 1209, 336); boundsInScreen: Rect(36, 3774 - 1245, 2460); boundsInWindow: Rect(36, 3774 - 1245, 2460); packageName: dev.quickapp.kit.android; className: android.widget.FrameLayout; text: null; error: null; maxTextLength: -1; stateDescription: null; contentDescription: null; tooltipText: null; containerTitle: null; viewIdResName: null; uniqueId: null; checkable: false; checked: false; focusable: false; focused: false; selected: false; clickable: false; longClickable: false; contextClickable: false; enabled: true; password: false; scrollable: false; granularScrollingSupported: false; importantForAccessibility: false; visible: false; actions: [AccessibilityAction: ACTION_SELECT - null, AccessibilityAction: ACTION_CLEAR_SELECTION - null, AccessibilityAction: ACTION_ACCESSIBILITY_FOCUS - null, AccessibilityAction: ACTION_SHOW_ON_SCREEN - null]; isTextSelectable: false
08-26 17:29:01.453 23566 23566 I AccessibilityNodeInfoDumper: Skipping invisible child: android.view.accessibility.AccessibilityNodeInfo@1ad44; boundsInParent: Rect(0, 0 - 1209, 336); boundsInScreen: Rect(36, 4134 - 1245, 2460); boundsInWindow: Rect(36, 4134 - 1245, 2460); packageName: dev.quickapp.kit.android; className: android.widget.FrameLayout; text: null; error: null; maxTextLength: -1; stateDescription: null; contentDescription: null; tooltipText: null; containerTitle: null; viewIdResName: null; uniqueId: null; checkable: false; checked: false; focusable: false; focused: false; selected: false; clickable: false; longClickable: false; contextClickable: false; enabled: true; password: false; scrollable: false; granularScrollingSupported: false; importantForAccessibility: false; visible: false; actions: [AccessibilityAction: ACTION_SELECT - null, AccessibilityAction: ACTION_CLEAR_SELECTION - null, AccessibilityAction: ACTION_ACCESSIBILITY_FOCUS - null, AccessibilityAction: ACTION_SHOW_ON_SCREEN - null]; isTextSelectable: false
08-26 17:29:01.453 23566 23566 I AccessibilityNodeInfoDumper: Skipping invisible child: android.view.accessibility.AccessibilityNodeInfo@1c78b; boundsInParent: Rect(0, 0 - 1209, 336); boundsInScreen: Rect(36, 4494 - 1245, 2460); boundsInWindow: Rect(36, 4494 - 1245, 2460); packageName: dev.quickapp.kit.android; className: android.widget.FrameLayout; text: null; error: null; maxTextLength: -1; stateDescription: null; contentDescription: null; tooltipText: null; containerTitle: null; viewIdResName: null; uniqueId: null; checkable: false; checked: false; focusable: false; focused: false; selected: false; clickable: false; longClickable: false; contextClickable: false; enabled: true; password: false; scrollable: false; granularScrollingSupported: false; importantForAccessibility: false; visible: false; actions: [AccessibilityAction: ACTION_SELECT - null, AccessibilityAction: ACTION_CLEAR_SELECTION - null, AccessibilityAction: ACTION_ACCESSIBILITY_FOCUS - null, AccessibilityAction: ACTION_SHOW_ON_SCREEN - null]; isTextSelectable: false
08-26 17:29:01.453 23566 23566 I AccessibilityNodeInfoDumper: Skipping invisible child: android.view.accessibility.AccessibilityNodeInfo@1e1d2; boundsInParent: Rect(0, 0 - 1209, 336); boundsInScreen: Rect(36, 4854 - 1245, 2460); boundsInWindow: Rect(36, 4854 - 1245, 2460); packageName: dev.quickapp.kit.android; className: android.widget.FrameLayout; text: null; error: null; maxTextLength: -1; stateDescription: null; contentDescription: null; tooltipText: null; containerTitle: null; viewIdResName: null; uniqueId: null; checkable: false; checked: false; focusable: false; focused: false; selected: false; clickable: false; longClickable: false; contextClickable: false; enabled: true; password: false; scrollable: false; granularScrollingSupported: false; importantForAccessibility: false; visible: false; actions: [AccessibilityAction: ACTION_SELECT - null, AccessibilityAction: ACTION_CLEAR_SELECTION - null, AccessibilityAction: ACTION_ACCESSIBILITY_FOCUS - null, AccessibilityAction: ACTION_SHOW_ON_SCREEN - null]; isTextSelectable: false
08-26 17:29:01.453 23566 23566 I AccessibilityNodeInfoDumper: Skipping invisible child: android.view.accessibility.AccessibilityNodeInfo@1fc19; boundsInParent: Rect(0, 0 - 1209, 336); boundsInScreen: Rect(36, 5214 - 1245, 2460); boundsInWindow: Rect(36, 5214 - 1245, 2460); packageName: dev.quickapp.kit.android; className: android.widget.FrameLayout; text: null; error: null; maxTextLength: -1; stateDescription: null; contentDescription: null; tooltipText: null; containerTitle: null; viewIdResName: null; uniqueId: null; checkable: false; checked: false; focusable: false; focused: false; selected: false; clickable: false; longClickable: false; contextClickable: false; enabled: true; password: false; scrollable: false; granularScrollingSupported: false; importantForAccessibility: false; visible: false; actions: [AccessibilityAction: ACTION_SELECT - null, AccessibilityAction: ACTION_CLEAR_SELECTION - null, AccessibilityAction: ACTION_ACCESSIBILITY_FOCUS - null, AccessibilityAction: ACTION_SHOW_ON_SCREEN - null]; isTextSelectable: false
08-26 17:29:01.453 23566 23566 I AccessibilityNodeInfoDumper: Skipping invisible child: android.view.accessibility.AccessibilityNodeInfo@21660; boundsInParent: Rect(0, 0 - 1209, 336); boundsInScreen: Rect(36, 5574 - 1245, 2460); boundsInWindow: Rect(36, 5574 - 1245, 2460); packageName: dev.quickapp.kit.android; className: android.widget.FrameLayout; text: null; error: null; maxTextLength: -1; stateDescription: null; contentDescription: null; tooltipText: null; containerTitle: null; viewIdResName: null; uniqueId: null; checkable: false; checked: false; focusable: false; focused: false; selected: false; clickable: false; longClickable: false; contextClickable: false; enabled: true; password: false; scrollable: false; granularScrollingSupported: false; importantForAccessibility: false; visible: false; actions: [AccessibilityAction: ACTION_SELECT - null, AccessibilityAction: ACTION_CLEAR_SELECTION - null, AccessibilityAction: ACTION_ACCESSIBILITY_FOCUS - null, AccessibilityAction: ACTION_SHOW_ON_SCREEN - null]; isTextSelectable: false
08-26 17:29:01.453 23566 23566 I AccessibilityNodeInfoDumper: Skipping invisible child: android.view.accessibility.AccessibilityNodeInfo@230a7; boundsInParent: Rect(0, 0 - 1209, 336); boundsInScreen: Rect(36, 5934 - 1245, 2460); boundsInWindow: Rect(36, 5934 - 1245, 2460); packageName: dev.quickapp.kit.android; className: android.widget.FrameLayout; text: null; error: null; maxTextLength: -1; stateDescription: null; contentDescription: null; tooltipText: null; containerTitle: null; viewIdResName: null; uniqueId: null; checkable: false; checked: false; focusable: false; focused: false; selected: false; clickable: false; longClickable: false; contextClickable: false; enabled: true; password: false; scrollable: false; granularScrollingSupported: false; importantForAccessibility: false; visible: false; actions: [AccessibilityAction: ACTION_SELECT - null, AccessibilityAction: ACTION_CLEAR_SELECTION - null, AccessibilityAction: ACTION_ACCESSIBILITY_FOCUS - null, AccessibilityAction: ACTION_SHOW_ON_SCREEN - null]; isTextSelectable: false
08-26 17:29:01.453 23566 23566 I AccessibilityNodeInfoDumper: Skipping invisible child: android.view.accessibility.AccessibilityNodeInfo@24aee; boundsInParent: Rect(0, 0 - 1209, 336); boundsInScreen: Rect(36, 6294 - 1245, 2460); boundsInWindow: Rect(36, 6294 - 1245, 2460); packageName: dev.quickapp.kit.android; className: android.widget.FrameLayout; text: null; error: null; maxTextLength: -1; stateDescription: null; contentDescription: null; tooltipText: null; containerTitle: null; viewIdResName: null; uniqueId: null; checkable: false; checked: false; focusable: false; focused: false; selected: false; clickable: false; longClickable: false; contextClickable: false; enabled: true; password: false; scrollable: false; granularScrollingSupported: false; importantForAccessibility: false; visible: false; actions: [AccessibilityAction: ACTION_SELECT - null, AccessibilityAction: ACTION_CLEAR_SELECTION - null, AccessibilityAction: ACTION_ACCESSIBILITY_FOCUS - null, AccessibilityAction: ACTION_SHOW_ON_SCREEN - null]; isTextSelectable: false
08-26 17:29:01.454 23566 23566 I AccessibilityNodeInfoDumper: Skipping invisible child: android.view.accessibility.AccessibilityNodeInfo@26535; boundsInParent: Rect(0, 0 - 1209, 336); boundsInScreen: Rect(36, 6654 - 1245, 2460); boundsInWindow: Rect(36, 6654 - 1245, 2460); packageName: dev.quickapp.kit.android; className: android.widget.FrameLayout; text: null; error: null; maxTextLength: -1; stateDescription: null; contentDescription: null; tooltipText: null; containerTitle: null; viewIdResName: null; uniqueId: null; checkable: false; checked: false; focusable: false; focused: false; selected: false; clickable: false; longClickable: false; contextClickable: false; enabled: true; password: false; scrollable: false; granularScrollingSupported: false; importantForAccessibility: false; visible: false; actions: [AccessibilityAction: ACTION_SELECT - null, AccessibilityAction: ACTION_CLEAR_SELECTION - null, AccessibilityAction: ACTION_ACCESSIBILITY_FOCUS - null, AccessibilityAction: ACTION_SHOW_ON_SCREEN - null]; isTextSelectable: false
08-26 17:29:01.454 23566 23566 I AccessibilityNodeInfoDumper: Skipping invisible child: android.view.accessibility.AccessibilityNodeInfo@27f7c; boundsInParent: Rect(0, 0 - 1209, 336); boundsInScreen: Rect(36, 7014 - 1245, 2460); boundsInWindow: Rect(36, 7014 - 1245, 2460); packageName: dev.quickapp.kit.android; className: android.widget.FrameLayout; text: null; error: null; maxTextLength: -1; stateDescription: null; contentDescription: null; tooltipText: null; containerTitle: null; viewIdResName: null; uniqueId: null; checkable: false; checked: false; focusable: false; focused: false; selected: false; clickable: false; longClickable: false; contextClickable: false; enabled: true; password: false; scrollable: false; granularScrollingSupported: false; importantForAccessibility: false; visible: false; actions: [AccessibilityAction: ACTION_SELECT - null, AccessibilityAction: ACTION_CLEAR_SELECTION - null, AccessibilityAction: ACTION_ACCESSIBILITY_FOCUS - null, AccessibilityAction: ACTION_SHOW_ON_SCREEN - null]; isTextSelectable: false
08-26 17:29:01.454 23566 23566 I AccessibilityNodeInfoDumper: Skipping invisible child: android.view.accessibility.AccessibilityNodeInfo@299c3; boundsInParent: Rect(0, 0 - 1209, 336); boundsInScreen: Rect(36, 7374 - 1245, 2460); boundsInWindow: Rect(36, 7374 - 1245, 2460); packageName: dev.quickapp.kit.android; className: android.widget.FrameLayout; text: null; error: null; maxTextLength: -1; stateDescription: null; contentDescription: null; tooltipText: null; containerTitle: null; viewIdResName: null; uniqueId: null; checkable: false; checked: false; focusable: false; focused: false; selected: false; clickable: false; longClickable: false; contextClickable: false; enabled: true; password: false; scrollable: false; granularScrollingSupported: false; importantForAccessibility: false; visible: false; actions: [AccessibilityAction: ACTION_SELECT - null, AccessibilityAction: ACTION_CLEAR_SELECTION - null, AccessibilityAction: ACTION_ACCESSIBILITY_FOCUS - null, AccessibilityAction: ACTION_SHOW_ON_SCREEN - null]; isTextSelectable: false
08-26 17:29:01.454 23566 23566 I AccessibilityNodeInfoDumper: Skipping invisible child: android.view.accessibility.AccessibilityNodeInfo@2b40a; boundsInParent: Rect(0, 0 - 1209, 336); boundsInScreen: Rect(36, 7734 - 1245, 2460); boundsInWindow: Rect(36, 7734 - 1245, 2460); packageName: dev.quickapp.kit.android; className: android.widget.FrameLayout; text: null; error: null; maxTextLength: -1; stateDescription: null; contentDescription: null; tooltipText: null; containerTitle: null; viewIdResName: null; uniqueId: null; checkable: false; checked: false; focusable: false; focused: false; selected: false; clickable: false; longClickable: false; contextClickable: false; enabled: true; password: false; scrollable: false; granularScrollingSupported: false; importantForAccessibility: false; visible: false; actions: [AccessibilityAction: ACTION_SELECT - null, AccessibilityAction: ACTION_CLEAR_SELECTION - null, AccessibilityAction: ACTION_ACCESSIBILITY_FOCUS - null, AccessibilityAction: ACTION_SHOW_ON_SCREEN - null]; isTextSelectable: false
08-26 17:29:01.460 23566 23566 W AccessibilityNodeInfoDumper: Fetch time: 44ms
08-26 17:29:01.462   657  1495 V AccessibilityManagerService: onUserStateChangedLocked for userId: 0, forceUpdate: false
08-26 17:29:01.464   657  1495 V AccessibilityUserState: updateShortcutTargets: type:accessibility_shortcut_target_service, current:{}, new:{}
08-26 17:29:01.464   657  1495 V AccessibilityUserState: updateShortcutTargets: type:accessibility_button_targets, current:{}, new:{}
08-26 17:29:01.464   657  1495 V AccessibilityUserState: updateShortcutTargets: type:accessibility_gesture_targets, current:{}, new:{}
08-26 17:29:01.464   657  1495 V AccessibilityUserState: updateShortcutTargets: type:accessibility_qs_targets, current:{}, new:{}
08-26 17:29:01.464   657  1495 V AccessibilityUserState: updateShortcutTargets: type:accessibility_key_gesture_targets, current:{}, new:{}
08-26 17:29:01.464   657  1495 V AccessibilityUserState: updateShortcutTargets: type:accessibility_top_row_key_targets, current:{}, new:{}
08-26 17:29:01.464   657  1495 V AccessibilityUserState: updateShortcutTargets: type:accessibility_quick_access_targets, current:{}, new:{}
08-26 17:29:01.464   657  1495 W MagnificationConnectionManager: requestConnection duplicated request: connect=false, mConnectionState=DISCONNECTED
08-26 17:29:01.464   657  1495 D AccessibilityManagerService: restoreCurrentUserForTestAutomationIfNeededLocked(): ignoring because device doesn't support visible background users
08-26 17:29:01.464   657   657 W libbinder.IPCThreadState: Sending oneway calls to frozen process.
08-26 17:29:01.464   657   657 W libbinder.IPCThreadState: Sending oneway calls to frozen process.
08-26 17:29:01.465 23566 23566 D AndroidRuntime: Shutting down VM
08-26 17:29:01.465 23566 23576 W libbinder.IPCThreadState: call to talkWithDriver in joinThreadPool returned error: -9 (Bad file descriptor), FD: -1
08-26 17:29:01.465 23566 23575 W libbinder.IPCThreadState: call to talkWithDriver in joinThreadPool returned error: -9 (Bad file descriptor), FD: -1
08-26 17:29:01.465  1777  1810 I AiAiEcho: Settings changed for uri: content://settings/secure/accessibility_enabled
08-26 17:29:01.465 23566 23578 W libbinder.IPCThreadState: call to talkWithDriver in joinThreadPool returned error: -9 (Bad file descriptor), FD: -1
08-26 17:29:01.466   657   657 W libbinder.IPCThreadState: Sending oneway calls to frozen process.
08-26 17:29:01.466   657   657 W libbinder.IPCThreadState: Sending oneway calls to frozen process.
08-26 17:29:01.466   657   657 W libbinder.IPCThreadState: Sending oneway calls to frozen process.
08-26 17:29:01.466   657   657 W libbinder.IPCThreadState: Sending oneway calls to frozen process.
08-26 17:29:01.466   657   657 W libbinder.IPCThreadState: Sending oneway calls to frozen process.
08-26 17:29:01.466   657   657 W libbinder.IPCThreadState: Sending oneway calls to frozen process.
08-26 17:29:01.466   657   657 W libbinder.IPCThreadState: Sending oneway calls to frozen process.
08-26 17:29:01.466  1777  1991 I AiAiEcho: Predicting[0]:  [CONTEXT sampling_count=5 ]
08-26 17:29:01.466  1777  1991 I AiAiEcho: EchoTargets: 
08-26 17:29:01.466  1777  1991 I AiAiEcho: Filtered by AiAi flag check: 
08-26 17:29:01.466  1777  1991 I AiAiEcho: [CONTEXT ratelimit_period="10 SECONDS" ]
08-26 17:29:01.466   657   657 W libbinder.IPCThreadState: Sending oneway calls to frozen process.
08-26 17:29:01.466   657   657 W libbinder.IPCThreadState: Sending oneway calls to frozen process.
08-26 17:29:01.466   657   657 W libbinder.IPCThreadState: Sending oneway calls to frozen process.
08-26 17:29:01.466   657   657 W libbinder.IPCThreadState: Sending oneway calls to frozen process.
08-26 17:29:01.466   657   657 W libbinder.IPCThreadState: Sending oneway calls to frozen process.
08-26 17:29:01.466   657   657 W libbinder.IPCThreadState: Sending oneway calls to frozen process.
08-26 17:29:01.466   657   657 W libbinder.IPCThreadState: Sending oneway calls to frozen process.
08-26 17:29:01.466   657   657 W libbinder.IPCThreadState: Sending oneway calls to frozen process.
08-26 17:29:01.466   657   657 W libbinder.IPCThreadState: Sending oneway calls to frozen process.
08-26 17:29:01.466   657   657 W libbinder.IPCThreadState: Sending oneway calls to frozen process.
08-26 17:29:01.466  1777  1991 I AiAiEcho: #remoteViewsTwiddler: feature disabled.
08-26 17:29:01.466   657   657 W libbinder.IPCThreadState: Sending oneway calls to frozen process.
08-26 17:29:01.466   657   657 W libbinder.IPCThreadState: Sending oneway calls to frozen process.
08-26 17:29:01.466   657   657 D BatterySaverPolicy: accessibility changed to false, updating policy.
08-26 17:29:01.466  1777  1991 I AiAiEcho: #postPredictionTargets: Sending updates to UISurface home with targets# 0 (types=[])
08-26 17:29:01.480   492   492 W skia    : AGTM parsing failed flags.readFromStream(s) at 159
08-26 17:29:01.480   492   492 W skia    : AGTM parsing failed flags.readFromStream(s) at 159
08-26 17:29:01.480   492   492 W skia    : AGTM parsing failed flags.readFromStream(s) at 159
08-26 17:29:01.480   492   492 W skia    : AGTM parsing failed flags.readFromStream(s) at 159
08-26 17:29:01.480   492   492 W skia    : AGTM parsing failed flags.readFromStream(s) at 159
08-26 17:29:01.512   492   492 W skia    : AGTM parsing failed flags.readFromStream(s) at 159
08-26 17:29:01.512   492   492 W skia    : AGTM parsing failed flags.readFromStream(s) at 159
08-26 17:29:01.512   492   492 W skia    : AGTM parsing failed flags.readFromStream(s) at 159
08-26 17:29:01.512   492   492 W skia    : AGTM parsing failed flags.readFromStream(s) at 159
08-26 17:29:01.512   492   492 W skia    : AGTM parsing failed flags.readFromStream(s) at 159
08-26 17:29:01.514   492   534 W skia    : AGTM parsing failed flags.readFromStream(s) at 159
08-26 17:29:01.547   492   492 W skia    : AGTM parsing failed flags.readFromStream(s) at 159
08-26 17:29:01.547   492   492 W skia    : AGTM parsing failed flags.readFromStream(s) at 159
08-26 17:29:01.547   492   492 W skia    : AGTM parsing failed flags.readFromStream(s) at 159
08-26 17:29:01.547   492   492 W skia    : AGTM parsing failed flags.readFromStream(s) at 159
08-26 17:29:01.547   492   492 W skia    : AGTM parsing failed flags.readFromStream(s) at 159
08-26 17:29:01.615   492   534 W skia    : AGTM parsing failed flags.readFromStream(s) at 159
08-26 17:29:02.119   438  2672 D android.hardware.audio@7.1-impl.ranchu: threadLoop: entering standby, frames: 15562752
08-26 17:29:02.119   438  2672 D android.hardware.audio@7.1-impl.ranchu: ~TinyalsaSink: joining consumeThread
08-26 17:29:02.120   438 23556 D android.hardware.audio@7.1-impl.ranchu: consumeThread: exiting
08-26 17:29:02.340   517   517 I adbd    : adbd service requested 'shell,v2,TERM=dumb,raw:cat /sdcard/jsabi-mine.xml'
08-26 17:29:02.390   517   517 I adbd    : adbd service requested 'shell,v2,TERM=dumb,raw:input tap 187 2754'
08-26 17:29:02.404 23349 23349 I QuickAppKit: android.input.tabs.change surface=srf:1 node=node:8 index=0 value=首页
08-26 17:29:02.405 23349 23349 I QuickAppKit: android.event.change.received surface=srf:1 node=node:8
08-26 17:29:02.406 23349 23424 I QuickAppKit: android.event.js_callback posted=1 error=
08-26 17:29:02.406 23349 23424 I QuickAppKit: android.event.change.dispatched=1
08-26 17:29:02.406 23349 23425 I QuickAppKit: android.event.handler_execute surface=srf:1 handler=hdl:3 dispatched=1
08-26 17:29:02.407   657  1224 W AS.PlaybackActivityMon: No piid assigned for invalid/internal port id 16
08-26 17:29:02.407   657  1219 W AS.PlaybackActivityMon: No piid assigned for invalid/internal port id 16
08-26 17:29:02.408   488   516 D AudioFlinger: mixer(0xb40078b88a03b790) throttle end: throttle time(38)
08-26 17:29:02.438   492   492 W skia    : AGTM parsing failed flags.readFromStream(s) at 159
08-26 17:29:02.442   492   534 W skia    : AGTM parsing failed flags.readFromStream(s) at 159
08-26 17:29:02.569   488   505 I APM_AudioPolicyManager: getNewOutputDevices io 13 recent device override {AUDIO_DEVICE_OUT_SPEAKER, @:}
08-26 17:29:03.459   517   517 I adbd    : adbd service requested 'exec:screencap '-p''
08-26 17:29:03.536 23590 23590 W libbinder.BackendUnifiedServiceManager: Thread Pool max thread count is 0. Cannot cache binder as linkToDeath cannot be implemented. serviceName: SurfaceFlingerAIDL
08-26 17:29:03.536 23590 23590 W libbinder.BpBinder: Linking to death on android.gui.ISurfaceComposer but there are no threads (yet?) listening to incoming transactions. See ProcessState::startThreadPool and ProcessState::setThreadPoolMaxThreadCount. Generally you should setup the binder threadpool before other initialization steps.
08-26 17:29:03.537 23590 23590 W libbinder.ProcessState: Extra binder thread started, but 0 threads requested. Do not use *startThreadPool when zero threads are requested.
08-26 17:29:03.539   492   534 W skia    : AGTM parsing failed flags.readFromStream(s) at 159
08-26 17:29:03.539   492   534 W skia    : AGTM parsing failed flags.readFromStream(s) at 159
08-26 17:29:03.539   492   534 W skia    : AGTM parsing failed flags.readFromStream(s) at 159
08-26 17:29:03.557 23590 23591 W libc    : Access denied finding property "vendor.mesa.virtgpu.kumquat"
08-26 17:29:03.645   657   685 W libbinder.IPCThreadState: Sending oneway calls to frozen process.
08-26 17:29:03.653   657   685 W libbinder.IPCThreadState: Sending oneway calls to frozen process.
08-26 17:29:03.705   517   517 I adbd    : adbd service requested 'shell,v2,TERM=dumb,raw:uiautomator dump /sdcard/jsabi-home-return.xml'
08-26 17:29:03.741 23592 23592 D AndroidRuntime: >>>>>> START com.android.internal.os.RuntimeInit uid 2000 <<<<<<
08-26 17:29:03.743 23592 23592 I AndroidRuntime: Using default boot image
08-26 17:29:03.743 23592 23592 I AndroidRuntime: Leaving lock profiling enabled
08-26 17:29:03.744 23592 23592 I app_process: Core platform API enforcement reporting only by runtime option
08-26 17:29:03.744 23592 23592 I app_process: Using generational CollectorTypeCMC GC.
08-26 17:29:03.764 23592 23592 D nativeloader: InitDefaultPublicLibraries for_preload=1: libandroid.so:libaaudio.so:libamidi.so:libbinder_ndk.so:libc.so:libcamera2ndk.so:libdl.so:libEGL.so:libGLESv1_CM.so:libGLESv2.so:libGLESv3.so:libicu.so:libicui18n.so:libicuuc.so:libjnigraphics.so:liblog.so:libmediandk.so:libm.so:libnativehelper.so:libnativewindow.so:libOpenMAXAL.so:libOpenSLES.so:libRS.so:libstdc++.so:libsync.so:libvulkan.so:libwebviewchromium_plat_support.so:libz.so
08-26 17:29:03.769 23592 23592 D nativeloader: Load libicu_jni.so using APEX ns com_android_art for caller /apex/com.android.art/javalib/core-oj.jar: ok
08-26 17:29:03.769 23592 23592 D app_process: u_setTimeZoneFilesDirectory("/apex/com.android.tzdata/etc/tz/versioned/10/icu") succeeded. 
08-26 17:29:03.769 23592 23592 D app_process: I18n APEX ICU file found: /apex/com.android.i18n/etc/icu/icudt78l.dat
08-26 17:29:03.769 23592 23592 D nativeloader: Load libjavacore.so using APEX ns com_android_art for caller /apex/com.android.art/javalib/core-oj.jar: ok
08-26 17:29:03.769 23592 23592 D nativeloader: Load libopenjdk.so using APEX ns com_android_art for caller /apex/com.android.art/javalib/core-oj.jar: ok
08-26 17:29:03.769 23592 23592 I app_process: Priority-to-niceness mapping: 19, 16, 13, 10, 0, -2, -4, -5, -6, -8
08-26 17:29:03.770 23592 23592 W app_process: ClassLoaderContext shared library size mismatch. Expected=2, found=0 (PCL[]{PCL[/system/framework/android.test.base.jar*1579129895]#PCL[/system/framework/android.test.mock.jar*1147775851]} | PCL[])
08-26 17:29:03.770 23592 23592 W app_process: ClassLoaderContext classpath size mismatch. expected=0, found=1 (PCL[]{PCL[/system/framework/android.test.runner.jar*2652887513]{PCL[/system/framework/android.test.base.jar*1579129895]#PCL[/system/framework/android.test.mock.jar*1147775851]}#PCL[/system/framework/android.test.base.jar*1579129895]} | PCL[/system/framework/android.test.runner.jar*2652887513])
08-26 17:29:03.781 23592 23592 D nativeloader: Load libframework-connectivity-tiramisu-jni.so using APEX ns com_android_tethering for caller /apex/com.android.tethering/javalib/framework-connectivity-t.jar: ok
08-26 17:29:03.781 23592 23592 D AndroidRuntime: Calling main entry com.android.commands.uiautomator.Launcher
08-26 17:29:03.782 23592 23592 I AconfigPackage: android.media.swcodec.flags is mapped to com.android.media.swcodec
08-26 17:29:03.782 23592 23592 I AconfigPackage: com.android.permission.flags is mapped to com.android.permission
08-26 17:29:03.782 23592 23592 I AconfigPackage: com.android.permissioncontroller.flags is mapped to com.android.permission
08-26 17:29:03.782 23592 23592 I AconfigPackage: com.google.android.widevine.flags is mapped to com.google.android.widevine
08-26 17:29:03.782 23592 23592 I AconfigPackage: com.android.icu is mapped to com.android.i18n
08-26 17:29:03.782 23592 23592 I AconfigPackage: com.android.appsearch.flags is mapped to com.android.appsearch
08-26 17:29:03.782 23592 23592 I AconfigPackage: com.android.uprobestats.flags is mapped to com.android.uprobestats
08-26 17:29:03.782 23592 23592 I AconfigPackage: android.uprobestats.mainline.flags is mapped to com.android.uprobestats
08-26 17:29:03.782 23592 23592 I AconfigPackage: com.android.crashrecovery.flags is mapped to com.android.crashrecovery
08-26 17:29:03.782 23592 23592 I AconfigPackage: android.provider.flags is mapped to com.android.configinfrastructure
08-26 17:29:03.782 23592 23592 I AconfigPackage: com.android.server.deviceconfig is mapped to com.android.configinfrastructure
08-26 17:29:03.783 23592 23592 I AconfigPackage: com.android.art.flags is mapped to com.android.art
08-26 17:29:03.783 23592 23592 I AconfigPackage: com.android.art.rw.flags is mapped to com.android.art
08-26 17:29:03.783 23592 23592 I AconfigPackage: com.android.libcore is mapped to com.android.art
08-26 17:29:03.783 23592 23592 I AconfigPackage: android.telecom.flags is mapped to com.android.telephonycore
08-26 17:29:03.783 23592 23592 I AconfigPackage: com.android.internal.telecom.flags is mapped to com.android.telephonycore
08-26 17:29:03.783 23592 23592 I AconfigPackage: com.android.telephony.flags is mapped to com.android.telephonycore
08-26 17:29:03.783 23592 23592 I AconfigPackage: com.android.media.extractor.flags is mapped to com.android.media
08-26 17:29:03.783 23592 23592 I AconfigPackage: com.android.media.metrics.flags is mapped to com.android.media
08-26 17:29:03.783 23592 23592 I AconfigPackage: com.android.media.mainline.flags is mapped to com.android.media
08-26 17:29:03.783 23592 23592 I AconfigPackage: com.android.wifi.flags is mapped to com.android.wifi
08-26 17:29:03.783 23592 23592 I AconfigPackage: com.android.org.conscrypt.flags is mapped to com.android.conscrypt
08-26 17:29:03.783 23592 23592 I AconfigPackage: com.android.org.conscrypt.net.flags is mapped to com.android.conscrypt
08-26 17:29:03.783 23592 23592 I AconfigPackage: com.android.healthfitness.flags is mapped to com.android.healthfitness
08-26 17:29:03.783 23592 23592 I AconfigPackage: com.android.healthfitness.beta is mapped to com.android.healthfitness
08-26 17:29:03.783 23592 23592 I AconfigPackage: com.android.ipsec.flags is mapped to com.android.ipsec
08-26 17:29:03.783 23592 23592 I AconfigPackage: com.android.nfc.module.flags is mapped to com.android.nfcservices
08-26 17:29:03.783 23592 23592 I AconfigPackage: com.android.nfc.module.nonexported.flags is mapped to com.android.nfcservices
08-26 17:29:03.783 23592 23592 I AconfigPackage: com.android.adservices.ondevicepersonalization.flags is mapped to com.android.ondevicepersonalization
08-26 17:29:03.783 23592 23592 I AconfigPackage: com.android.scheduling.flags is mapped to com.android.scheduling
08-26 17:29:03.783 23592 23592 I AconfigPackage: com.android.adbd.flags is mapped to com.android.adbd
08-26 17:29:03.783 23592 23592 I AconfigPackage: com.android.bluetooth.beta.flags is mapped to com.android.bt
08-26 17:29:03.783 23592 23592 I AconfigPackage: com.android.bluetooth.flags is mapped to com.android.bt
08-26 17:29:03.783 23592 23592 I AconfigPackage: com.android.devicelock.flags is mapped to com.android.devicelock
08-26 17:29:03.783 23592 23592 I AconfigPackage: android.os.profiling is mapped to com.android.profiling
08-26 17:29:03.783 23592 23592 I AconfigPackage: android.os.profiling.anomaly.beta.flags is mapped to com.android.profiling
08-26 17:29:03.783 23592 23592 I AconfigPackage: android.os.profiling.anomaly.flags is mapped to com.android.profiling
08-26 17:29:03.783 23592 23592 I AconfigPackage: com.android.os.statsd.flags is mapped to com.android.os.statsd
08-26 17:29:03.783 23592 23592 I AconfigPackage: com.android.webapp.flags is mapped to com.android.webapp
08-26 17:29:03.784 23592 23592 I AconfigPackage: com.android.rkpd.flags is mapped to com.android.rkpd
08-26 17:29:03.784 23592 23592 I AconfigPackage: com.android.cellbroadcastreceiver.flags is mapped to com.android.cellbroadcast
08-26 17:29:03.784 23592 23592 I AconfigPackage: com.android.adservices.flags is mapped to com.android.adservices
08-26 17:29:03.784 23592 23592 I AconfigPackage: com.android.sdksandbox.flags is mapped to com.android.adservices
08-26 17:29:03.784 23592 23592 I AconfigPackage: android.app.sdksandbox.flags is mapped to com.android.adservices
08-26 17:29:03.784 23592 23592 I AconfigPackage: com.android.uwb.flags is mapped to com.android.uwb
08-26 17:29:03.784 23592 23592 I AconfigPackage: com.android.ranging.flags is mapped to com.android.uwb
08-26 17:29:03.784 23592 23592 I AconfigPackage: com.android.npumanager is mapped to com.android.npumanager
08-26 17:29:03.784 23592 23592 I AconfigPackage: com.android.signature.flags is mapped to com.android.mediaprovider
08-26 17:29:03.784 23592 23592 I AconfigPackage: com.android.providers.media.flags is mapped to com.android.mediaprovider
08-26 17:29:03.784 23592 23592 I AconfigPackage: android.graphics.pdf.flags is mapped to com.android.mediaprovider
08-26 17:29:03.784 23592 23592 I AconfigPackage: android.graphics.pdf.flags.readonly is mapped to com.android.mediaprovider
08-26 17:29:03.784 23592 23592 I AconfigPackage: com.android.tethering.mainline.beta is mapped to com.android.tethering
08-26 17:29:03.784 23592 23592 I AconfigPackage: android.net.http is mapped to com.android.tethering
08-26 17:29:03.784 23592 23592 I AconfigPackage: com.android.tethering.readonly.flags is mapped to com.android.tethering
08-26 17:29:03.784 23592 23592 I AconfigPackage: android.net.vcn is mapped to com.android.tethering
08-26 17:29:03.784 23592 23592 I AconfigPackage: com.android.net.flags is mapped to com.android.tethering
08-26 17:29:03.784 23592 23592 I AconfigPackage: com.android.tethering.flags is mapped to com.android.tethering
08-26 17:29:03.784 23592 23592 I AconfigPackage: com.android.tethering.beta.test is mapped to com.android.tethering
08-26 17:29:03.784 23592 23592 I AconfigPackage: com.android.nearby.flags is mapped to com.android.tethering
08-26 17:29:03.784 23592 23592 I AconfigPackage: com.android.net.thread.flags is mapped to com.android.tethering
08-26 17:29:03.784 23592 23592 I AconfigPackage: android.net.http.flags is mapped to com.android.tethering
08-26 17:29:03.784 23592 23592 I AconfigPackage: com.android.system.virtualmachine.flags is mapped to com.android.virt
08-26 17:29:03.784 23592 23592 E FeatureFlagsImplExport: android.os.flagging.AconfigStorageReadException: ERROR_PACKAGE_NOT_FOUND: package android.xr cannot be found on the device
08-26 17:29:03.785 23592 23592 D UiAutomationConnection: Created on user UserHandle{0}
08-26 17:29:03.785 23592 23592 I UiAutomation: Initialized for user 0 on display 0
08-26 17:29:03.785 23592 23592 W UiAutomation: Created with deprecatead constructor, assumes DEFAULT_DISPLAY
08-26 17:29:03.786   657  2056 D AccessibilityManagerService: changeCurrentUserForTestAutomationIfNeededLocked(0): ignoring because device doesn't support visible background users
08-26 17:29:03.786   657  2056 I UiAutomationManager: Registering UiTestAutomationService (id=com.android.server.accessibility/UiAutomation, flags=0x0) when called by user 0
08-26 17:29:03.786   657  2056 V AccessibilityManagerService: onUserStateChangedLocked for userId: 0, forceUpdate: false
08-26 17:29:03.786   657  2056 V AccessibilityUserState: updateShortcutTargets: type:accessibility_shortcut_target_service, current:{}, new:{}
08-26 17:29:03.786   657  2056 V AccessibilityUserState: updateShortcutTargets: type:accessibility_button_targets, current:{}, new:{}
08-26 17:29:03.786   657  2056 V AccessibilityUserState: updateShortcutTargets: type:accessibility_gesture_targets, current:{}, new:{}
08-26 17:29:03.786   657  2056 V AccessibilityUserState: updateShortcutTargets: type:accessibility_qs_targets, current:{}, new:{}
08-26 17:29:03.786   657  2056 V AccessibilityUserState: updateShortcutTargets: type:accessibility_key_gesture_targets, current:{}, new:{}
08-26 17:29:03.786   657  2056 V AccessibilityUserState: updateShortcutTargets: type:accessibility_top_row_key_targets, current:{}, new:{}
08-26 17:29:03.786   657  2056 V AccessibilityUserState: updateShortcutTargets: type:accessibility_quick_access_targets, current:{}, new:{}
08-26 17:29:03.786   657  2056 W MagnificationConnectionManager: requestConnection duplicated request: connect=false, mConnectionState=DISCONNECTED
08-26 17:29:03.786  1777  1810 I AiAiEcho: Settings changed for uri: content://settings/secure/accessibility_enabled
08-26 17:29:03.787   657   657 W libbinder.IPCThreadState: Sending oneway calls to frozen process.
08-26 17:29:03.787   657   657 W libbinder.IPCThreadState: Sending oneway calls to frozen process.
08-26 17:29:03.787   657   657 W libbinder.IPCThreadState: Sending oneway calls to frozen process.
08-26 17:29:03.787   657   657 W libbinder.IPCThreadState: Sending oneway calls to frozen process.
08-26 17:29:03.787   657   657 W libbinder.IPCThreadState: Sending oneway calls to frozen process.
08-26 17:29:03.787   657   657 W libbinder.IPCThreadState: Sending oneway calls to frozen process.
08-26 17:29:03.787   657   657 W libbinder.IPCThreadState: Sending oneway calls to frozen process.
08-26 17:29:03.787   657   657 W libbinder.IPCThreadState: Sending oneway calls to frozen process.
08-26 17:29:03.787   657   657 W libbinder.IPCThreadState: Sending oneway calls to frozen process.
08-26 17:29:03.787   657   657 W libbinder.IPCThreadState: Sending oneway calls to frozen process.
08-26 17:29:03.787   657   657 W libbinder.IPCThreadState: Sending oneway calls to frozen process.
08-26 17:29:03.787   657   657 W libbinder.IPCThreadState: Sending oneway calls to frozen process.
08-26 17:29:03.787   657   657 W libbinder.IPCThreadState: Sending oneway calls to frozen process.
08-26 17:29:03.787   657   657 W libbinder.IPCThreadState: Sending oneway calls to frozen process.
08-26 17:29:03.788   657   657 W libbinder.IPCThreadState: Sending oneway calls to frozen process.
08-26 17:29:03.788   657   657 W libbinder.IPCThreadState: Sending oneway calls to frozen process.
08-26 17:29:03.788   657   657 W libbinder.IPCThreadState: Sending oneway calls to frozen process.
08-26 17:29:03.788   657   657 W libbinder.IPCThreadState: Sending oneway calls to frozen process.
08-26 17:29:03.788   657   657 W libbinder.IPCThreadState: Sending oneway calls to frozen process.
08-26 17:29:03.788  1777  1991 I AiAiEcho: Predicting[0]:  [CONTEXT sampling_count=5 ]
08-26 17:29:03.788   657   657 W libbinder.IPCThreadState: Sending oneway calls to frozen process.
08-26 17:29:03.788   657   657 W libbinder.IPCThreadState: Sending oneway calls to frozen process.
08-26 17:29:03.788   657   657 D BatterySaverPolicy: accessibility changed to true, updating policy.
08-26 17:29:03.788  1777  1991 I AiAiEcho: EchoTargets: 
08-26 17:29:03.788  1777  1991 I AiAiEcho: Filtered by AiAi flag check: 
08-26 17:29:03.788  1777  1991 I AiAiEcho: [CONTEXT ratelimit_period="10 SECONDS" ]
08-26 17:29:03.788  1777  1991 I AiAiEcho: #remoteViewsTwiddler: feature disabled.
08-26 17:29:03.788  1777  1991 I AiAiEcho: #postPredictionTargets: Sending updates to UISurface home with targets# 0 (types=[])
08-26 17:29:03.790   657  2056 V AccessibilityManagerService: onUserStateChangedLocked for userId: 0, forceUpdate: false
08-26 17:29:03.792  1777  1810 I AiAiEcho: Settings changed for uri: content://settings/secure/accessibility_enabled
08-26 17:29:03.792   657  2056 V AccessibilityUserState: updateShortcutTargets: type:accessibility_shortcut_target_service, current:{}, new:{}
08-26 17:29:03.792   657  2056 V AccessibilityUserState: updateShortcutTargets: type:accessibility_button_targets, current:{}, new:{}
08-26 17:29:03.792   657  2056 V AccessibilityUserState: updateShortcutTargets: type:accessibility_gesture_targets, current:{}, new:{}
08-26 17:29:03.792   657  2056 V AccessibilityUserState: updateShortcutTargets: type:accessibility_qs_targets, current:{}, new:{}
08-26 17:29:03.792   657  2056 V AccessibilityUserState: updateShortcutTargets: type:accessibility_key_gesture_targets, current:{}, new:{}
08-26 17:29:03.792   657  2056 V AccessibilityUserState: updateShortcutTargets: type:accessibility_top_row_key_targets, current:{}, new:{}
08-26 17:29:03.792   657  2056 V AccessibilityUserState: updateShortcutTargets: type:accessibility_quick_access_targets, current:{}, new:{}
08-26 17:29:03.793   657  2056 W MagnificationConnectionManager: requestConnection duplicated request: connect=false, mConnectionState=DISCONNECTED
08-26 17:29:03.793  1777  1991 I AiAiEcho: Predicting[0]:  [CONTEXT sampling_count=5 ]
08-26 17:29:03.793  1777  1991 I AiAiEcho: EchoTargets: 
08-26 17:29:03.793  1777  1991 I AiAiEcho: Filtered by AiAi flag check: 
08-26 17:29:03.793  1777  1991 I AiAiEcho: [CONTEXT ratelimit_period="10 SECONDS" ]
08-26 17:29:03.793  1777  1991 I AiAiEcho: #remoteViewsTwiddler: feature disabled.
08-26 17:29:03.793  1777  1991 I AiAiEcho: #postPredictionTargets: Sending updates to UISurface home with targets# 0 (types=[])
08-26 17:29:03.794   657   657 W libbinder.IPCThreadState: Sending oneway calls to frozen process.
08-26 17:29:03.794   657   657 W libbinder.IPCThreadState: Sending oneway calls to frozen process.
08-26 17:29:03.794   657   657 W libbinder.IPCThreadState: Sending oneway calls to frozen process.
08-26 17:29:03.794   657   657 W libbinder.IPCThreadState: Sending oneway calls to frozen process.
08-26 17:29:03.794   657   657 W libbinder.IPCThreadState: Sending oneway calls to frozen process.
08-26 17:29:03.794   657   657 W libbinder.IPCThreadState: Sending oneway calls to frozen process.
08-26 17:29:03.794   657   657 W libbinder.IPCThreadState: Sending oneway calls to frozen process.
08-26 17:29:03.794   657   657 W libbinder.IPCThreadState: Sending oneway calls to frozen process.
08-26 17:29:03.794   657   657 W libbinder.IPCThreadState: Sending oneway calls to frozen process.
08-26 17:29:03.794   657   657 W libbinder.IPCThreadState: Sending oneway calls to frozen process.
08-26 17:29:03.794   657   657 W libbinder.IPCThreadState: Sending oneway calls to frozen process.
08-26 17:29:03.794   657   657 W libbinder.IPCThreadState: Sending oneway calls to frozen process.
08-26 17:29:03.794   657   657 W libbinder.IPCThreadState: Sending oneway calls to frozen process.
08-26 17:29:03.794   657   657 W libbinder.IPCThreadState: Sending oneway calls to frozen process.
08-26 17:29:03.795   657  1219 D AccessibilityManagerService: .getAccessibilityShortcutTargets {shortcutType=32, userId=0}
08-26 17:29:03.796   492   492 W skia    : AGTM parsing failed flags.readFromStream(s) at 159
08-26 17:29:03.796   492   492 W skia    : AGTM parsing failed flags.readFromStream(s) at 159
08-26 17:29:03.796   492   492 W skia    : AGTM parsing failed flags.readFromStream(s) at 159
08-26 17:29:03.796   492   492 W skia    : AGTM parsing failed flags.readFromStream(s) at 159
08-26 17:29:03.796   492   492 W skia    : AGTM parsing failed flags.readFromStream(s) at 159
08-26 17:29:03.797   492   534 W skia    : AGTM parsing failed flags.readFromStream(s) at 159
08-26 17:29:03.830   492   492 W skia    : AGTM parsing failed flags.readFromStream(s) at 159
08-26 17:29:03.830   492   492 W skia    : AGTM parsing failed flags.readFromStream(s) at 159
08-26 17:29:03.830   492   492 W skia    : AGTM parsing failed flags.readFromStream(s) at 159
08-26 17:29:03.830   492   492 W skia    : AGTM parsing failed flags.readFromStream(s) at 159
08-26 17:29:03.830   492   492 W skia    : AGTM parsing failed flags.readFromStream(s) at 159
08-26 17:29:03.899   492   534 W skia    : AGTM parsing failed flags.readFromStream(s) at 159
08-26 17:29:04.756   657   685 W libbinder.IPCThreadState: Sending oneway calls to frozen process.
08-26 17:29:04.809  1725  1896 W MediaProvider: isAppCloneUserPair for user 0: false
08-26 17:29:04.846 23592 23592 I AccessibilityNodeInfoDumper: Skipping invisible child: android.view.accessibility.AccessibilityNodeInfo@138f1; boundsInParent: Rect(0, 0 - 549, 45); boundsInScreen: Rect(291, 2484 - 840, 2460); boundsInWindow: Rect(291, 2484 - 840, 2460); packageName: dev.quickapp.kit.android; className: android.widget.TextView; text: 出行 / 热卖; error: null; maxTextLength: -1; stateDescription: null; contentDescription: null; tooltipText: null; containerTitle: null; viewIdResName: null; uniqueId: null; checkable: false; checked: false; focusable: false; focused: false; selected: false; clickable: false; longClickable: false; contextClickable: false; enabled: true; password: false; scrollable: false; granularScrollingSupported: false; importantForAccessibility: true; visible: false; actions: [AccessibilityAction: ACTION_SELECT - null, AccessibilityAction: ACTION_CLEAR_SELECTION - null, AccessibilityAction: ACTION_ACCESSIBILITY_FOCUS - null, AccessibilityAction: ACTION_NEXT_AT_MOVEMENT_GRANULARITY - null, AccessibilityAction: ACTION_PREVIOUS_AT_MOVEMENT_GRANULARITY - null, AccessibilityAction: ACTION_SET_SELECTION - null, AccessibilityAction: ACTION_SHOW_ON_SCREEN - null]; isTextSelectable: false
08-26 17:29:04.846 23592 23592 I AccessibilityNodeInfoDumper: Skipping invisible child: android.view.accessibility.AccessibilityNodeInfo@13cb2; boundsInParent: Rect(0, 0 - 549, 45); boundsInScreen: Rect(291, 2529 - 840, 2460); boundsInWindow: Rect(291, 2529 - 840, 2460); packageName: dev.quickapp.kit.android; className: android.widget.TextView; text: 239 元; error: null; maxTextLength: -1; stateDescription: null; contentDescription: null; tooltipText: null; containerTitle: null; viewIdResName: null; uniqueId: null; checkable: false; checked: false; focusable: false; focused: false; selected: false; clickable: false; longClickable: false; contextClickable: false; enabled: true; password: false; scrollable: false; granularScrollingSupported: false; importantForAccessibility: true; visible: false; actions: [AccessibilityAction: ACTION_SELECT - null, AccessibilityAction: ACTION_CLEAR_SELECTION - null, AccessibilityAction: ACTION_ACCESSIBILITY_FOCUS - null, AccessibilityAction: ACTION_NEXT_AT_MOVEMENT_GRANULARITY - null, AccessibilityAction: ACTION_PREVIOUS_AT_MOVEMENT_GRANULARITY - null, AccessibilityAction: ACTION_SET_SELECTION - null, AccessibilityAction: ACTION_SHOW_ON_SCREEN - null]; isTextSelectable: false
08-26 17:29:04.848 23592 23592 I AccessibilityNodeInfoDumper: Skipping invisible child: android.view.accessibility.AccessibilityNodeInfo@14434; boundsInParent: Rect(0, 0 - 1209, 336); boundsInScreen: Rect(36, 2694 - 1245, 2460); boundsInWindow: Rect(36, 2694 - 1245, 2460); packageName: dev.quickapp.kit.android; className: android.widget.FrameLayout; text: null; error: null; maxTextLength: -1; stateDescription: null; contentDescription: null; tooltipText: null; containerTitle: null; viewIdResName: null; uniqueId: null; checkable: false; checked: false; focusable: false; focused: false; selected: false; clickable: false; longClickable: false; contextClickable: false; enabled: true; password: false; scrollable: false; granularScrollingSupported: false; importantForAccessibility: false; visible: false; actions: [AccessibilityAction: ACTION_SELECT - null, AccessibilityAction: ACTION_CLEAR_SELECTION - null, AccessibilityAction: ACTION_ACCESSIBILITY_FOCUS - null, AccessibilityAction: ACTION_SHOW_ON_SCREEN - null]; isTextSelectable: false
08-26 17:29:04.848 23592 23592 I AccessibilityNodeInfoDumper: Skipping invisible child: android.view.accessibility.AccessibilityNodeInfo@15e7b; boundsInParent: Rect(0, 0 - 1209, 336); boundsInScreen: Rect(36, 3054 - 1245, 2460); boundsInWindow: Rect(36, 3054 - 1245, 2460); packageName: dev.quickapp.kit.android; className: android.widget.FrameLayout; text: null; error: null; maxTextLength: -1; stateDescription: null; contentDescription: null; tooltipText: null; containerTitle: null; viewIdResName: null; uniqueId: null; checkable: false; checked: false; focusable: false; focused: false; selected: false; clickable: false; longClickable: false; contextClickable: false; enabled: true; password: false; scrollable: false; granularScrollingSupported: false; importantForAccessibility: false; visible: false; actions: [AccessibilityAction: ACTION_SELECT - null, AccessibilityAction: ACTION_CLEAR_SELECTION - null, AccessibilityAction: ACTION_ACCESSIBILITY_FOCUS - null, AccessibilityAction: ACTION_SHOW_ON_SCREEN - null]; isTextSelectable: false
08-26 17:29:04.848 23592 23592 I AccessibilityNodeInfoDumper: Skipping invisible child: android.view.accessibility.AccessibilityNodeInfo@178c2; boundsInParent: Rect(0, 0 - 1209, 336); boundsInScreen: Rect(36, 3414 - 1245, 2460); boundsInWindow: Rect(36, 3414 - 1245, 2460); packageName: dev.quickapp.kit.android; className: android.widget.FrameLayout; text: null; error: null; maxTextLength: -1; stateDescription: null; contentDescription: null; tooltipText: null; containerTitle: null; viewIdResName: null; uniqueId: null; checkable: false; checked: false; focusable: false; focused: false; selected: false; clickable: false; longClickable: false; contextClickable: false; enabled: true; password: false; scrollable: false; granularScrollingSupported: false; importantForAccessibility: false; visible: false; actions: [AccessibilityAction: ACTION_SELECT - null, AccessibilityAction: ACTION_CLEAR_SELECTION - null, AccessibilityAction: ACTION_ACCESSIBILITY_FOCUS - null, AccessibilityAction: ACTION_SHOW_ON_SCREEN - null]; isTextSelectable: false
08-26 17:29:04.848 23592 23592 I AccessibilityNodeInfoDumper: Skipping invisible child: android.view.accessibility.AccessibilityNodeInfo@19309; boundsInParent: Rect(0, 0 - 1209, 336); boundsInScreen: Rect(36, 3774 - 1245, 2460); boundsInWindow: Rect(36, 3774 - 1245, 2460); packageName: dev.quickapp.kit.android; className: android.widget.FrameLayout; text: null; error: null; maxTextLength: -1; stateDescription: null; contentDescription: null; tooltipText: null; containerTitle: null; viewIdResName: null; uniqueId: null; checkable: false; checked: false; focusable: false; focused: false; selected: false; clickable: false; longClickable: false; contextClickable: false; enabled: true; password: false; scrollable: false; granularScrollingSupported: false; importantForAccessibility: false; visible: false; actions: [AccessibilityAction: ACTION_SELECT - null, AccessibilityAction: ACTION_CLEAR_SELECTION - null, AccessibilityAction: ACTION_ACCESSIBILITY_FOCUS - null, AccessibilityAction: ACTION_SHOW_ON_SCREEN - null]; isTextSelectable: false
08-26 17:29:04.848 23592 23592 I AccessibilityNodeInfoDumper: Skipping invisible child: android.view.accessibility.AccessibilityNodeInfo@1ad50; boundsInParent: Rect(0, 0 - 1209, 336); boundsInScreen: Rect(36, 4134 - 1245, 2460); boundsInWindow: Rect(36, 4134 - 1245, 2460); packageName: dev.quickapp.kit.android; className: android.widget.FrameLayout; text: null; error: null; maxTextLength: -1; stateDescription: null; contentDescription: null; tooltipText: null; containerTitle: null; viewIdResName: null; uniqueId: null; checkable: false; checked: false; focusable: false; focused: false; selected: false; clickable: false; longClickable: false; contextClickable: false; enabled: true; password: false; scrollable: false; granularScrollingSupported: false; importantForAccessibility: false; visible: false; actions: [AccessibilityAction: ACTION_SELECT - null, AccessibilityAction: ACTION_CLEAR_SELECTION - null, AccessibilityAction: ACTION_ACCESSIBILITY_FOCUS - null, AccessibilityAction: ACTION_SHOW_ON_SCREEN - null]; isTextSelectable: false
08-26 17:29:04.848 23592 23592 I AccessibilityNodeInfoDumper: Skipping invisible child: android.view.accessibility.AccessibilityNodeInfo@1c797; boundsInParent: Rect(0, 0 - 1209, 336); boundsInScreen: Rect(36, 4494 - 1245, 2460); boundsInWindow: Rect(36, 4494 - 1245, 2460); packageName: dev.quickapp.kit.android; className: android.widget.FrameLayout; text: null; error: null; maxTextLength: -1; stateDescription: null; contentDescription: null; tooltipText: null; containerTitle: null; viewIdResName: null; uniqueId: null; checkable: false; checked: false; focusable: false; focused: false; selected: false; clickable: false; longClickable: false; contextClickable: false; enabled: true; password: false; scrollable: false; granularScrollingSupported: false; importantForAccessibility: false; visible: false; actions: [AccessibilityAction: ACTION_SELECT - null, AccessibilityAction: ACTION_CLEAR_SELECTION - null, AccessibilityAction: ACTION_ACCESSIBILITY_FOCUS - null, AccessibilityAction: ACTION_SHOW_ON_SCREEN - null]; isTextSelectable: false
08-26 17:29:04.849 23592 23592 I AccessibilityNodeInfoDumper: Skipping invisible child: android.view.accessibility.AccessibilityNodeInfo@1e1de; boundsInParent: Rect(0, 0 - 1209, 336); boundsInScreen: Rect(36, 4854 - 1245, 2460); boundsInWindow: Rect(36, 4854 - 1245, 2460); packageName: dev.quickapp.kit.android; className: android.widget.FrameLayout; text: null; error: null; maxTextLength: -1; stateDescription: null; contentDescription: null; tooltipText: null; containerTitle: null; viewIdResName: null; uniqueId: null; checkable: false; checked: false; focusable: false; focused: false; selected: false; clickable: false; longClickable: false; contextClickable: false; enabled: true; password: false; scrollable: false; granularScrollingSupported: false; importantForAccessibility: false; visible: false; actions: [AccessibilityAction: ACTION_SELECT - null, AccessibilityAction: ACTION_CLEAR_SELECTION - null, AccessibilityAction: ACTION_ACCESSIBILITY_FOCUS - null, AccessibilityAction: ACTION_SHOW_ON_SCREEN - null]; isTextSelectable: false
08-26 17:29:04.849 23592 23592 I AccessibilityNodeInfoDumper: Skipping invisible child: android.view.accessibility.AccessibilityNodeInfo@1fc25; boundsInParent: Rect(0, 0 - 1209, 336); boundsInScreen: Rect(36, 5214 - 1245, 2460); boundsInWindow: Rect(36, 5214 - 1245, 2460); packageName: dev.quickapp.kit.android; className: android.widget.FrameLayout; text: null; error: null; maxTextLength: -1; stateDescription: null; contentDescription: null; tooltipText: null; containerTitle: null; viewIdResName: null; uniqueId: null; checkable: false; checked: false; focusable: false; focused: false; selected: false; clickable: false; longClickable: false; contextClickable: false; enabled: true; password: false; scrollable: false; granularScrollingSupported: false; importantForAccessibility: false; visible: false; actions: [AccessibilityAction: ACTION_SELECT - null, AccessibilityAction: ACTION_CLEAR_SELECTION - null, AccessibilityAction: ACTION_ACCESSIBILITY_FOCUS - null, AccessibilityAction: ACTION_SHOW_ON_SCREEN - null]; isTextSelectable: false
08-26 17:29:04.849 23592 23592 I AccessibilityNodeInfoDumper: Skipping invisible child: android.view.accessibility.AccessibilityNodeInfo@2166c; boundsInParent: Rect(0, 0 - 1209, 336); boundsInScreen: Rect(36, 5574 - 1245, 2460); boundsInWindow: Rect(36, 5574 - 1245, 2460); packageName: dev.quickapp.kit.android; className: android.widget.FrameLayout; text: null; error: null; maxTextLength: -1; stateDescription: null; contentDescription: null; tooltipText: null; containerTitle: null; viewIdResName: null; uniqueId: null; checkable: false; checked: false; focusable: false; focused: false; selected: false; clickable: false; longClickable: false; contextClickable: false; enabled: true; password: false; scrollable: false; granularScrollingSupported: false; importantForAccessibility: false; visible: false; actions: [AccessibilityAction: ACTION_SELECT - null, AccessibilityAction: ACTION_CLEAR_SELECTION - null, AccessibilityAction: ACTION_ACCESSIBILITY_FOCUS - null, AccessibilityAction: ACTION_SHOW_ON_SCREEN - null]; isTextSelectable: false
08-26 17:29:04.849 23592 23592 I AccessibilityNodeInfoDumper: Skipping invisible child: android.view.accessibility.AccessibilityNodeInfo@230b3; boundsInParent: Rect(0, 0 - 1209, 336); boundsInScreen: Rect(36, 5934 - 1245, 2460); boundsInWindow: Rect(36, 5934 - 1245, 2460); packageName: dev.quickapp.kit.android; className: android.widget.FrameLayout; text: null; error: null; maxTextLength: -1; stateDescription: null; contentDescription: null; tooltipText: null; containerTitle: null; viewIdResName: null; uniqueId: null; checkable: false; checked: false; focusable: false; focused: false; selected: false; clickable: false; longClickable: false; contextClickable: false; enabled: true; password: false; scrollable: false; granularScrollingSupported: false; importantForAccessibility: false; visible: false; actions: [AccessibilityAction: ACTION_SELECT - null, AccessibilityAction: ACTION_CLEAR_SELECTION - null, AccessibilityAction: ACTION_ACCESSIBILITY_FOCUS - null, AccessibilityAction: ACTION_SHOW_ON_SCREEN - null]; isTextSelectable: false
08-26 17:29:04.849 23592 23592 I AccessibilityNodeInfoDumper: Skipping invisible child: android.view.accessibility.AccessibilityNodeInfo@24afa; boundsInParent: Rect(0, 0 - 1209, 336); boundsInScreen: Rect(36, 6294 - 1245, 2460); boundsInWindow: Rect(36, 6294 - 1245, 2460); packageName: dev.quickapp.kit.android; className: android.widget.FrameLayout; text: null; error: null; maxTextLength: -1; stateDescription: null; contentDescription: null; tooltipText: null; containerTitle: null; viewIdResName: null; uniqueId: null; checkable: false; checked: false; focusable: false; focused: false; selected: false; clickable: false; longClickable: false; contextClickable: false; enabled: true; password: false; scrollable: false; granularScrollingSupported: false; importantForAccessibility: false; visible: false; actions: [AccessibilityAction: ACTION_SELECT - null, AccessibilityAction: ACTION_CLEAR_SELECTION - null, AccessibilityAction: ACTION_ACCESSIBILITY_FOCUS - null, AccessibilityAction: ACTION_SHOW_ON_SCREEN - null]; isTextSelectable: false
08-26 17:29:04.849 23592 23592 I AccessibilityNodeInfoDumper: Skipping invisible child: android.view.accessibility.AccessibilityNodeInfo@26541; boundsInParent: Rect(0, 0 - 1209, 336); boundsInScreen: Rect(36, 6654 - 1245, 2460); boundsInWindow: Rect(36, 6654 - 1245, 2460); packageName: dev.quickapp.kit.android; className: android.widget.FrameLayout; text: null; error: null; maxTextLength: -1; stateDescription: null; contentDescription: null; tooltipText: null; containerTitle: null; viewIdResName: null; uniqueId: null; checkable: false; checked: false; focusable: false; focused: false; selected: false; clickable: false; longClickable: false; contextClickable: false; enabled: true; password: false; scrollable: false; granularScrollingSupported: false; importantForAccessibility: false; visible: false; actions: [AccessibilityAction: ACTION_SELECT - null, AccessibilityAction: ACTION_CLEAR_SELECTION - null, AccessibilityAction: ACTION_ACCESSIBILITY_FOCUS - null, AccessibilityAction: ACTION_SHOW_ON_SCREEN - null]; isTextSelectable: false
08-26 17:29:04.849 23592 23592 I AccessibilityNodeInfoDumper: Skipping invisible child: android.view.accessibility.AccessibilityNodeInfo@27f88; boundsInParent: Rect(0, 0 - 1209, 336); boundsInScreen: Rect(36, 7014 - 1245, 2460); boundsInWindow: Rect(36, 7014 - 1245, 2460); packageName: dev.quickapp.kit.android; className: android.widget.FrameLayout; text: null; error: null; maxTextLength: -1; stateDescription: null; contentDescription: null; tooltipText: null; containerTitle: null; viewIdResName: null; uniqueId: null; checkable: false; checked: false; focusable: false; focused: false; selected: false; clickable: false; longClickable: false; contextClickable: false; enabled: true; password: false; scrollable: false; granularScrollingSupported: false; importantForAccessibility: false; visible: false; actions: [AccessibilityAction: ACTION_SELECT - null, AccessibilityAction: ACTION_CLEAR_SELECTION - null, AccessibilityAction: ACTION_ACCESSIBILITY_FOCUS - null, AccessibilityAction: ACTION_SHOW_ON_SCREEN - null]; isTextSelectable: false
08-26 17:29:04.849 23592 23592 I AccessibilityNodeInfoDumper: Skipping invisible child: android.view.accessibility.AccessibilityNodeInfo@299cf; boundsInParent: Rect(0, 0 - 1209, 336); boundsInScreen: Rect(36, 7374 - 1245, 2460); boundsInWindow: Rect(36, 7374 - 1245, 2460); packageName: dev.quickapp.kit.android; className: android.widget.FrameLayout; text: null; error: null; maxTextLength: -1; stateDescription: null; contentDescription: null; tooltipText: null; containerTitle: null; viewIdResName: null; uniqueId: null; checkable: false; checked: false; focusable: false; focused: false; selected: false; clickable: false; longClickable: false; contextClickable: false; enabled: true; password: false; scrollable: false; granularScrollingSupported: false; importantForAccessibility: false; visible: false; actions: [AccessibilityAction: ACTION_SELECT - null, AccessibilityAction: ACTION_CLEAR_SELECTION - null, AccessibilityAction: ACTION_ACCESSIBILITY_FOCUS - null, AccessibilityAction: ACTION_SHOW_ON_SCREEN - null]; isTextSelectable: false
08-26 17:29:04.849 23592 23592 I AccessibilityNodeInfoDumper: Skipping invisible child: android.view.accessibility.AccessibilityNodeInfo@2b416; boundsInParent: Rect(0, 0 - 1209, 336); boundsInScreen: Rect(36, 7734 - 1245, 2460); boundsInWindow: Rect(36, 7734 - 1245, 2460); packageName: dev.quickapp.kit.android; className: android.widget.FrameLayout; text: null; error: null; maxTextLength: -1; stateDescription: null; contentDescription: null; tooltipText: null; containerTitle: null; viewIdResName: null; uniqueId: null; checkable: false; checked: false; focusable: false; focused: false; selected: false; clickable: false; longClickable: false; contextClickable: false; enabled: true; password: false; scrollable: false; granularScrollingSupported: false; importantForAccessibility: false; visible: false; actions: [AccessibilityAction: ACTION_SELECT - null, AccessibilityAction: ACTION_CLEAR_SELECTION - null, AccessibilityAction: ACTION_ACCESSIBILITY_FOCUS - null, AccessibilityAction: ACTION_SHOW_ON_SCREEN - null]; isTextSelectable: false
08-26 17:29:04.855 23592 23592 W AccessibilityNodeInfoDumper: Fetch time: 53ms
08-26 17:29:04.856   657  1938 V AccessibilityManagerService: onUserStateChangedLocked for userId: 0, forceUpdate: false
08-26 17:29:04.857   657  1938 V AccessibilityUserState: updateShortcutTargets: type:accessibility_shortcut_target_service, current:{}, new:{}
08-26 17:29:04.857   657  1938 V AccessibilityUserState: updateShortcutTargets: type:accessibility_button_targets, current:{}, new:{}
08-26 17:29:04.857   657  1938 V AccessibilityUserState: updateShortcutTargets: type:accessibility_gesture_targets, current:{}, new:{}
08-26 17:29:04.857   657  1938 V AccessibilityUserState: updateShortcutTargets: type:accessibility_qs_targets, current:{}, new:{}
08-26 17:29:04.857   657  1938 V AccessibilityUserState: updateShortcutTargets: type:accessibility_key_gesture_targets, current:{}, new:{}
08-26 17:29:04.857   657  1938 V AccessibilityUserState: updateShortcutTargets: type:accessibility_top_row_key_targets, current:{}, new:{}
08-26 17:29:04.857   657  1938 V AccessibilityUserState: updateShortcutTargets: type:accessibility_quick_access_targets, current:{}, new:{}
08-26 17:29:04.857   657  1938 W MagnificationConnectionManager: requestConnection duplicated request: connect=false, mConnectionState=DISCONNECTED
08-26 17:29:04.857   657  1938 D AccessibilityManagerService: restoreCurrentUserForTestAutomationIfNeededLocked(): ignoring because device doesn't support visible background users
08-26 17:29:04.857  1777  1810 I AiAiEcho: Settings changed for uri: content://settings/secure/accessibility_enabled
08-26 17:29:04.858  1777  1991 I AiAiEcho: Predicting[0]:  [CONTEXT sampling_count=5 ]
08-26 17:29:04.858  1777  1991 I AiAiEcho: EchoTargets: 
08-26 17:29:04.858  1777  1991 I AiAiEcho: Filtered by AiAi flag check: 
08-26 17:29:04.858  1777  1991 I AiAiEcho: [CONTEXT ratelimit_period="10 SECONDS" ]
08-26 17:29:04.858  1777  1991 I AiAiEcho: #remoteViewsTwiddler: feature disabled.
08-26 17:29:04.858  1777  1991 I AiAiEcho: #postPredictionTargets: Sending updates to UISurface home with targets# 0 (types=[])
08-26 17:29:04.858   657   657 W libbinder.IPCThreadState: Sending oneway calls to frozen process.
08-26 17:29:04.858   657   657 W libbinder.IPCThreadState: Sending oneway calls to frozen process.
08-26 17:29:04.858   657   657 W libbinder.IPCThreadState: Sending oneway calls to frozen process.
08-26 17:29:04.858   657   657 W libbinder.IPCThreadState: Sending oneway calls to frozen process.
08-26 17:29:04.858   657   657 W libbinder.IPCThreadState: Sending oneway calls to frozen process.
08-26 17:29:04.858   657   657 W libbinder.IPCThreadState: Sending oneway calls to frozen process.
08-26 17:29:04.858   657   657 W libbinder.IPCThreadState: Sending oneway calls to frozen process.
08-26 17:29:04.858   657   657 W libbinder.IPCThreadState: Sending oneway calls to frozen process.
08-26 17:29:04.858   657   657 W libbinder.IPCThreadState: Sending oneway calls to frozen process.
08-26 17:29:04.858   657   657 W libbinder.IPCThreadState: Sending oneway calls to frozen process.
08-26 17:29:04.858 23592 23592 D AndroidRuntime: Shutting down VM
08-26 17:29:04.858   657   657 W libbinder.IPCThreadState: Sending oneway calls to frozen process.
08-26 17:29:04.858   657   657 W libbinder.IPCThreadState: Sending oneway calls to frozen process.
08-26 17:29:04.858   657   657 W libbinder.IPCThreadState: Sending oneway calls to frozen process.
08-26 17:29:04.858   657   657 W libbinder.IPCThreadState: Sending oneway calls to frozen process.
08-26 17:29:04.858   657   657 W libbinder.IPCThreadState: Sending oneway calls to frozen process.
08-26 17:29:04.858   657   657 W libbinder.IPCThreadState: Sending oneway calls to frozen process.
08-26 17:29:04.858   657   657 W libbinder.IPCThreadState: Sending oneway calls to frozen process.
08-26 17:29:04.858   657   657 W libbinder.IPCThreadState: Sending oneway calls to frozen process.
08-26 17:29:04.858   657   657 W libbinder.IPCThreadState: Sending oneway calls to frozen process.
08-26 17:29:04.858   657   657 W libbinder.IPCThreadState: Sending oneway calls to frozen process.
08-26 17:29:04.859   657   657 W libbinder.IPCThreadState: Sending oneway calls to frozen process.
08-26 17:29:04.859 23592 23601 W libbinder.IPCThreadState: call to talkWithDriver in joinThreadPool returned error: -9 (Bad file descriptor), FD: -1
08-26 17:29:04.859 23592 23602 W libbinder.IPCThreadState: call to talkWithDriver in joinThreadPool returned error: -9 (Bad file descriptor), FD: -1
08-26 17:29:04.859   657   657 D BatterySaverPolicy: accessibility changed to false, updating policy.
08-26 17:29:04.859 23592 23605 W libbinder.IPCThreadState: call to talkWithDriver in joinThreadPool returned error: -9 (Bad file descriptor), FD: -1
08-26 17:29:04.864   492   492 W skia    : AGTM parsing failed flags.readFromStream(s) at 159
08-26 17:29:04.864   492   492 W skia    : AGTM parsing failed flags.readFromStream(s) at 159
08-26 17:29:04.864   492   492 W skia    : AGTM parsing failed flags.readFromStream(s) at 159
08-26 17:29:04.864   492   492 W skia    : AGTM parsing failed flags.readFromStream(s) at 159
08-26 17:29:04.864   492   492 W skia    : AGTM parsing failed flags.readFromStream(s) at 159
08-26 17:29:04.896   492   492 W skia    : AGTM parsing failed flags.readFromStream(s) at 159
08-26 17:29:04.896   492   492 W skia    : AGTM parsing failed flags.readFromStream(s) at 159
08-26 17:29:04.896   492   492 W skia    : AGTM parsing failed flags.readFromStream(s) at 159
08-26 17:29:04.896   492   492 W skia    : AGTM parsing failed flags.readFromStream(s) at 159
08-26 17:29:04.896   492   492 W skia    : AGTM parsing failed flags.readFromStream(s) at 159
08-26 17:29:04.897   492   534 W skia    : AGTM parsing failed flags.readFromStream(s) at 159
08-26 17:29:04.929   492   492 W skia    : AGTM parsing failed flags.readFromStream(s) at 159
08-26 17:29:04.929   492   492 W skia    : AGTM parsing failed flags.readFromStream(s) at 159
08-26 17:29:04.929   492   492 W skia    : AGTM parsing failed flags.readFromStream(s) at 159
08-26 17:29:04.929   492   492 W skia    : AGTM parsing failed flags.readFromStream(s) at 159
08-26 17:29:04.929   492   492 W skia    : AGTM parsing failed flags.readFromStream(s) at 159
08-26 17:29:04.998   492   534 W skia    : AGTM parsing failed flags.readFromStream(s) at 159
08-26 17:29:05.472   438  2672 D android.hardware.audio@7.1-impl.ranchu: threadLoop: entering standby, frames: 15712896
08-26 17:29:05.472   438  2672 D android.hardware.audio@7.1-impl.ranchu: ~TinyalsaSink: joining consumeThread
08-26 17:29:05.472   438 23587 D android.hardware.audio@7.1-impl.ranchu: consumeThread: exiting
08-26 17:29:05.679  1095  1243 E SatelliteController: isSatelliteEnabled: mIsSatelliteEnabled=null
08-26 17:29:05.680  1095  1243 D SatelliteController: isInCarrierRoamingNbIotNtn: satellite is disabled
08-26 17:29:05.680  1095  1243 D SatelliteController: getCarrierRoamingNtnConnectType: Checking connect type from PLMN config for subId: 1
08-26 17:29:05.680  1095  1243 D TelephonyConfigUpdateInstallReceiver: getConfigParser: domain=satellite
08-26 17:29:05.680  1095  1243 V SatelliteController: satelliteConfigParser is not ready
08-26 17:29:05.680  1095  1243 D SatelliteController: isSatelliteAttachSupportedViaConfigupdater: return null (satelliteConfig is null)
08-26 17:29:05.680  1095  1243 D SatelliteController: getConfigForSubId: subId= 1, config= PersistableBundle[{satellite_esos_supported_bool=false, satellite_connection_hysteresis_sec_int=180, satellite_supported_disaster_plmn_string_array=[], regional_satellite_earfcn_bundle=PersistableBundle[{}], satellite_entitlement_supported_bool=false, satellite_supported_emergency_plmn_string_array=[], satellite_configs_per_plmn_bundle=PersistableBundle[{}], satellite_sos_max_datagram_size_bytes_int=255, satellite_supported_msg_apps_string_array=[com.google.android.apps.messaging], satellite_connected_notification_throttle_millis_int=604800000, satellite_display_name_string=, satellite_roaming_p2p_sms_inactivity_timeout_sec_int=180, satellite_roaming_turn_off_session_for_emergency_call_bool=true, emergency_messaging_supported_bool=false, carrier_roaming_satellite_emergency_messaging_provider_per_country_bundle=PersistableBundle[{}], satellite_data_support_mode_int=0, carrier_roaming_ntn_connect_type_int=0, satellite_attach_supported_bool=false, carrier_roaming_satellite_emergency_messaging_redirection_destination_string=, satellite_nidd_apn_name_string=, carrier_supported_satellite_services_per_provider_bundle=PersistableBundle[{310830=[2, 3, 6]}], satellite_roaming_esos_inactivity_timeout_sec_int=300, carrier_supported_satellite_notification_hysteresis_sec_int=180, carrier_config_applied_bool=true, carrier_roaming_ntn_emergency_call_to_satellite_handover_type_int=2, carrier_roaming_satellite_default_services_int_array=[2, 3, 6], imsserviceentitlement.entitlement_server_url_string=, emergency_call_to_satellite_t911_handover_timeout_millis_int=30000, satellite_roaming_p2p_sms_supported_bool=false, carrier_config_version_string=, satellite_roaming_screen_off_inactivity_timeout_sec_int=30}]
08-26 17:29:05.680  1095  1243 D SatelliteController: isSatelliteSupportedViaCarrier: using CarrierConfig for subId=1, isAttachSupported=false
08-26 17:29:05.680  1095  1243 D SatelliteController: getSatellitePerPlmnConfiguration: invalid subId or not supported via carrier.
08-26 17:29:05.680  1095  1243 D SatelliteController: getCarrierRoamingNtnConnectType: config: null
08-26 17:29:05.680  1095  1243 D TelephonyConfigUpdateInstallReceiver: getConfigParser: domain=satellite
08-26 17:29:05.680  1095  1243 V SatelliteController: satelliteConfigParser is not ready
08-26 17:29:05.680  1095  1243 D SatelliteController: getCarrierRoamingNtnConnectTypeViaConfigUpdater: return null (satelliteConfig is null)
08-26 17:29:05.680   657  2108 W libbinder.IPCThreadState: Sending oneway calls to frozen process.
08-26 17:29:05.680  1095  1243 D SatelliteController: getConfigForSubId: subId= 1, config= PersistableBundle[{satellite_esos_supported_bool=false, satellite_connection_hysteresis_sec_int=180, satellite_supported_disaster_plmn_string_array=[], regional_satellite_earfcn_bundle=PersistableBundle[{}], satellite_entitlement_supported_bool=false, satellite_supported_emergency_plmn_string_array=[], satellite_configs_per_plmn_bundle=PersistableBundle[{}], satellite_sos_max_datagram_size_bytes_int=255, satellite_supported_msg_apps_string_array=[com.google.android.apps.messaging], satellite_connected_notification_throttle_millis_int=604800000, satellite_display_name_string=, satellite_roaming_p2p_sms_inactivity_timeout_sec_int=180, satellite_roaming_turn_off_session_for_emergency_call_bool=true, emergency_messaging_supported_bool=false, carrier_roaming_satellite_emergency_messaging_provider_per_country_bundle=PersistableBundle[{}], satellite_data_support_mode_int=0, carrier_roaming_ntn_connect_type_int=0, satellite_attach_supported_bool=false, carrier_roaming_satellite_emergency_messaging_redirection_destination_string=, satellite_nidd_apn_name_string=, carrier_supported_satellite_services_per_provider_bundle=PersistableBundle[{310830=[2, 3, 6]}], satellite_roaming_esos_inactivity_timeout_sec_int=300, carrier_supported_satellite_notification_hysteresis_sec_int=180, carrier_config_applied_bool=true, carrier_roaming_ntn_emergency_call_to_satellite_handover_type_int=2, carrier_roaming_satellite_default_services_int_array=[2, 3, 6], imsserviceentitlement.entitlement_server_url_string=, emergency_call_to_satellite_t911_handover_timeout_millis_int=30000, satellite_roaming_p2p_sms_supported_bool=false, carrier_config_version_string=, satellite_roaming_screen_off_inactivity_timeout_sec_int=30}]
08-26 17:29:05.680  1095  1243 D SatelliteController: getCarrierRoamingNtnConnectType: Falling back to global carrier config connect type: 0
08-26 17:29:05.680  1095  1243 D TelephonyConfigUpdateInstallReceiver: getConfigParser: domain=satellite
08-26 17:29:05.680  1095  1243 V SatelliteController: satelliteConfigParser is not ready
08-26 17:29:05.680  1095  1243 D SatelliteController: isSatelliteAttachSupportedViaConfigupdater: return null (satelliteConfig is null)
08-26 17:29:05.681  1095  1243 D SatelliteController: getConfigForSubId: subId= 1, config= PersistableBundle[{satellite_esos_supported_bool=false, satellite_connection_hysteresis_sec_int=180, satellite_supported_disaster_plmn_string_array=[], regional_satellite_earfcn_bundle=PersistableBundle[{}], satellite_entitlement_supported_bool=false, satellite_supported_emergency_plmn_string_array=[], satellite_configs_per_plmn_bundle=PersistableBundle[{}], satellite_sos_max_datagram_size_bytes_int=255, satellite_supported_msg_apps_string_array=[com.google.android.apps.messaging], satellite_connected_notification_throttle_millis_int=604800000, satellite_display_name_string=, satellite_roaming_p2p_sms_inactivity_timeout_sec_int=180, satellite_roaming_turn_off_session_for_emergency_call_bool=true, emergency_messaging_supported_bool=false, carrier_roaming_satellite_emergency_messaging_provider_per_country_bundle=PersistableBundle[{}], satellite_data_support_mode_int=0, carrier_roaming_ntn_connect_type_int=0, satellite_attach_supported_bool=false, carrier_roaming_satellite_emergency_messaging_redirection_destination_string=, satellite_nidd_apn_name_string=, carrier_supported_satellite_services_per_provider_bundle=PersistableBundle[{310830=[2, 3, 6]}], satellite_roaming_esos_inactivity_timeout_sec_int=300, carrier_supported_satellite_notification_hysteresis_sec_int=180, carrier_config_applied_bool=true, carrier_roaming_ntn_emergency_call_to_satellite_handover_type_int=2, carrier_roaming_satellite_default_services_int_array=[2, 3, 6], imsserviceentitlement.entitlement_server_url_string=, emergency_call_to_satellite_t911_handover_timeout_millis_int=30000, satellite_roaming_p2p_sms_supported_bool=false, carrier_config_version_string=, satellite_roaming_screen_off_inactivity_timeout_sec_int=30}]
08-26 17:29:05.681  1095  1243 D SatelliteController: isSatelliteSupportedViaCarrier: using CarrierConfig for subId=1, isAttachSupported=false
08-26 17:29:05.681  1095  1243 D SatelliteController: isInSatelliteModeForCarrierRoaming: subId=1, connectType=0, result=false
08-26 17:29:05.681  1095  1243 D SatelliteController: getCarrierRoamingNtnConnectType: Checking connect type from PLMN config for subId: 1
08-26 17:29:05.681  1095  1243 D TelephonyConfigUpdateInstallReceiver: getConfigParser: domain=satellite
08-26 17:29:05.681  1095  1243 V SatelliteController: satelliteConfigParser is not ready
08-26 17:29:05.681  1095  1243 D SatelliteController: isSatelliteAttachSupportedViaConfigupdater: return null (satelliteConfig is null)
08-26 17:29:05.681  1095  1243 D SatelliteController: getConfigForSubId: subId= 1, config= PersistableBundle[{satellite_esos_supported_bool=false, satellite_connection_hysteresis_sec_int=180, satellite_supported_disaster_plmn_string_array=[], regional_satellite_earfcn_bundle=PersistableBundle[{}], satellite_entitlement_supported_bool=false, satellite_supported_emergency_plmn_string_array=[], satellite_configs_per_plmn_bundle=PersistableBundle[{}], satellite_sos_max_datagram_size_bytes_int=255, satellite_supported_msg_apps_string_array=[com.google.android.apps.messaging], satellite_connected_notification_throttle_millis_int=604800000, satellite_display_name_string=, satellite_roaming_p2p_sms_inactivity_timeout_sec_int=180, satellite_roaming_turn_off_session_for_emergency_call_bool=true, emergency_messaging_supported_bool=false, carrier_roaming_satellite_emergency_messaging_provider_per_country_bundle=PersistableBundle[{}], satellite_data_support_mode_int=0, carrier_roaming_ntn_connect_type_int=0, satellite_attach_supported_bool=false, carrier_roaming_satellite_emergency_messaging_redirection_destination_string=, satellite_nidd_apn_name_string=, carrier_supported_satellite_services_per_provider_bundle=PersistableBundle[{310830=[2, 3, 6]}], satellite_roaming_esos_inactivity_timeout_sec_int=300, carrier_supported_satellite_notification_hysteresis_sec_int=180, carrier_config_applied_bool=true, carrier_roaming_ntn_emergency_call_to_satellite_handover_type_int=2, carrier_roaming_satellite_default_services_int_array=[2, 3, 6], imsserviceentitlement.entitlement_server_url_string=, emergency_call_to_satellite_t911_handover_timeout_millis_int=30000, satellite_roaming_p2p_sms_supported_bool=false, carrier_config_version_string=, satellite_roaming_screen_off_inactivity_timeout_sec_int=30}]
08-26 17:29:05.681  1095  1243 D SatelliteController: isSatelliteSupportedViaCarrier: using CarrierConfig for subId=1, isAttachSupported=false
08-26 17:29:05.681  1095  1243 D SatelliteController: getSatellitePerPlmnConfiguration: invalid subId or not supported via carrier.
08-26 17:29:05.681  1095  1243 D SatelliteController: getCarrierRoamingNtnConnectType: config: null
08-26 17:29:05.681  1095  1243 D TelephonyConfigUpdateInstallReceiver: getConfigParser: domain=satellite
08-26 17:29:05.681  1095  1243 V SatelliteController: satelliteConfigParser is not ready
08-26 17:29:05.681  1095  1243 D SatelliteController: getCarrierRoamingNtnConnectTypeViaConfigUpdater: return null (satelliteConfig is null)
08-26 17:29:05.681  1095  1243 D SatelliteController: getConfigForSubId: subId= 1, config= PersistableBundle[{satellite_esos_supported_bool=false, satellite_connection_hysteresis_sec_int=180, satellite_supported_disaster_plmn_string_array=[], regional_satellite_earfcn_bundle=PersistableBundle[{}], satellite_entitlement_supported_bool=false, satellite_supported_emergency_plmn_string_array=[], satellite_configs_per_plmn_bundle=PersistableBundle[{}], satellite_sos_max_datagram_size_bytes_int=255, satellite_supported_msg_apps_string_array=[com.google.android.apps.messaging], satellite_connected_notification_throttle_millis_int=604800000, satellite_display_name_string=, satellite_roaming_p2p_sms_inactivity_timeout_sec_int=180, satellite_roaming_turn_off_session_for_emergency_call_bool=true, emergency_messaging_supported_bool=false, carrier_roaming_satellite_emergency_messaging_provider_per_country_bundle=PersistableBundle[{}], satellite_data_support_mode_int=0, carrier_roaming_ntn_connect_type_int=0, satellite_attach_supported_bool=false, carrier_roaming_satellite_emergency_messaging_redirection_destination_string=, satellite_nidd_apn_name_string=, carrier_supported_satellite_services_per_provider_bundle=PersistableBundle[{310830=[2, 3, 6]}], satellite_roaming_esos_inactivity_timeout_sec_int=300, carrier_supported_satellite_notification_hysteresis_sec_int=180, carrier_config_applied_bool=true, carrier_roaming_ntn_emergency_call_to_satellite_handover_type_int=2, carrier_roaming_satellite_default_services_int_array=[2, 3, 6], imsserviceentitlement.entitlement_server_url_string=, emergency_call_to_satellite_t911_handover_timeout_millis_int=30000, satellite_roaming_p2p_sms_supported_bool=false, carrier_config_version_string=, satellite_roaming_screen_off_inactivity_timeout_sec_int=30}]
08-26 17:29:05.681  1095  1243 D SatelliteController: getCarrierRoamingNtnConnectType: Falling back to global carrier config connect type: 0
08-26 17:29:05.681  1095  1243 D TelephonyConfigUpdateInstallReceiver: getConfigParser: domain=satellite
08-26 17:29:05.681  1095  1243 V SatelliteController: satelliteConfigParser is not ready
08-26 17:29:05.681  1095  1243 D SatelliteController: isSatelliteAttachSupportedViaConfigupdater: return null (satelliteConfig is null)
08-26 17:29:05.681  1095  1243 D SatelliteController: getConfigForSubId: subId= 1, config= PersistableBundle[{satellite_esos_supported_bool=false, satellite_connection_hysteresis_sec_int=180, satellite_supported_disaster_plmn_string_array=[], regional_satellite_earfcn_bundle=PersistableBundle[{}], satellite_entitlement_supported_bool=false, satellite_supported_emergency_plmn_string_array=[], satellite_configs_per_plmn_bundle=PersistableBundle[{}], satellite_sos_max_datagram_size_bytes_int=255, satellite_supported_msg_apps_string_array=[com.google.android.apps.messaging], satellite_connected_notification_throttle_millis_int=604800000, satellite_display_name_string=, satellite_roaming_p2p_sms_inactivity_timeout_sec_int=180, satellite_roaming_turn_off_session_for_emergency_call_bool=true, emergency_messaging_supported_bool=false, carrier_roaming_satellite_emergency_messaging_provider_per_country_bundle=PersistableBundle[{}], satellite_data_support_mode_int=0, carrier_roaming_ntn_connect_type_int=0, satellite_attach_supported_bool=false, carrier_roaming_satellite_emergency_messaging_redirection_destination_string=, satellite_nidd_apn_name_string=, carrier_supported_satellite_services_per_provider_bundle=PersistableBundle[{310830=[2, 3, 6]}], satellite_roaming_esos_inactivity_timeout_sec_int=300, carrier_supported_satellite_notification_hysteresis_sec_int=180, carrier_config_applied_bool=true, carrier_roaming_ntn_emergency_call_to_satellite_handover_type_int=2, carrier_roaming_satellite_default_services_int_array=[2, 3, 6], imsserviceentitlement.entitlement_server_url_string=, emergency_call_to_satellite_t911_handover_timeout_millis_int=30000, satellite_roaming_p2p_sms_supported_bool=false, carrier_config_version_string=, satellite_roaming_screen_off_inactivity_timeout_sec_int=30}]
08-26 17:29:05.681  1095  1243 D SatelliteController: isSatelliteSupportedViaCarrier: using CarrierConfig for subId=1, isAttachSupported=false
08-26 17:29:05.681  1095  1243 D SatelliteController: isInSatelliteModeForCarrierRoaming: subId=1, connectType=0, result=false
08-26 17:29:05.736   517   517 I adbd    : adbd service requested 'shell,v2,TERM=dumb,raw:cat /sdcard/jsabi-home-return.xml'
08-26 17:29:05.780   517   517 I adbd    : adbd service requested 'shell,v2,TERM=dumb:export ANDROID_LOG_TAGS=''; exec logcat '-d' '-t' '2000''
