--------- beginning of main
08-26 18:05:13.427   517   517 I adbd    : adbd service requested 'shell,v2,TERM=dumb,raw:input tap 489 2754'
08-26 18:05:13.485 25698 25698 I QuickAppKit: android.input.tabs.change surface=srf:1 node=node:8 index=1 value=分类
08-26 18:05:13.486 25698 25698 I QuickAppKit: android.event.change.received surface=srf:1 node=node:8
08-26 18:05:13.487 25698 25773 I QuickAppKit: android.event.payload event=change keys=2 index=number value=string checked=absent isFromUser=absent selected=absent scrollOffset=absent
08-26 18:05:13.491   657  1757 W AS.PlaybackActivityMon: No piid assigned for invalid/internal port id 16
08-26 18:05:13.492   657  1226 W AS.PlaybackActivityMon: No piid assigned for invalid/internal port id 16
08-26 18:05:13.492 25698 25774 I QuickAppKit: android.event.handler_execute surface=srf:1 handler=hdl:3 dispatched=1
08-26 18:05:13.492 25698 25773 I QuickAppKit: android.event.js_callback posted=1 error=
08-26 18:05:13.492 25698 25773 I QuickAppKit: android.event.change.dispatched=1
08-26 18:05:13.503 25698 25773 I QuickAppKit: android.native.mount surface=srf:1 operations=55
08-26 18:05:13.503 25698 25773 I QuickAppKit: android.platform.mount surface=srf:1 operations=55
08-26 18:05:13.503 25698 25773 I QuickAppKit: android.render.submit surface=srf:1 transaction=txn:srf:1-1 revision=1 ok=1 error=
08-26 18:05:13.538 25698 25698 I QuickAppKit: android.platform.mount.ui surface=srf:1
08-26 18:05:13.546 25698 25698 I QuickAppKit: android.platform.mount.result surface=srf:1 ok=true
08-26 18:05:13.546 25698 25698 I QuickAppKit: android.mount.result.received surface=srf:1 revision=1 attempt=mnt:2 source=txn:srf:1-1 mounted=1
08-26 18:05:13.547 25698 25773 I QuickAppKit: android.mount.result.accepted=1
08-26 18:05:13.564   492   492 W skia    : AGTM parsing failed flags.readFromStream(s) at 159
08-26 18:05:13.568   492   534 W skia    : AGTM parsing failed flags.readFromStream(s) at 159
08-26 18:05:13.597   492   492 W skia    : AGTM parsing failed flags.readFromStream(s) at 159
08-26 18:05:13.605   438 25801 E android.hardware.audio@7.1-impl.ranchu: consumeThread: tinyalsa revents=0x000C
08-26 18:05:13.655   488   505 I APM_AudioPolicyManager: getNewOutputDevices io 13 recent device override {AUDIO_DEVICE_OUT_SPEAKER, @:}
08-26 18:05:13.668   492   534 W skia    : AGTM parsing failed flags.readFromStream(s) at 159
08-26 18:05:14.544   517   517 I adbd    : adbd service requested 'exec:screencap '-p''
08-26 18:05:14.641 25804 25804 W libbinder.BackendUnifiedServiceManager: Thread Pool max thread count is 0. Cannot cache binder as linkToDeath cannot be implemented. serviceName: SurfaceFlingerAIDL
08-26 18:05:14.642 25804 25804 W libbinder.BpBinder: Linking to death on android.gui.ISurfaceComposer but there are no threads (yet?) listening to incoming transactions. See ProcessState::startThreadPool and ProcessState::setThreadPoolMaxThreadCount. Generally you should setup the binder threadpool before other initialization steps.
08-26 18:05:14.642 25804 25804 W libbinder.ProcessState: Extra binder thread started, but 0 threads requested. Do not use *startThreadPool when zero threads are requested.
08-26 18:05:14.649   492   534 W skia    : AGTM parsing failed flags.readFromStream(s) at 159
08-26 18:05:14.649   492   534 W skia    : AGTM parsing failed flags.readFromStream(s) at 159
08-26 18:05:14.649   492   534 W skia    : AGTM parsing failed flags.readFromStream(s) at 159
08-26 18:05:14.663 25804 25805 W libc    : Access denied finding property "vendor.mesa.virtgpu.kumquat"
08-26 18:05:14.815   517   517 I adbd    : adbd service requested 'shell,v2,TERM=dumb,raw:uiautomator dump /sdcard/payload-tabs-1.xml'
08-26 18:05:14.854 25806 25806 D AndroidRuntime: >>>>>> START com.android.internal.os.RuntimeInit uid 2000 <<<<<<
08-26 18:05:14.856 25806 25806 I AndroidRuntime: Using default boot image
08-26 18:05:14.857 25806 25806 I AndroidRuntime: Leaving lock profiling enabled
08-26 18:05:14.858 25806 25806 I app_process: Core platform API enforcement reporting only by runtime option
08-26 18:05:14.858 25806 25806 I app_process: Using generational CollectorTypeCMC GC.
08-26 18:05:14.894 25806 25806 D nativeloader: InitDefaultPublicLibraries for_preload=1: libandroid.so:libaaudio.so:libamidi.so:libbinder_ndk.so:libc.so:libcamera2ndk.so:libdl.so:libEGL.so:libGLESv1_CM.so:libGLESv2.so:libGLESv3.so:libicu.so:libicui18n.so:libicuuc.so:libjnigraphics.so:liblog.so:libmediandk.so:libm.so:libnativehelper.so:libnativewindow.so:libOpenMAXAL.so:libOpenSLES.so:libRS.so:libstdc++.so:libsync.so:libvulkan.so:libwebviewchromium_plat_support.so:libz.so
08-26 18:05:14.900 25806 25806 D nativeloader: Load libicu_jni.so using APEX ns com_android_art for caller /apex/com.android.art/javalib/core-oj.jar: ok
08-26 18:05:14.900 25806 25806 D app_process: u_setTimeZoneFilesDirectory("/apex/com.android.tzdata/etc/tz/versioned/10/icu") succeeded. 
08-26 18:05:14.900 25806 25806 D app_process: I18n APEX ICU file found: /apex/com.android.i18n/etc/icu/icudt78l.dat
08-26 18:05:14.901 25806 25806 D nativeloader: Load libjavacore.so using APEX ns com_android_art for caller /apex/com.android.art/javalib/core-oj.jar: ok
08-26 18:05:14.901 25806 25806 D nativeloader: Load libopenjdk.so using APEX ns com_android_art for caller /apex/com.android.art/javalib/core-oj.jar: ok
08-26 18:05:14.901 25806 25806 I app_process: Priority-to-niceness mapping: 19, 16, 13, 10, 0, -2, -4, -5, -6, -8
08-26 18:05:14.902 25806 25806 W app_process: ClassLoaderContext shared library size mismatch. Expected=2, found=0 (PCL[]{PCL[/system/framework/android.test.base.jar*1579129895]#PCL[/system/framework/android.test.mock.jar*1147775851]} | PCL[])
08-26 18:05:14.903 25806 25806 W app_process: ClassLoaderContext classpath size mismatch. expected=0, found=1 (PCL[]{PCL[/system/framework/android.test.runner.jar*2652887513]{PCL[/system/framework/android.test.base.jar*1579129895]#PCL[/system/framework/android.test.mock.jar*1147775851]}#PCL[/system/framework/android.test.base.jar*1579129895]} | PCL[/system/framework/android.test.runner.jar*2652887513])
08-26 18:05:14.915 25806 25806 D nativeloader: Load libframework-connectivity-tiramisu-jni.so using APEX ns com_android_tethering for caller /apex/com.android.tethering/javalib/framework-connectivity-t.jar: ok
08-26 18:05:14.916 25806 25806 D AndroidRuntime: Calling main entry com.android.commands.uiautomator.Launcher
08-26 18:05:14.918 25806 25806 I AconfigPackage: android.media.swcodec.flags is mapped to com.android.media.swcodec
08-26 18:05:14.918 25806 25806 I AconfigPackage: com.android.permission.flags is mapped to com.android.permission
08-26 18:05:14.918 25806 25806 I AconfigPackage: com.android.permissioncontroller.flags is mapped to com.android.permission
08-26 18:05:14.918 25806 25806 I AconfigPackage: com.google.android.widevine.flags is mapped to com.google.android.widevine
08-26 18:05:14.918 25806 25806 I AconfigPackage: com.android.icu is mapped to com.android.i18n
08-26 18:05:14.918 25806 25806 I AconfigPackage: com.android.appsearch.flags is mapped to com.android.appsearch
08-26 18:05:14.918 25806 25806 I AconfigPackage: com.android.uprobestats.flags is mapped to com.android.uprobestats
08-26 18:05:14.918 25806 25806 I AconfigPackage: android.uprobestats.mainline.flags is mapped to com.android.uprobestats
08-26 18:05:14.918 25806 25806 I AconfigPackage: com.android.crashrecovery.flags is mapped to com.android.crashrecovery
08-26 18:05:14.918 25806 25806 I AconfigPackage: android.provider.flags is mapped to com.android.configinfrastructure
08-26 18:05:14.918 25806 25806 I AconfigPackage: com.android.server.deviceconfig is mapped to com.android.configinfrastructure
08-26 18:05:14.918 25806 25806 I AconfigPackage: com.android.art.flags is mapped to com.android.art
08-26 18:05:14.918 25806 25806 I AconfigPackage: com.android.art.rw.flags is mapped to com.android.art
08-26 18:05:14.918 25806 25806 I AconfigPackage: com.android.libcore is mapped to com.android.art
08-26 18:05:14.918 25806 25806 I AconfigPackage: android.telecom.flags is mapped to com.android.telephonycore
08-26 18:05:14.919 25806 25806 I AconfigPackage: com.android.internal.telecom.flags is mapped to com.android.telephonycore
08-26 18:05:14.919 25806 25806 I AconfigPackage: com.android.telephony.flags is mapped to com.android.telephonycore
08-26 18:05:14.919 25806 25806 I AconfigPackage: com.android.media.extractor.flags is mapped to com.android.media
08-26 18:05:14.919 25806 25806 I AconfigPackage: com.android.media.metrics.flags is mapped to com.android.media
08-26 18:05:14.919 25806 25806 I AconfigPackage: com.android.media.mainline.flags is mapped to com.android.media
08-26 18:05:14.919 25806 25806 I AconfigPackage: com.android.wifi.flags is mapped to com.android.wifi
08-26 18:05:14.919 25806 25806 I AconfigPackage: com.android.org.conscrypt.flags is mapped to com.android.conscrypt
08-26 18:05:14.919 25806 25806 I AconfigPackage: com.android.org.conscrypt.net.flags is mapped to com.android.conscrypt
08-26 18:05:14.919 25806 25806 I AconfigPackage: com.android.healthfitness.flags is mapped to com.android.healthfitness
08-26 18:05:14.919 25806 25806 I AconfigPackage: com.android.healthfitness.beta is mapped to com.android.healthfitness
08-26 18:05:14.919 25806 25806 I AconfigPackage: com.android.ipsec.flags is mapped to com.android.ipsec
08-26 18:05:14.919 25806 25806 I AconfigPackage: com.android.nfc.module.flags is mapped to com.android.nfcservices
08-26 18:05:14.919 25806 25806 I AconfigPackage: com.android.nfc.module.nonexported.flags is mapped to com.android.nfcservices
08-26 18:05:14.919 25806 25806 I AconfigPackage: com.android.adservices.ondevicepersonalization.flags is mapped to com.android.ondevicepersonalization
08-26 18:05:14.919 25806 25806 I AconfigPackage: com.android.scheduling.flags is mapped to com.android.scheduling
08-26 18:05:14.919 25806 25806 I AconfigPackage: com.android.adbd.flags is mapped to com.android.adbd
08-26 18:05:14.919 25806 25806 I AconfigPackage: com.android.bluetooth.beta.flags is mapped to com.android.bt
08-26 18:05:14.919 25806 25806 I AconfigPackage: com.android.bluetooth.flags is mapped to com.android.bt
08-26 18:05:14.919 25806 25806 I AconfigPackage: com.android.devicelock.flags is mapped to com.android.devicelock
08-26 18:05:14.920 25806 25806 I AconfigPackage: android.os.profiling is mapped to com.android.profiling
08-26 18:05:14.920 25806 25806 I AconfigPackage: android.os.profiling.anomaly.beta.flags is mapped to com.android.profiling
08-26 18:05:14.920 25806 25806 I AconfigPackage: android.os.profiling.anomaly.flags is mapped to com.android.profiling
08-26 18:05:14.920 25806 25806 I AconfigPackage: com.android.os.statsd.flags is mapped to com.android.os.statsd
08-26 18:05:14.920 25806 25806 I AconfigPackage: com.android.webapp.flags is mapped to com.android.webapp
08-26 18:05:14.920 25806 25806 I AconfigPackage: com.android.rkpd.flags is mapped to com.android.rkpd
08-26 18:05:14.920 25806 25806 I AconfigPackage: com.android.cellbroadcastreceiver.flags is mapped to com.android.cellbroadcast
08-26 18:05:14.920 25806 25806 I AconfigPackage: com.android.adservices.flags is mapped to com.android.adservices
08-26 18:05:14.920 25806 25806 I AconfigPackage: com.android.sdksandbox.flags is mapped to com.android.adservices
08-26 18:05:14.920 25806 25806 I AconfigPackage: android.app.sdksandbox.flags is mapped to com.android.adservices
08-26 18:05:14.920 25806 25806 I AconfigPackage: com.android.uwb.flags is mapped to com.android.uwb
08-26 18:05:14.920 25806 25806 I AconfigPackage: com.android.ranging.flags is mapped to com.android.uwb
08-26 18:05:14.920 25806 25806 I AconfigPackage: com.android.npumanager is mapped to com.android.npumanager
08-26 18:05:14.920 25806 25806 I AconfigPackage: com.android.signature.flags is mapped to com.android.mediaprovider
08-26 18:05:14.920 25806 25806 I AconfigPackage: com.android.providers.media.flags is mapped to com.android.mediaprovider
08-26 18:05:14.920 25806 25806 I AconfigPackage: android.graphics.pdf.flags is mapped to com.android.mediaprovider
08-26 18:05:14.920 25806 25806 I AconfigPackage: android.graphics.pdf.flags.readonly is mapped to com.android.mediaprovider
08-26 18:05:14.920 25806 25806 I AconfigPackage: com.android.tethering.mainline.beta is mapped to com.android.tethering
08-26 18:05:14.920 25806 25806 I AconfigPackage: android.net.http is mapped to com.android.tethering
08-26 18:05:14.920 25806 25806 I AconfigPackage: com.android.tethering.readonly.flags is mapped to com.android.tethering
08-26 18:05:14.920 25806 25806 I AconfigPackage: android.net.vcn is mapped to com.android.tethering
08-26 18:05:14.920 25806 25806 I AconfigPackage: com.android.net.flags is mapped to com.android.tethering
08-26 18:05:14.920 25806 25806 I AconfigPackage: com.android.tethering.flags is mapped to com.android.tethering
08-26 18:05:14.920 25806 25806 I AconfigPackage: com.android.tethering.beta.test is mapped to com.android.tethering
08-26 18:05:14.920 25806 25806 I AconfigPackage: com.android.nearby.flags is mapped to com.android.tethering
08-26 18:05:14.920 25806 25806 I AconfigPackage: com.android.net.thread.flags is mapped to com.android.tethering
08-26 18:05:14.920 25806 25806 I AconfigPackage: android.net.http.flags is mapped to com.android.tethering
08-26 18:05:14.920 25806 25806 I AconfigPackage: com.android.system.virtualmachine.flags is mapped to com.android.virt
08-26 18:05:14.920 25806 25806 E FeatureFlagsImplExport: android.os.flagging.AconfigStorageReadException: ERROR_PACKAGE_NOT_FOUND: package android.xr cannot be found on the device
08-26 18:05:14.922 25806 25806 D UiAutomationConnection: Created on user UserHandle{0}
08-26 18:05:14.922 25806 25806 I UiAutomation: Initialized for user 0 on display 0
08-26 18:05:14.922 25806 25806 W UiAutomation: Created with deprecatead constructor, assumes DEFAULT_DISPLAY
--------- beginning of system
08-26 18:05:14.922   657  1866 D AccessibilityManagerService: changeCurrentUserForTestAutomationIfNeededLocked(0): ignoring because device doesn't support visible background users
08-26 18:05:14.922   657  1866 I UiAutomationManager: Registering UiTestAutomationService (id=com.android.server.accessibility/UiAutomation, flags=0x0) when called by user 0
08-26 18:05:14.923   657  1866 V AccessibilityManagerService: onUserStateChangedLocked for userId: 0, forceUpdate: false
08-26 18:05:14.924   657  1866 V AccessibilityUserState: updateShortcutTargets: type:accessibility_shortcut_target_service, current:{}, new:{}
08-26 18:05:14.924   657  1866 V AccessibilityUserState: updateShortcutTargets: type:accessibility_button_targets, current:{}, new:{}
08-26 18:05:14.924   657  1866 V AccessibilityUserState: updateShortcutTargets: type:accessibility_gesture_targets, current:{}, new:{}
08-26 18:05:14.924   657  1866 V AccessibilityUserState: updateShortcutTargets: type:accessibility_qs_targets, current:{}, new:{}
08-26 18:05:14.924   657  1866 V AccessibilityUserState: updateShortcutTargets: type:accessibility_key_gesture_targets, current:{}, new:{}
08-26 18:05:14.924   657  1866 V AccessibilityUserState: updateShortcutTargets: type:accessibility_top_row_key_targets, current:{}, new:{}
08-26 18:05:14.924   657  1866 V AccessibilityUserState: updateShortcutTargets: type:accessibility_quick_access_targets, current:{}, new:{}
08-26 18:05:14.924   657  1866 W MagnificationConnectionManager: requestConnection duplicated request: connect=false, mConnectionState=DISCONNECTED
08-26 18:05:14.925  1777  2378 I AiAiEcho: Settings changed for uri: content://settings/secure/accessibility_enabled
08-26 18:05:14.925   657   657 W libbinder.IPCThreadState: Sending oneway calls to frozen process.
08-26 18:05:14.925   657   657 W libbinder.IPCThreadState: Sending oneway calls to frozen process.
08-26 18:05:14.926   657   657 W libbinder.IPCThreadState: Sending oneway calls to frozen process.
08-26 18:05:14.927   657   657 W libbinder.IPCThreadState: Sending oneway calls to frozen process.
08-26 18:05:14.927   657   657 W libbinder.IPCThreadState: Sending oneway calls to frozen process.
08-26 18:05:14.927   657   657 W libbinder.IPCThreadState: Sending oneway calls to frozen process.
08-26 18:05:14.927   657   657 W libbinder.IPCThreadState: Sending oneway calls to frozen process.
08-26 18:05:14.927   657  1866 V AccessibilityManagerService: onUserStateChangedLocked for userId: 0, forceUpdate: false
08-26 18:05:14.927   657   657 W libbinder.IPCThreadState: Sending oneway calls to frozen process.
08-26 18:05:14.927   657  1866 V AccessibilityUserState: updateShortcutTargets: type:accessibility_shortcut_target_service, current:{}, new:{}
08-26 18:05:14.927   657  1866 V AccessibilityUserState: updateShortcutTargets: type:accessibility_button_targets, current:{}, new:{}
08-26 18:05:14.927   657  1866 V AccessibilityUserState: updateShortcutTargets: type:accessibility_gesture_targets, current:{}, new:{}
08-26 18:05:14.927   657  1866 V AccessibilityUserState: updateShortcutTargets: type:accessibility_qs_targets, current:{}, new:{}
08-26 18:05:14.927   657  1866 V AccessibilityUserState: updateShortcutTargets: type:accessibility_key_gesture_targets, current:{}, new:{}
08-26 18:05:14.927   657  1866 V AccessibilityUserState: updateShortcutTargets: type:accessibility_top_row_key_targets, current:{}, new:{}
08-26 18:05:14.927   657  1866 V AccessibilityUserState: updateShortcutTargets: type:accessibility_quick_access_targets, current:{}, new:{}
08-26 18:05:14.927   657  1866 W MagnificationConnectionManager: requestConnection duplicated request: connect=false, mConnectionState=DISCONNECTED
08-26 18:05:14.928   657   657 W libbinder.IPCThreadState: Sending oneway calls to frozen process.
08-26 18:05:14.928   657   657 W libbinder.IPCThreadState: Sending oneway calls to frozen process.
08-26 18:05:14.928   657   657 W libbinder.IPCThreadState: Sending oneway calls to frozen process.
08-26 18:05:14.928   657   657 W libbinder.IPCThreadState: Sending oneway calls to frozen process.
08-26 18:05:14.928  1777  1991 I AiAiEcho: Predicting[0]:  [CONTEXT sampling_count=5 ]
08-26 18:05:14.928  1777  1991 I AiAiEcho: EchoTargets: 
08-26 18:05:14.928  1777  1991 I AiAiEcho: Filtered by AiAi flag check: 
08-26 18:05:14.928  1777  1991 I AiAiEcho: [CONTEXT ratelimit_period="10 SECONDS" ]
08-26 18:05:14.929  1777  1991 I AiAiEcho: #remoteViewsTwiddler: feature disabled.
08-26 18:05:14.929   492   492 W skia    : AGTM parsing failed flags.readFromStream(s) at 159
08-26 18:05:14.929   492   492 W skia    : AGTM parsing failed flags.readFromStream(s) at 159
08-26 18:05:14.929   492   492 W skia    : AGTM parsing failed flags.readFromStream(s) at 159
08-26 18:05:14.929   492   492 W skia    : AGTM parsing failed flags.readFromStream(s) at 159
08-26 18:05:14.929   492   492 W skia    : AGTM parsing failed flags.readFromStream(s) at 159
08-26 18:05:14.929   657   657 W libbinder.IPCThreadState: Sending oneway calls to frozen process.
08-26 18:05:14.929   657   657 W libbinder.IPCThreadState: Sending oneway calls to frozen process.
08-26 18:05:14.929   657   657 W libbinder.IPCThreadState: Sending oneway calls to frozen process.
08-26 18:05:14.929   657   657 W libbinder.IPCThreadState: Sending oneway calls to frozen process.
08-26 18:05:14.929   657   657 W libbinder.IPCThreadState: Sending oneway calls to frozen process.
08-26 18:05:14.929   657   657 W libbinder.IPCThreadState: Sending oneway calls to frozen process.
08-26 18:05:14.929   657   657 W libbinder.IPCThreadState: Sending oneway calls to frozen process.
08-26 18:05:14.929   657   657 W libbinder.IPCThreadState: Sending oneway calls to frozen process.
08-26 18:05:14.929   657   657 W libbinder.IPCThreadState: Sending oneway calls to frozen process.
08-26 18:05:14.929   657   657 W libbinder.IPCThreadState: Sending oneway calls to frozen process.
08-26 18:05:14.929   657   657 W libbinder.IPCThreadState: Sending oneway calls to frozen process.
08-26 18:05:14.929   657   657 W libbinder.IPCThreadState: Sending oneway calls to frozen process.
08-26 18:05:14.929   657   657 W libbinder.IPCThreadState: Sending oneway calls to frozen process.
08-26 18:05:14.930   657   657 D BatterySaverPolicy: accessibility changed to true, updating policy.
08-26 18:05:14.933  1777  1991 I AiAiEcho: #postPredictionTargets: Sending updates to UISurface home with targets# 0 (types=[])
08-26 18:05:14.934  1777  1810 I AiAiEcho: Settings changed for uri: content://settings/secure/accessibility_enabled
08-26 18:05:14.934  1777  1991 I AiAiEcho: Predicting[0]:  [CONTEXT sampling_count=5 ]
08-26 18:05:14.934  1777  1991 I AiAiEcho: EchoTargets: 
08-26 18:05:14.934  1777  1991 I AiAiEcho: Filtered by AiAi flag check: 
08-26 18:05:14.934  1777  1991 I AiAiEcho: [CONTEXT ratelimit_period="10 SECONDS" ]
08-26 18:05:14.934  1777  1991 I AiAiEcho: #remoteViewsTwiddler: feature disabled.
08-26 18:05:14.934  1777  1991 I AiAiEcho: #postPredictionTargets: Sending updates to UISurface home with targets# 0 (types=[])
08-26 18:05:14.940   492   534 W skia    : AGTM parsing failed flags.readFromStream(s) at 159
08-26 18:05:14.963   492   492 W skia    : AGTM parsing failed flags.readFromStream(s) at 159
08-26 18:05:14.964   492   492 W skia    : AGTM parsing failed flags.readFromStream(s) at 159
08-26 18:05:14.964   492   492 W skia    : AGTM parsing failed flags.readFromStream(s) at 159
08-26 18:05:14.964   492   492 W skia    : AGTM parsing failed flags.readFromStream(s) at 159
08-26 18:05:14.964   492   492 W skia    : AGTM parsing failed flags.readFromStream(s) at 159
08-26 18:05:15.000   492   492 W skia    : AGTM parsing failed flags.readFromStream(s) at 159
08-26 18:05:15.000   492   492 W skia    : AGTM parsing failed flags.readFromStream(s) at 159
08-26 18:05:15.000   492   492 W skia    : AGTM parsing failed flags.readFromStream(s) at 159
08-26 18:05:15.000   492   492 W skia    : AGTM parsing failed flags.readFromStream(s) at 159
08-26 18:05:15.000   492   492 W skia    : AGTM parsing failed flags.readFromStream(s) at 159
08-26 18:05:15.006   438 25801 E android.hardware.audio@7.1-impl.ranchu: consumeThread: tinyalsa revents=0x000C
08-26 18:05:15.014   657  2111 D AccessibilityManagerService: .getAccessibilityShortcutTargets {shortcutType=32, userId=0}
08-26 18:05:15.032  1248  1370 D AccessibilitySourceService: enabled a11y services count 0
08-26 18:05:15.032  1248  1370 D AccessibilitySourceService: a11y source sending 0 issue to sc
08-26 18:05:15.033   657  2056 D SafetySourceDataValidat: No cert check requested for package com.google.android.permissioncontroller
08-26 18:05:15.034   492   492 W skia    : AGTM parsing failed flags.readFromStream(s) at 159
08-26 18:05:15.034   492   492 W skia    : AGTM parsing failed flags.readFromStream(s) at 159
08-26 18:05:15.034   492   492 W skia    : AGTM parsing failed flags.readFromStream(s) at 159
08-26 18:05:15.034   492   492 W skia    : AGTM parsing failed flags.readFromStream(s) at 159
08-26 18:05:15.034   492   492 W skia    : AGTM parsing failed flags.readFromStream(s) at 159
08-26 18:05:15.070   492   534 W skia    : AGTM parsing failed flags.readFromStream(s) at 159
08-26 18:05:15.172   492   534 W skia    : AGTM parsing failed flags.readFromStream(s) at 159
08-26 18:05:16.040  1725  1893 W MediaProvider: isAppCloneUserPair for user 0: false
08-26 18:05:16.049 25806 25806 W AccessibilityNodeInfoDumper: Fetch time: 24ms
08-26 18:05:16.051   657  2056 V AccessibilityManagerService: onUserStateChangedLocked for userId: 0, forceUpdate: false
08-26 18:05:16.052   657  2056 V AccessibilityUserState: updateShortcutTargets: type:accessibility_shortcut_target_service, current:{}, new:{}
08-26 18:05:16.052   657  2056 V AccessibilityUserState: updateShortcutTargets: type:accessibility_button_targets, current:{}, new:{}
08-26 18:05:16.052   657  2056 V AccessibilityUserState: updateShortcutTargets: type:accessibility_gesture_targets, current:{}, new:{}
08-26 18:05:16.052   657  2056 V AccessibilityUserState: updateShortcutTargets: type:accessibility_qs_targets, current:{}, new:{}
08-26 18:05:16.052   657  2056 V AccessibilityUserState: updateShortcutTargets: type:accessibility_key_gesture_targets, current:{}, new:{}
08-26 18:05:16.052   657  2056 V AccessibilityUserState: updateShortcutTargets: type:accessibility_top_row_key_targets, current:{}, new:{}
08-26 18:05:16.052   657  2056 V AccessibilityUserState: updateShortcutTargets: type:accessibility_quick_access_targets, current:{}, new:{}
08-26 18:05:16.052   657  2056 W MagnificationConnectionManager: requestConnection duplicated request: connect=false, mConnectionState=DISCONNECTED
08-26 18:05:16.052   657  2056 D AccessibilityManagerService: restoreCurrentUserForTestAutomationIfNeededLocked(): ignoring because device doesn't support visible background users
08-26 18:05:16.052   657   657 W libbinder.IPCThreadState: Sending oneway calls to frozen process.
08-26 18:05:16.052   657   657 W libbinder.IPCThreadState: Sending oneway calls to frozen process.
08-26 18:05:16.052   657   657 W libbinder.IPCThreadState: Sending oneway calls to frozen process.
08-26 18:05:16.052   657   657 W libbinder.IPCThreadState: Sending oneway calls to frozen process.
08-26 18:05:16.052   657   657 W libbinder.IPCThreadState: Sending oneway calls to frozen process.
08-26 18:05:16.053   657   657 W libbinder.IPCThreadState: Sending oneway calls to frozen process.
08-26 18:05:16.053   657   657 W libbinder.IPCThreadState: Sending oneway calls to frozen process.
08-26 18:05:16.053   657   657 W libbinder.IPCThreadState: Sending oneway calls to frozen process.
08-26 18:05:16.053   657   657 W libbinder.IPCThreadState: Sending oneway calls to frozen process.
08-26 18:05:16.053   657   657 W libbinder.IPCThreadState: Sending oneway calls to frozen process.
08-26 18:05:16.053   657   657 W libbinder.IPCThreadState: Sending oneway calls to frozen process.
08-26 18:05:16.053   657   657 W libbinder.IPCThreadState: Sending oneway calls to frozen process.
08-26 18:05:16.053   657   657 W libbinder.IPCThreadState: Sending oneway calls to frozen process.
08-26 18:05:16.053   657   657 W libbinder.IPCThreadState: Sending oneway calls to frozen process.
08-26 18:05:16.053   657   657 W libbinder.IPCThreadState: Sending oneway calls to frozen process.
08-26 18:05:16.053   657   657 D BatterySaverPolicy: accessibility changed to false, updating policy.
08-26 18:05:16.053  1777  1810 I AiAiEcho: Settings changed for uri: content://settings/secure/accessibility_enabled
08-26 18:05:16.054  1777  1991 I AiAiEcho: Predicting[0]:  [CONTEXT sampling_count=5 ]
08-26 18:05:16.054  1777  1991 I AiAiEcho: EchoTargets: 
08-26 18:05:16.054  1777  1991 I AiAiEcho: Filtered by AiAi flag check: 
08-26 18:05:16.054  1777  1991 I AiAiEcho: [CONTEXT ratelimit_period="10 SECONDS" ]
08-26 18:05:16.054  1777  1991 I AiAiEcho: #remoteViewsTwiddler: feature disabled.
08-26 18:05:16.054  1777  1991 I AiAiEcho: #postPredictionTargets: Sending updates to UISurface home with targets# 0 (types=[])
08-26 18:05:16.056 25806 25815 W libbinder.IPCThreadState: call to talkWithDriver in joinThreadPool returned error: -9 (Bad file descriptor), FD: -1
08-26 18:05:16.056 25806 25816 W libbinder.IPCThreadState: call to talkWithDriver in joinThreadPool returned error: -9 (Bad file descriptor), FD: -1
08-26 18:05:16.057 25806 25806 D AndroidRuntime: Shutting down VM
08-26 18:05:16.064   492   492 W skia    : AGTM parsing failed flags.readFromStream(s) at 159
08-26 18:05:16.064   492   492 W skia    : AGTM parsing failed flags.readFromStream(s) at 159
08-26 18:05:16.064   492   492 W skia    : AGTM parsing failed flags.readFromStream(s) at 159
08-26 18:05:16.064   492   492 W skia    : AGTM parsing failed flags.readFromStream(s) at 159
08-26 18:05:16.064   492   492 W skia    : AGTM parsing failed flags.readFromStream(s) at 159
08-26 18:05:16.066   492   534 W skia    : AGTM parsing failed flags.readFromStream(s) at 159
08-26 18:05:16.101   492   492 W skia    : AGTM parsing failed flags.readFromStream(s) at 159
08-26 18:05:16.101   492   492 W skia    : AGTM parsing failed flags.readFromStream(s) at 159
08-26 18:05:16.101   492   492 W skia    : AGTM parsing failed flags.readFromStream(s) at 159
08-26 18:05:16.101   492   492 W skia    : AGTM parsing failed flags.readFromStream(s) at 159
08-26 18:05:16.101   492   492 W skia    : AGTM parsing failed flags.readFromStream(s) at 159
08-26 18:05:16.121   492   492 W skia    : AGTM parsing failed flags.readFromStream(s) at 159
08-26 18:05:16.121   492   492 W skia    : AGTM parsing failed flags.readFromStream(s) at 159
08-26 18:05:16.121   492   492 W skia    : AGTM parsing failed flags.readFromStream(s) at 159
08-26 18:05:16.121   492   492 W skia    : AGTM parsing failed flags.readFromStream(s) at 159
08-26 18:05:16.121   492   492 W skia    : AGTM parsing failed flags.readFromStream(s) at 159
08-26 18:05:16.167   492   534 W skia    : AGTM parsing failed flags.readFromStream(s) at 159
08-26 18:05:16.175   657  1937 D ActivityManager: sync unfroze 18438 com.google.android.gms for 6
08-26 18:05:16.180   657  2056 W ProcessStats: Tracking association SourceState{21b9a23 com.google.android.gms.persistent/10217 ImpBg #26665} whose proc state 6 is better than process ProcessState{66c077c com.google.android.gms/10217 pkg=com.google.android.gms} proc state 14 (14 skipped)
08-26 18:05:16.181 18438 18438 D BoundBrokerSvc: onBind: Intent { act=com.google.android.gms.googleone.service.scheduler.StorageUpdateTaskBoundService.ACTION_TASK_READY dat=chimera-action:/... xflg=0x4 cmp=com.google.android.gms/.chimera.GmsInternalBoundBrokerService }
08-26 18:05:16.181 18438 18438 D BoundBrokerSvc: Loading bound service for intent: Intent { act=com.google.android.gms.googleone.service.scheduler.StorageUpdateTaskBoundService.ACTION_TASK_READY dat=chimera-action:/... xflg=0x4 cmp=com.google.android.gms/.chimera.GmsInternalBoundBrokerService }
08-26 18:05:16.181  5147 25522 I NetworkScheduler.Stats: (REDACTED) Task %s/%s started execution. cause:%s exec_start_elapsed_seconds: %s
08-26 18:05:16.194  5147 25462 I NetworkScheduler.Stats: (REDACTED) Task %s/%s started execution. cause:%s exec_start_elapsed_seconds: %s
08-26 18:05:16.194 18438 18438 D BoundBrokerSvc: onBind: Intent { act=com.google.android.gms.googlesettings.account.api.SelectedAccountManagerApiService.START dat=chimera-action:/... xflg=0x4 cmp=com.google.android.gms/.chimera.GmsApiService }
08-26 18:05:16.194 18438 18438 D BoundBrokerSvc: Loading bound service for intent: Intent { act=com.google.android.gms.googlesettings.account.api.SelectedAccountManagerApiService.START dat=chimera-action:/... xflg=0x4 cmp=com.google.android.gms/.chimera.GmsApiService }
08-26 18:05:16.196  5147 25522 I NetworkScheduler.Stats: (REDACTED) Task %s/%s finished executing. cause:%s result: %s elapsed_millis: %s uptime_millis: %s exec_start_elapsed_seconds: %s
08-26 18:05:16.198 18438 18438 D BoundBrokerSvc: onBind: Intent { act=com.google.android.gms.googleone.api.GoogleoneApiChimeraService.START dat=chimera-action:/... xflg=0x4 cmp=com.google.android.gms/.chimera.GmsApiService }
08-26 18:05:16.198 18438 18438 D BoundBrokerSvc: Loading bound service for intent: Intent { act=com.google.android.gms.googleone.api.GoogleoneApiChimeraService.START dat=chimera-action:/... xflg=0x4 cmp=com.google.android.gms/.chimera.GmsApiService }
08-26 18:05:16.204 18438 23410 I StorageUpdateTaskBoundS: (REDACTED) No accounts found in %s
08-26 18:05:16.216 18438 18438 D BoundBrokerSvc: onUnbind: Intent { act=com.google.android.gms.googleone.service.scheduler.StorageUpdateTaskBoundService.ACTION_TASK_READY dat=chimera-action:/... xflg=0x4 cmp=com.google.android.gms/.chimera.GmsInternalBoundBrokerService }
08-26 18:05:16.220  5147 25522 I NetworkScheduler.Stats: (REDACTED) Task %s/%s finished executing. cause:%s result: %s elapsed_millis: %s uptime_millis: %s exec_start_elapsed_seconds: %s
08-26 18:05:16.227  5147 25522 I NetworkScheduler.Stats: (REDACTED) Task %s/%s started execution. cause:%s exec_start_elapsed_seconds: %s
08-26 18:05:16.230  5147 25462 I NetworkScheduler.Stats: (REDACTED) Task %s/%s finished executing. cause:%s result: %s elapsed_millis: %s uptime_millis: %s exec_start_elapsed_seconds: %s
08-26 18:05:16.238   657  1757 D ActivityManager: sync unfroze 5348 com.google.android.gms.unstable for 6
08-26 18:05:16.245  5147  5147 D BoundBrokerSvc: onRebind: Intent { act=com.google.android.gms.common.telemetry.service.START dat=chimera-action:/... xflg=0x4 cmp=com.google.android.gms/.chimera.PersistentApiService }
08-26 18:05:16.443  1095  1243 E SatelliteController: isSatelliteEnabled: mIsSatelliteEnabled=null
08-26 18:05:16.443  1095  1243 D SatelliteController: isInCarrierRoamingNbIotNtn: satellite is disabled
08-26 18:05:16.443  1095  1243 D SatelliteController: getCarrierRoamingNtnConnectType: Checking connect type from PLMN config for subId: 1
08-26 18:05:16.443  1095  1243 D TelephonyConfigUpdateInstallReceiver: getConfigParser: domain=satellite
08-26 18:05:16.443  1095  1243 V SatelliteController: satelliteConfigParser is not ready
08-26 18:05:16.443  1095  1243 D SatelliteController: isSatelliteAttachSupportedViaConfigupdater: return null (satelliteConfig is null)
08-26 18:05:16.443  1095  1243 D SatelliteController: getConfigForSubId: subId= 1, config= PersistableBundle[{satellite_esos_supported_bool=false, satellite_connection_hysteresis_sec_int=180, satellite_supported_disaster_plmn_string_array=[], regional_satellite_earfcn_bundle=PersistableBundle[{}], satellite_entitlement_supported_bool=false, satellite_supported_emergency_plmn_string_array=[], satellite_configs_per_plmn_bundle=PersistableBundle[{}], satellite_sos_max_datagram_size_bytes_int=255, satellite_supported_msg_apps_string_array=[com.google.android.apps.messaging], satellite_connected_notification_throttle_millis_int=604800000, satellite_display_name_string=, satellite_roaming_p2p_sms_inactivity_timeout_sec_int=180, satellite_roaming_turn_off_session_for_emergency_call_bool=true, emergency_messaging_supported_bool=false, carrier_roaming_satellite_emergency_messaging_provider_per_country_bundle=PersistableBundle[{}], satellite_data_support_mode_int=0, carrier_roaming_ntn_connect_type_int=0, satellite_attach_supported_bool=false, carrier_roaming_satellite_emergency_messaging_redirection_destination_string=, satellite_nidd_apn_name_string=, carrier_supported_satellite_services_per_provider_bundle=PersistableBundle[{310830=[2, 3, 6]}], satellite_roaming_esos_inactivity_timeout_sec_int=300, carrier_supported_satellite_notification_hysteresis_sec_int=180, carrier_config_applied_bool=true, carrier_roaming_ntn_emergency_call_to_satellite_handover_type_int=2, carrier_roaming_satellite_default_services_int_array=[2, 3, 6], imsserviceentitlement.entitlement_server_url_string=, emergency_call_to_satellite_t911_handover_timeout_millis_int=30000, satellite_roaming_p2p_sms_supported_bool=false, carrier_config_version_string=, satellite_roaming_screen_off_inactivity_timeout_sec_int=30}]
08-26 18:05:16.444  1095  1243 D SatelliteController: isSatelliteSupportedViaCarrier: using CarrierConfig for subId=1, isAttachSupported=false
08-26 18:05:16.444  1095  1243 D SatelliteController: getSatellitePerPlmnConfiguration: invalid subId or not supported via carrier.
08-26 18:05:16.444  1095  1243 D SatelliteController: getCarrierRoamingNtnConnectType: config: null
08-26 18:05:16.444  1095  1243 D TelephonyConfigUpdateInstallReceiver: getConfigParser: domain=satellite
08-26 18:05:16.444  1095  1243 V SatelliteController: satelliteConfigParser is not ready
08-26 18:05:16.444  1095  1243 D SatelliteController: getCarrierRoamingNtnConnectTypeViaConfigUpdater: return null (satelliteConfig is null)
08-26 18:05:16.444  1095  1243 D SatelliteController: getConfigForSubId: subId= 1, config= PersistableBundle[{satellite_esos_supported_bool=false, satellite_connection_hysteresis_sec_int=180, satellite_supported_disaster_plmn_string_array=[], regional_satellite_earfcn_bundle=PersistableBundle[{}], satellite_entitlement_supported_bool=false, satellite_supported_emergency_plmn_string_array=[], satellite_configs_per_plmn_bundle=PersistableBundle[{}], satellite_sos_max_datagram_size_bytes_int=255, satellite_supported_msg_apps_string_array=[com.google.android.apps.messaging], satellite_connected_notification_throttle_millis_int=604800000, satellite_display_name_string=, satellite_roaming_p2p_sms_inactivity_timeout_sec_int=180, satellite_roaming_turn_off_session_for_emergency_call_bool=true, emergency_messaging_supported_bool=false, carrier_roaming_satellite_emergency_messaging_provider_per_country_bundle=PersistableBundle[{}], satellite_data_support_mode_int=0, carrier_roaming_ntn_connect_type_int=0, satellite_attach_supported_bool=false, carrier_roaming_satellite_emergency_messaging_redirection_destination_string=, satellite_nidd_apn_name_string=, carrier_supported_satellite_services_per_provider_bundle=PersistableBundle[{310830=[2, 3, 6]}], satellite_roaming_esos_inactivity_timeout_sec_int=300, carrier_supported_satellite_notification_hysteresis_sec_int=180, carrier_config_applied_bool=true, carrier_roaming_ntn_emergency_call_to_satellite_handover_type_int=2, carrier_roaming_satellite_default_services_int_array=[2, 3, 6], imsserviceentitlement.entitlement_server_url_string=, emergency_call_to_satellite_t911_handover_timeout_millis_int=30000, satellite_roaming_p2p_sms_supported_bool=false, carrier_config_version_string=, satellite_roaming_screen_off_inactivity_timeout_sec_int=30}]
08-26 18:05:16.444  1095  1243 D SatelliteController: getCarrierRoamingNtnConnectType: Falling back to global carrier config connect type: 0
08-26 18:05:16.444  1095  1243 D TelephonyConfigUpdateInstallReceiver: getConfigParser: domain=satellite
08-26 18:05:16.444  1095  1243 V SatelliteController: satelliteConfigParser is not ready
08-26 18:05:16.444  1095  1243 D SatelliteController: isSatelliteAttachSupportedViaConfigupdater: return null (satelliteConfig is null)
08-26 18:05:16.444  1095  1243 D SatelliteController: getConfigForSubId: subId= 1, config= PersistableBundle[{satellite_esos_supported_bool=false, satellite_connection_hysteresis_sec_int=180, satellite_supported_disaster_plmn_string_array=[], regional_satellite_earfcn_bundle=PersistableBundle[{}], satellite_entitlement_supported_bool=false, satellite_supported_emergency_plmn_string_array=[], satellite_configs_per_plmn_bundle=PersistableBundle[{}], satellite_sos_max_datagram_size_bytes_int=255, satellite_supported_msg_apps_string_array=[com.google.android.apps.messaging], satellite_connected_notification_throttle_millis_int=604800000, satellite_display_name_string=, satellite_roaming_p2p_sms_inactivity_timeout_sec_int=180, satellite_roaming_turn_off_session_for_emergency_call_bool=true, emergency_messaging_supported_bool=false, carrier_roaming_satellite_emergency_messaging_provider_per_country_bundle=PersistableBundle[{}], satellite_data_support_mode_int=0, carrier_roaming_ntn_connect_type_int=0, satellite_attach_supported_bool=false, carrier_roaming_satellite_emergency_messaging_redirection_destination_string=, satellite_nidd_apn_name_string=, carrier_supported_satellite_services_per_provider_bundle=PersistableBundle[{310830=[2, 3, 6]}], satellite_roaming_esos_inactivity_timeout_sec_int=300, carrier_supported_satellite_notification_hysteresis_sec_int=180, carrier_config_applied_bool=true, carrier_roaming_ntn_emergency_call_to_satellite_handover_type_int=2, carrier_roaming_satellite_default_services_int_array=[2, 3, 6], imsserviceentitlement.entitlement_server_url_string=, emergency_call_to_satellite_t911_handover_timeout_millis_int=30000, satellite_roaming_p2p_sms_supported_bool=false, carrier_config_version_string=, satellite_roaming_screen_off_inactivity_timeout_sec_int=30}]
08-26 18:05:16.444  1095  1243 D SatelliteController: isSatelliteSupportedViaCarrier: using CarrierConfig for subId=1, isAttachSupported=false
08-26 18:05:16.444  1095  1243 D SatelliteController: isInSatelliteModeForCarrierRoaming: subId=1, connectType=0, result=false
08-26 18:05:16.444  1095  1243 D SatelliteController: getCarrierRoamingNtnConnectType: Checking connect type from PLMN config for subId: 1
08-26 18:05:16.444  1095  1243 D TelephonyConfigUpdateInstallReceiver: getConfigParser: domain=satellite
08-26 18:05:16.444  1095  1243 V SatelliteController: satelliteConfigParser is not ready
08-26 18:05:16.444  1095  1243 D SatelliteController: isSatelliteAttachSupportedViaConfigupdater: return null (satelliteConfig is null)
08-26 18:05:16.444  1095  1243 D SatelliteController: getConfigForSubId: subId= 1, config= PersistableBundle[{satellite_esos_supported_bool=false, satellite_connection_hysteresis_sec_int=180, satellite_supported_disaster_plmn_string_array=[], regional_satellite_earfcn_bundle=PersistableBundle[{}], satellite_entitlement_supported_bool=false, satellite_supported_emergency_plmn_string_array=[], satellite_configs_per_plmn_bundle=PersistableBundle[{}], satellite_sos_max_datagram_size_bytes_int=255, satellite_supported_msg_apps_string_array=[com.google.android.apps.messaging], satellite_connected_notification_throttle_millis_int=604800000, satellite_display_name_string=, satellite_roaming_p2p_sms_inactivity_timeout_sec_int=180, satellite_roaming_turn_off_session_for_emergency_call_bool=true, emergency_messaging_supported_bool=false, carrier_roaming_satellite_emergency_messaging_provider_per_country_bundle=PersistableBundle[{}], satellite_data_support_mode_int=0, carrier_roaming_ntn_connect_type_int=0, satellite_attach_supported_bool=false, carrier_roaming_satellite_emergency_messaging_redirection_destination_string=, satellite_nidd_apn_name_string=, carrier_supported_satellite_services_per_provider_bundle=PersistableBundle[{310830=[2, 3, 6]}], satellite_roaming_esos_inactivity_timeout_sec_int=300, carrier_supported_satellite_notification_hysteresis_sec_int=180, carrier_config_applied_bool=true, carrier_roaming_ntn_emergency_call_to_satellite_handover_type_int=2, carrier_roaming_satellite_default_services_int_array=[2, 3, 6], imsserviceentitlement.entitlement_server_url_string=, emergency_call_to_satellite_t911_handover_timeout_millis_int=30000, satellite_roaming_p2p_sms_supported_bool=false, carrier_config_version_string=, satellite_roaming_screen_off_inactivity_timeout_sec_int=30}]
08-26 18:05:16.444  1095  1243 D SatelliteController: isSatelliteSupportedViaCarrier: using CarrierConfig for subId=1, isAttachSupported=false
08-26 18:05:16.444  1095  1243 D SatelliteController: getSatellitePerPlmnConfiguration: invalid subId or not supported via carrier.
08-26 18:05:16.444  1095  1243 D SatelliteController: getCarrierRoamingNtnConnectType: config: null
08-26 18:05:16.444  1095  1243 D TelephonyConfigUpdateInstallReceiver: getConfigParser: domain=satellite
08-26 18:05:16.444  1095  1243 V SatelliteController: satelliteConfigParser is not ready
08-26 18:05:16.444  1095  1243 D SatelliteController: getCarrierRoamingNtnConnectTypeViaConfigUpdater: return null (satelliteConfig is null)
08-26 18:05:16.444  1095  1243 D SatelliteController: getConfigForSubId: subId= 1, config= PersistableBundle[{satellite_esos_supported_bool=false, satellite_connection_hysteresis_sec_int=180, satellite_supported_disaster_plmn_string_array=[], regional_satellite_earfcn_bundle=PersistableBundle[{}], satellite_entitlement_supported_bool=false, satellite_supported_emergency_plmn_string_array=[], satellite_configs_per_plmn_bundle=PersistableBundle[{}], satellite_sos_max_datagram_size_bytes_int=255, satellite_supported_msg_apps_string_array=[com.google.android.apps.messaging], satellite_connected_notification_throttle_millis_int=604800000, satellite_display_name_string=, satellite_roaming_p2p_sms_inactivity_timeout_sec_int=180, satellite_roaming_turn_off_session_for_emergency_call_bool=true, emergency_messaging_supported_bool=false, carrier_roaming_satellite_emergency_messaging_provider_per_country_bundle=PersistableBundle[{}], satellite_data_support_mode_int=0, carrier_roaming_ntn_connect_type_int=0, satellite_attach_supported_bool=false, carrier_roaming_satellite_emergency_messaging_redirection_destination_string=, satellite_nidd_apn_name_string=, carrier_supported_satellite_services_per_provider_bundle=PersistableBundle[{310830=[2, 3, 6]}], satellite_roaming_esos_inactivity_timeout_sec_int=300, carrier_supported_satellite_notification_hysteresis_sec_int=180, carrier_config_applied_bool=true, carrier_roaming_ntn_emergency_call_to_satellite_handover_type_int=2, carrier_roaming_satellite_default_services_int_array=[2, 3, 6], imsserviceentitlement.entitlement_server_url_string=, emergency_call_to_satellite_t911_handover_timeout_millis_int=30000, satellite_roaming_p2p_sms_supported_bool=false, carrier_config_version_string=, satellite_roaming_screen_off_inactivity_timeout_sec_int=30}]
08-26 18:05:16.444  1095  1243 D SatelliteController: getCarrierRoamingNtnConnectType: Falling back to global carrier config connect type: 0
08-26 18:05:16.444  1095  1243 D TelephonyConfigUpdateInstallReceiver: getConfigParser: domain=satellite
08-26 18:05:16.444  1095  1243 V SatelliteController: satelliteConfigParser is not ready
08-26 18:05:16.444  1095  1243 D SatelliteController: isSatelliteAttachSupportedViaConfigupdater: return null (satelliteConfig is null)
08-26 18:05:16.444   657  1226 W libbinder.IPCThreadState: Sending oneway calls to frozen process.
08-26 18:05:16.444  1095  1243 D SatelliteController: getConfigForSubId: subId= 1, config= PersistableBundle[{satellite_esos_supported_bool=false, satellite_connection_hysteresis_sec_int=180, satellite_supported_disaster_plmn_string_array=[], regional_satellite_earfcn_bundle=PersistableBundle[{}], satellite_entitlement_supported_bool=false, satellite_supported_emergency_plmn_string_array=[], satellite_configs_per_plmn_bundle=PersistableBundle[{}], satellite_sos_max_datagram_size_bytes_int=255, satellite_supported_msg_apps_string_array=[com.google.android.apps.messaging], satellite_connected_notification_throttle_millis_int=604800000, satellite_display_name_string=, satellite_roaming_p2p_sms_inactivity_timeout_sec_int=180, satellite_roaming_turn_off_session_for_emergency_call_bool=true, emergency_messaging_supported_bool=false, carrier_roaming_satellite_emergency_messaging_provider_per_country_bundle=PersistableBundle[{}], satellite_data_support_mode_int=0, carrier_roaming_ntn_connect_type_int=0, satellite_attach_supported_bool=false, carrier_roaming_satellite_emergency_messaging_redirection_destination_string=, satellite_nidd_apn_name_string=, carrier_supported_satellite_services_per_provider_bundle=PersistableBundle[{310830=[2, 3, 6]}], satellite_roaming_esos_inactivity_timeout_sec_int=300, carrier_supported_satellite_notification_hysteresis_sec_int=180, carrier_config_applied_bool=true, carrier_roaming_ntn_emergency_call_to_satellite_handover_type_int=2, carrier_roaming_satellite_default_services_int_array=[2, 3, 6], imsserviceentitlement.entitlement_server_url_string=, emergency_call_to_satellite_t911_handover_timeout_millis_int=30000, satellite_roaming_p2p_sms_supported_bool=false, carrier_config_version_string=, satellite_roaming_screen_off_inactivity_timeout_sec_int=30}]
08-26 18:05:16.444  1095  1243 D SatelliteController: isSatelliteSupportedViaCarrier: using CarrierConfig for subId=1, isAttachSupported=false
08-26 18:05:16.444  1095  1243 D SatelliteController: isInSatelliteModeForCarrierRoaming: subId=1, connectType=0, result=false
08-26 18:05:16.481   492   492 W skia    : AGTM parsing failed flags.readFromStream(s) at 159
08-26 18:05:16.483   492   534 W skia    : AGTM parsing failed flags.readFromStream(s) at 159
08-26 18:05:16.565   438  2672 D android.hardware.audio@7.1-impl.ranchu: threadLoop: entering standby, frames: 17000000
08-26 18:05:16.565   438  2672 D android.hardware.audio@7.1-impl.ranchu: ~TinyalsaSink: joining consumeThread
08-26 18:05:16.566   438 25801 D android.hardware.audio@7.1-impl.ranchu: consumeThread: exiting
08-26 18:05:16.797  5348  5352 W id.gms.unstable: Reducing the number of considered missed Gc histogram windows from 179 to 100
08-26 18:05:16.961   517   517 I adbd    : adbd service requested 'shell,v2,TERM=dumb,raw:cat /sdcard/payload-tabs-1.xml'
08-26 18:05:17.012   517   517 I adbd    : adbd service requested 'shell,v2,TERM=dumb,raw:input tap 791 2754'
08-26 18:05:17.038 25698 25698 I QuickAppKit: android.input.tabs.change surface=srf:1 node=node:8 index=2 value=购物车
08-26 18:05:17.038 25698 25698 I QuickAppKit: android.event.change.received surface=srf:1 node=node:8
08-26 18:05:17.038 25698 25773 I QuickAppKit: android.event.payload event=change keys=2 index=number value=string checked=absent isFromUser=absent selected=absent scrollOffset=absent
08-26 18:05:17.039   657  1937 W AS.PlaybackActivityMon: No piid assigned for invalid/internal port id 16
08-26 18:05:17.039   657  2056 W AS.PlaybackActivityMon: No piid assigned for invalid/internal port id 16
08-26 18:05:17.039 25698 25773 I QuickAppKit: android.event.js_callback posted=1 error=
08-26 18:05:17.039 25698 25773 I QuickAppKit: android.event.change.dispatched=1
08-26 18:05:17.040 25698 25774 I QuickAppKit: android.event.handler_execute surface=srf:1 handler=hdl:3 dispatched=1
08-26 18:05:17.041   488   516 D AudioFlinger: mixer(0xb40078b88a03b790) throttle end: throttle time(41)
08-26 18:05:17.043 25698 25773 I QuickAppKit: android.native.mount surface=srf:1 operations=32
08-26 18:05:17.044 25698 25773 I QuickAppKit: android.platform.mount surface=srf:1 operations=32
08-26 18:05:17.044 25698 25773 I QuickAppKit: android.render.submit surface=srf:1 transaction=txn:srf:1-2 revision=2 ok=1 error=
08-26 18:05:17.048 25698 25698 I QuickAppKit: android.platform.mount.ui surface=srf:1
08-26 18:05:17.050 25698 25698 I QuickAppKit: android.platform.mount.result surface=srf:1 ok=true
08-26 18:05:17.050 25698 25698 I QuickAppKit: android.mount.result.received surface=srf:1 revision=2 attempt=mnt:3 source=txn:srf:1-2 mounted=1
08-26 18:05:17.051 25698 25773 I QuickAppKit: android.mount.result.accepted=1
08-26 18:05:17.068   492   492 W skia    : AGTM parsing failed flags.readFromStream(s) at 159
08-26 18:05:17.098   492   534 W skia    : AGTM parsing failed flags.readFromStream(s) at 159
08-26 18:05:17.114   492   492 W skia    : AGTM parsing failed flags.readFromStream(s) at 159
08-26 18:05:17.198   492   534 W skia    : AGTM parsing failed flags.readFromStream(s) at 159
08-26 18:05:17.202   488   505 I APM_AudioPolicyManager: getNewOutputDevices io 13 recent device override {AUDIO_DEVICE_OUT_SPEAKER, @:}
08-26 18:05:17.204  1095  1095 D TelephonyManager: requestModemActivityInfo: Sending result to app: ModemActivityInfo{ mTimestamp=173733060 mSleepTimeMs=31038 mIdleTimeMs=10346 mActivityStatsTechSpecificInfo=[{mRat=UNKNOWN,mFrequencyRange=UNKNOWN,mTxTimeMs[]=[739, 2217, 4434, 5912, 6651],mRxTimeMs=6651}]}
08-26 18:05:17.424   657  1757 I RemoteProvisionSysSvc: getRegistration(android.hardware.security.keymint.IRemotelyProvisionedComponent/default)
08-26 18:05:17.441   657  1757 D ActivityManager: sync unfroze 3434 com.google.android.rkpdapp for 6
08-26 18:05:17.453   657   657 I RegistrationProxy: onServiceConnected: com.android.rkpdapp.service.RemoteProvisioningService
08-26 18:05:17.458   657  1757 I RegistrationProxy: IGetRegistrationCallback.onSuccess
08-26 18:05:17.458  1059  1059 I HidDeviceService: unregisterAppUid(): uid=10213
08-26 18:05:17.458  1059  1059 W HidDeviceService: unregisterAppUid(): caller UID doesn't match user UID
08-26 18:05:17.459   657  1226 I RemoteProvisionSysSvc: Fetching key 10217 for client 97417627
08-26 18:05:17.459   657  1226 I RegistrationProxy: getKeyAsync operation started with callback 182006072
08-26 18:05:17.460  3434 25840 I RkpdRegistrationBinder: Key requested for : android.hardware.security.keymint.IRemotelyProvisionedComponent/default, clientUid: 1017, keyId: 10217, callback: 267575989
08-26 18:05:17.463  3434 25840 I RkpdRegistrationBinder: Key successfully assigned to client
08-26 18:05:17.463   657   657 I RemoteProvisionSysSvc: Successfully fetched key for client 97417627
08-26 18:05:17.465   315   315 D SoftKeymaster: system/keymaster/km_openssl/certificate_utils.cpp, Line 148: Using TAG_CERTIFICATE_NOT_BEFORE: 0
08-26 18:05:17.465   315   315 D SoftKeymaster: system/keymaster/km_openssl/certificate_utils.cpp, Line 154: Using TAG_CERTIFICATE_NOT_AFTER: 2461449600000
08-26 18:05:17.465   315   315 D SoftKeymaster: system/keymaster/km_openssl/certificate_utils.cpp, Line 159: Got certificate date params:  NotBefore = 0, NotAfter = 2461449600000
08-26 18:05:17.465   315   315 D SoftKeymaster: system/keymaster/km_openssl/certificate_utils.cpp, Line 273: Setting notBefore to 0
08-26 18:05:17.465   315   315 D SoftKeymaster: system/keymaster/km_openssl/certificate_utils.cpp, Line 282: Setting notAfter to 2461449600
08-26 18:05:17.504   657  1937 W PackageInfo: Large parcel: size=48388 pkg=com.google.android.gms uid=10217 perm=18128(95) reqPerm=20184(386) sig=1208(1) prevAllowSquashing=false
08-26 18:05:17.508  5348 12130 W libc    : Access denied finding property "persist.adb.tls_server.enable"
08-26 18:05:17.509  5348 12130 W libc    : Access denied finding property "service.adb.tls.port"
08-26 18:05:17.584 18438 18438 D BoundBrokerSvc: onBind: Intent { act=com.google.android.gms.safetynet.service.START dat=chimera-action:/... xflg=0x4 cmp=com.google.android.gms/.chimera.GmsBoundBrokerService }
08-26 18:05:17.584 18438 18438 D BoundBrokerSvc: Loading bound service for intent: Intent { act=com.google.android.gms.safetynet.service.START dat=chimera-action:/... xflg=0x4 cmp=com.google.android.gms/.chimera.GmsBoundBrokerService }
08-26 18:05:17.595  5348 12130 I GFXSTREAM: [eglDisplay.cpp(297)] Opening libGLESv1_CM_emulation.so
08-26 18:05:17.596  5348 12130 I GFXSTREAM: [eglDisplay.cpp(297)] Opening libGLESv2_emulation.so
08-26 18:05:17.596  5348 12130 W libc    : Access denied finding property "vendor.mesa.virtgpu.kumquat"
08-26 18:05:17.614  5348 12130 W SystemServiceRegistry: No service published for: persistent_data_block
08-26 18:05:17.614  5348 12130 W libbinder.Binder: Binder transaction to com.google.android.gms.droidguard.internal.IDroidGuardHandle, function: UNKNOWN_FUNCTION_NAME, code: 5, took 1361ms. Data bytes: 336 Reply bytes: 16 Flags: 18
08-26 18:05:17.945   657   772 D ActivityManager: freezing 5640 com.google.android.apps.wellbeing
08-26 18:05:17.947   657   840 D InetDiagMessage: Destroyed 0 sockets, proto=IPPROTO_TCP, family=AF_INET, states=14
08-26 18:05:17.947   657   840 D InetDiagMessage: Destroyed 0 sockets, proto=IPPROTO_TCP, family=AF_INET6, states=14
08-26 18:05:17.947   657   840 D InetDiagMessage: Destroyed live tcp sockets for uids={10157} in 0ms
08-26 18:05:18.039   438 25836 E android.hardware.audio@7.1-impl.ranchu: consumeThread: tinyalsa revents=0x000C
08-26 18:05:18.083   517   517 I adbd    : adbd service requested 'exec:screencap '-p''
08-26 18:05:18.138 25850 25850 W libbinder.BackendUnifiedServiceManager: Thread Pool max thread count is 0. Cannot cache binder as linkToDeath cannot be implemented. serviceName: SurfaceFlingerAIDL
08-26 18:05:18.138 25850 25850 W libbinder.BpBinder: Linking to death on android.gui.ISurfaceComposer but there are no threads (yet?) listening to incoming transactions. See ProcessState::startThreadPool and ProcessState::setThreadPoolMaxThreadCount. Generally you should setup the binder threadpool before other initialization steps.
08-26 18:05:18.138 25850 25850 W libbinder.ProcessState: Extra binder thread started, but 0 threads requested. Do not use *startThreadPool when zero threads are requested.
08-26 18:05:18.141   492   534 W skia    : AGTM parsing failed flags.readFromStream(s) at 159
08-26 18:05:18.141   492   534 W skia    : AGTM parsing failed flags.readFromStream(s) at 159
08-26 18:05:18.141   492   534 W skia    : AGTM parsing failed flags.readFromStream(s) at 159
08-26 18:05:18.159 25850 25851 W libc    : Access denied finding property "vendor.mesa.virtgpu.kumquat"
08-26 18:05:18.305   517   517 I adbd    : adbd service requested 'shell,v2,TERM=dumb,raw:uiautomator dump /sdcard/payload-tabs-2.xml'
08-26 18:05:18.344 25852 25852 D AndroidRuntime: >>>>>> START com.android.internal.os.RuntimeInit uid 2000 <<<<<<
08-26 18:05:18.346 25852 25852 I AndroidRuntime: Using default boot image
08-26 18:05:18.346 25852 25852 I AndroidRuntime: Leaving lock profiling enabled
08-26 18:05:18.347 25852 25852 I app_process: Core platform API enforcement reporting only by runtime option
08-26 18:05:18.347 25852 25852 I app_process: Using generational CollectorTypeCMC GC.
08-26 18:05:18.373 25852 25852 D nativeloader: InitDefaultPublicLibraries for_preload=1: libandroid.so:libaaudio.so:libamidi.so:libbinder_ndk.so:libc.so:libcamera2ndk.so:libdl.so:libEGL.so:libGLESv1_CM.so:libGLESv2.so:libGLESv3.so:libicu.so:libicui18n.so:libicuuc.so:libjnigraphics.so:liblog.so:libmediandk.so:libm.so:libnativehelper.so:libnativewindow.so:libOpenMAXAL.so:libOpenSLES.so:libRS.so:libstdc++.so:libsync.so:libvulkan.so:libwebviewchromium_plat_support.so:libz.so
08-26 18:05:18.380 25852 25852 D nativeloader: Load libicu_jni.so using APEX ns com_android_art for caller /apex/com.android.art/javalib/core-oj.jar: ok
08-26 18:05:18.380 25852 25852 D app_process: u_setTimeZoneFilesDirectory("/apex/com.android.tzdata/etc/tz/versioned/10/icu") succeeded. 
08-26 18:05:18.380 25852 25852 D app_process: I18n APEX ICU file found: /apex/com.android.i18n/etc/icu/icudt78l.dat
08-26 18:05:18.380 25852 25852 D nativeloader: Load libjavacore.so using APEX ns com_android_art for caller /apex/com.android.art/javalib/core-oj.jar: ok
08-26 18:05:18.381 25852 25852 D nativeloader: Load libopenjdk.so using APEX ns com_android_art for caller /apex/com.android.art/javalib/core-oj.jar: ok
08-26 18:05:18.381 25852 25852 I app_process: Priority-to-niceness mapping: 19, 16, 13, 10, 0, -2, -4, -5, -6, -8
08-26 18:05:18.382 25852 25852 W app_process: ClassLoaderContext shared library size mismatch. Expected=2, found=0 (PCL[]{PCL[/system/framework/android.test.base.jar*1579129895]#PCL[/system/framework/android.test.mock.jar*1147775851]} | PCL[])
08-26 18:05:18.382 25852 25852 W app_process: ClassLoaderContext classpath size mismatch. expected=0, found=1 (PCL[]{PCL[/system/framework/android.test.runner.jar*2652887513]{PCL[/system/framework/android.test.base.jar*1579129895]#PCL[/system/framework/android.test.mock.jar*1147775851]}#PCL[/system/framework/android.test.base.jar*1579129895]} | PCL[/system/framework/android.test.runner.jar*2652887513])
08-26 18:05:18.397 25852 25852 D nativeloader: Load libframework-connectivity-tiramisu-jni.so using APEX ns com_android_tethering for caller /apex/com.android.tethering/javalib/framework-connectivity-t.jar: ok
08-26 18:05:18.397 25852 25852 D AndroidRuntime: Calling main entry com.android.commands.uiautomator.Launcher
08-26 18:05:18.399 25852 25852 I AconfigPackage: android.media.swcodec.flags is mapped to com.android.media.swcodec
08-26 18:05:18.399 25852 25852 I AconfigPackage: com.android.permission.flags is mapped to com.android.permission
08-26 18:05:18.399 25852 25852 I AconfigPackage: com.android.permissioncontroller.flags is mapped to com.android.permission
08-26 18:05:18.399 25852 25852 I AconfigPackage: com.google.android.widevine.flags is mapped to com.google.android.widevine
08-26 18:05:18.399 25852 25852 I AconfigPackage: com.android.icu is mapped to com.android.i18n
08-26 18:05:18.400 25852 25852 I AconfigPackage: com.android.appsearch.flags is mapped to com.android.appsearch
08-26 18:05:18.400 25852 25852 I AconfigPackage: com.android.uprobestats.flags is mapped to com.android.uprobestats
08-26 18:05:18.400 25852 25852 I AconfigPackage: android.uprobestats.mainline.flags is mapped to com.android.uprobestats
08-26 18:05:18.400 25852 25852 I AconfigPackage: com.android.crashrecovery.flags is mapped to com.android.crashrecovery
08-26 18:05:18.400 25852 25852 I AconfigPackage: android.provider.flags is mapped to com.android.configinfrastructure
08-26 18:05:18.400 25852 25852 I AconfigPackage: com.android.server.deviceconfig is mapped to com.android.configinfrastructure
08-26 18:05:18.400 25852 25852 I AconfigPackage: com.android.art.flags is mapped to com.android.art
08-26 18:05:18.400 25852 25852 I AconfigPackage: com.android.art.rw.flags is mapped to com.android.art
08-26 18:05:18.400 25852 25852 I AconfigPackage: com.android.libcore is mapped to com.android.art
08-26 18:05:18.400 25852 25852 I AconfigPackage: android.telecom.flags is mapped to com.android.telephonycore
08-26 18:05:18.400 25852 25852 I AconfigPackage: com.android.internal.telecom.flags is mapped to com.android.telephonycore
08-26 18:05:18.400 25852 25852 I AconfigPackage: com.android.telephony.flags is mapped to com.android.telephonycore
08-26 18:05:18.400 25852 25852 I AconfigPackage: com.android.media.extractor.flags is mapped to com.android.media
08-26 18:05:18.400 25852 25852 I AconfigPackage: com.android.media.metrics.flags is mapped to com.android.media
08-26 18:05:18.400 25852 25852 I AconfigPackage: com.android.media.mainline.flags is mapped to com.android.media
08-26 18:05:18.400 25852 25852 I AconfigPackage: com.android.wifi.flags is mapped to com.android.wifi
08-26 18:05:18.400 25852 25852 I AconfigPackage: com.android.org.conscrypt.flags is mapped to com.android.conscrypt
08-26 18:05:18.400 25852 25852 I AconfigPackage: com.android.org.conscrypt.net.flags is mapped to com.android.conscrypt
08-26 18:05:18.400 25852 25852 I AconfigPackage: com.android.healthfitness.flags is mapped to com.android.healthfitness
08-26 18:05:18.400 25852 25852 I AconfigPackage: com.android.healthfitness.beta is mapped to com.android.healthfitness
08-26 18:05:18.400 25852 25852 I AconfigPackage: com.android.ipsec.flags is mapped to com.android.ipsec
08-26 18:05:18.400 25852 25852 I AconfigPackage: com.android.nfc.module.flags is mapped to com.android.nfcservices
08-26 18:05:18.400 25852 25852 I AconfigPackage: com.android.nfc.module.nonexported.flags is mapped to com.android.nfcservices
08-26 18:05:18.400 25852 25852 I AconfigPackage: com.android.adservices.ondevicepersonalization.flags is mapped to com.android.ondevicepersonalization
08-26 18:05:18.400 25852 25852 I AconfigPackage: com.android.scheduling.flags is mapped to com.android.scheduling
08-26 18:05:18.400 25852 25852 I AconfigPackage: com.android.adbd.flags is mapped to com.android.adbd
08-26 18:05:18.400 25852 25852 I AconfigPackage: com.android.bluetooth.beta.flags is mapped to com.android.bt
08-26 18:05:18.400 25852 25852 I AconfigPackage: com.android.bluetooth.flags is mapped to com.android.bt
08-26 18:05:18.401 25852 25852 I AconfigPackage: com.android.devicelock.flags is mapped to com.android.devicelock
08-26 18:05:18.401 25852 25852 I AconfigPackage: android.os.profiling is mapped to com.android.profiling
08-26 18:05:18.401 25852 25852 I AconfigPackage: android.os.profiling.anomaly.beta.flags is mapped to com.android.profiling
08-26 18:05:18.401 25852 25852 I AconfigPackage: android.os.profiling.anomaly.flags is mapped to com.android.profiling
08-26 18:05:18.401 25852 25852 I AconfigPackage: com.android.os.statsd.flags is mapped to com.android.os.statsd
08-26 18:05:18.401 25852 25852 I AconfigPackage: com.android.webapp.flags is mapped to com.android.webapp
08-26 18:05:18.401 25852 25852 I AconfigPackage: com.android.rkpd.flags is mapped to com.android.rkpd
08-26 18:05:18.401 25852 25852 I AconfigPackage: com.android.cellbroadcastreceiver.flags is mapped to com.android.cellbroadcast
08-26 18:05:18.401 25852 25852 I AconfigPackage: com.android.adservices.flags is mapped to com.android.adservices
08-26 18:05:18.401 25852 25852 I AconfigPackage: com.android.sdksandbox.flags is mapped to com.android.adservices
08-26 18:05:18.401 25852 25852 I AconfigPackage: android.app.sdksandbox.flags is mapped to com.android.adservices
08-26 18:05:18.401 25852 25852 I AconfigPackage: com.android.uwb.flags is mapped to com.android.uwb
08-26 18:05:18.401 25852 25852 I AconfigPackage: com.android.ranging.flags is mapped to com.android.uwb
08-26 18:05:18.401 25852 25852 I AconfigPackage: com.android.npumanager is mapped to com.android.npumanager
08-26 18:05:18.401 25852 25852 I AconfigPackage: com.android.signature.flags is mapped to com.android.mediaprovider
08-26 18:05:18.401 25852 25852 I AconfigPackage: com.android.providers.media.flags is mapped to com.android.mediaprovider
08-26 18:05:18.401 25852 25852 I AconfigPackage: android.graphics.pdf.flags is mapped to com.android.mediaprovider
08-26 18:05:18.401 25852 25852 I AconfigPackage: android.graphics.pdf.flags.readonly is mapped to com.android.mediaprovider
08-26 18:05:18.401 25852 25852 I AconfigPackage: com.android.tethering.mainline.beta is mapped to com.android.tethering
08-26 18:05:18.401 25852 25852 I AconfigPackage: android.net.http is mapped to com.android.tethering
08-26 18:05:18.401 25852 25852 I AconfigPackage: com.android.tethering.readonly.flags is mapped to com.android.tethering
08-26 18:05:18.401 25852 25852 I AconfigPackage: android.net.vcn is mapped to com.android.tethering
08-26 18:05:18.401 25852 25852 I AconfigPackage: com.android.net.flags is mapped to com.android.tethering
08-26 18:05:18.401 25852 25852 I AconfigPackage: com.android.tethering.flags is mapped to com.android.tethering
08-26 18:05:18.401 25852 25852 I AconfigPackage: com.android.tethering.beta.test is mapped to com.android.tethering
08-26 18:05:18.401 25852 25852 I AconfigPackage: com.android.nearby.flags is mapped to com.android.tethering
08-26 18:05:18.401 25852 25852 I AconfigPackage: com.android.net.thread.flags is mapped to com.android.tethering
08-26 18:05:18.401 25852 25852 I AconfigPackage: android.net.http.flags is mapped to com.android.tethering
08-26 18:05:18.401 25852 25852 I AconfigPackage: com.android.system.virtualmachine.flags is mapped to com.android.virt
08-26 18:05:18.401 25852 25852 E FeatureFlagsImplExport: android.os.flagging.AconfigStorageReadException: ERROR_PACKAGE_NOT_FOUND: package android.xr cannot be found on the device
08-26 18:05:18.402 25852 25852 D UiAutomationConnection: Created on user UserHandle{0}
08-26 18:05:18.402 25852 25852 I UiAutomation: Initialized for user 0 on display 0
08-26 18:05:18.402 25852 25852 W UiAutomation: Created with deprecatead constructor, assumes DEFAULT_DISPLAY
08-26 18:05:18.403   657  2056 D AccessibilityManagerService: changeCurrentUserForTestAutomationIfNeededLocked(0): ignoring because device doesn't support visible background users
08-26 18:05:18.403   657  2056 I UiAutomationManager: Registering UiTestAutomationService (id=com.android.server.accessibility/UiAutomation, flags=0x0) when called by user 0
08-26 18:05:18.403   657  2056 V AccessibilityManagerService: onUserStateChangedLocked for userId: 0, forceUpdate: false
08-26 18:05:18.403   657  2056 V AccessibilityUserState: updateShortcutTargets: type:accessibility_shortcut_target_service, current:{}, new:{}
08-26 18:05:18.403   657  2056 V AccessibilityUserState: updateShortcutTargets: type:accessibility_button_targets, current:{}, new:{}
08-26 18:05:18.403   657  2056 V AccessibilityUserState: updateShortcutTargets: type:accessibility_gesture_targets, current:{}, new:{}
08-26 18:05:18.403   657  2056 V AccessibilityUserState: updateShortcutTargets: type:accessibility_qs_targets, current:{}, new:{}
08-26 18:05:18.403   657  2056 V AccessibilityUserState: updateShortcutTargets: type:accessibility_key_gesture_targets, current:{}, new:{}
08-26 18:05:18.403   657  2056 V AccessibilityUserState: updateShortcutTargets: type:accessibility_top_row_key_targets, current:{}, new:{}
08-26 18:05:18.403   657  2056 V AccessibilityUserState: updateShortcutTargets: type:accessibility_quick_access_targets, current:{}, new:{}
08-26 18:05:18.404   657  2056 W MagnificationConnectionManager: requestConnection duplicated request: connect=false, mConnectionState=DISCONNECTED
08-26 18:05:18.404  1777  2378 I AiAiEcho: Settings changed for uri: content://settings/secure/accessibility_enabled
08-26 18:05:18.404   657   657 W libbinder.IPCThreadState: Sending oneway calls to frozen process.
08-26 18:05:18.404  1777  1991 I AiAiEcho: Predicting[0]:  [CONTEXT sampling_count=5 ]
08-26 18:05:18.405  1777  1991 I AiAiEcho: EchoTargets: 
08-26 18:05:18.405  1777  1991 I AiAiEcho: Filtered by AiAi flag check: 
08-26 18:05:18.405  1777  1991 I AiAiEcho: [CONTEXT ratelimit_period="10 SECONDS" ]
08-26 18:05:18.405   657   657 W libbinder.IPCThreadState: Sending oneway calls to frozen process.
08-26 18:05:18.405   657   657 W libbinder.IPCThreadState: Sending oneway calls to frozen process.
08-26 18:05:18.405  1777  1991 I AiAiEcho: #remoteViewsTwiddler: feature disabled.
08-26 18:05:18.405  1777  1991 I AiAiEcho: #postPredictionTargets: Sending updates to UISurface home with targets# 0 (types=[])
08-26 18:05:18.405   657   657 W libbinder.IPCThreadState: Sending oneway calls to frozen process.
08-26 18:05:18.405   657   657 W libbinder.IPCThreadState: Sending oneway calls to frozen process.
08-26 18:05:18.405   657   657 W libbinder.IPCThreadState: Sending oneway calls to frozen process.
08-26 18:05:18.405   657   657 W libbinder.IPCThreadState: Sending oneway calls to frozen process.
08-26 18:05:18.405   657  2056 V AccessibilityManagerService: onUserStateChangedLocked for userId: 0, forceUpdate: false
08-26 18:05:18.406   657  2056 V AccessibilityUserState: updateShortcutTargets: type:accessibility_shortcut_target_service, current:{}, new:{}
08-26 18:05:18.406   657  2056 V AccessibilityUserState: updateShortcutTargets: type:accessibility_button_targets, current:{}, new:{}
08-26 18:05:18.406   657  2056 V AccessibilityUserState: updateShortcutTargets: type:accessibility_gesture_targets, current:{}, new:{}
08-26 18:05:18.406   657  2056 V AccessibilityUserState: updateShortcutTargets: type:accessibility_qs_targets, current:{}, new:{}
08-26 18:05:18.406   657  2056 V AccessibilityUserState: updateShortcutTargets: type:accessibility_key_gesture_targets, current:{}, new:{}
08-26 18:05:18.406   657  2056 V AccessibilityUserState: updateShortcutTargets: type:accessibility_top_row_key_targets, current:{}, new:{}
08-26 18:05:18.406   657  2056 V AccessibilityUserState: updateShortcutTargets: type:accessibility_quick_access_targets, current:{}, new:{}
08-26 18:05:18.406  1777  2378 I AiAiEcho: Settings changed for uri: content://settings/secure/accessibility_enabled
08-26 18:05:18.406   657  2056 W MagnificationConnectionManager: requestConnection duplicated request: connect=false, mConnectionState=DISCONNECTED
08-26 18:05:18.407  1777  1991 I AiAiEcho: Predicting[0]:  [CONTEXT sampling_count=5 ]
08-26 18:05:18.407   657   657 W libbinder.IPCThreadState: Sending oneway calls to frozen process.
08-26 18:05:18.407  1777  1991 I AiAiEcho: EchoTargets: 
08-26 18:05:18.407  1777  1991 I AiAiEcho: Filtered by AiAi flag check: 
08-26 18:05:18.407  1777  1991 I AiAiEcho: [CONTEXT ratelimit_period="10 SECONDS" ]
08-26 18:05:18.407  1777  1991 I AiAiEcho: #remoteViewsTwiddler: feature disabled.
08-26 18:05:18.407  1777  1991 I AiAiEcho: #postPredictionTargets: Sending updates to UISurface home with targets# 0 (types=[])
08-26 18:05:18.407   657   657 W libbinder.IPCThreadState: Sending oneway calls to frozen process.
08-26 18:05:18.408   657   657 W libbinder.IPCThreadState: Sending oneway calls to frozen process.
08-26 18:05:18.408   657   657 W libbinder.IPCThreadState: Sending oneway calls to frozen process.
08-26 18:05:18.408   657   657 W libbinder.IPCThreadState: Sending oneway calls to frozen process.
08-26 18:05:18.408   657   657 W libbinder.IPCThreadState: Sending oneway calls to frozen process.
08-26 18:05:18.408   657   657 W libbinder.IPCThreadState: Sending oneway calls to frozen process.
08-26 18:05:18.408   657   657 W libbinder.IPCThreadState: Sending oneway calls to frozen process.
08-26 18:05:18.408   657   657 W libbinder.IPCThreadState: Sending oneway calls to frozen process.
08-26 18:05:18.408   657   657 W libbinder.IPCThreadState: Sending oneway calls to frozen process.
08-26 18:05:18.408   657   657 W libbinder.IPCThreadState: Sending oneway calls to frozen process.
08-26 18:05:18.408   657   657 W libbinder.IPCThreadState: Sending oneway calls to frozen process.
08-26 18:05:18.408   657   657 W libbinder.IPCThreadState: Sending oneway calls to frozen process.
08-26 18:05:18.408   657   657 W libbinder.IPCThreadState: Sending oneway calls to frozen process.
08-26 18:05:18.408   657   657 W libbinder.IPCThreadState: Sending oneway calls to frozen process.
08-26 18:05:18.409   657   657 W libbinder.IPCThreadState: Sending oneway calls to frozen process.
08-26 18:05:18.409   657   657 W libbinder.IPCThreadState: Sending oneway calls to frozen process.
08-26 18:05:18.409   657   657 W libbinder.IPCThreadState: Sending oneway calls to frozen process.
08-26 18:05:18.409   657   657 D BatterySaverPolicy: accessibility changed to true, updating policy.
08-26 18:05:18.410   657  2089 D AccessibilityManagerService: .getAccessibilityShortcutTargets {shortcutType=32, userId=0}
08-26 18:05:18.410  1248  1370 D AccessibilitySourceService: enabled a11y services count 0
08-26 18:05:18.410  1248  1370 D AccessibilitySourceService: a11y source sending 0 issue to sc
08-26 18:05:18.410   657  2089 D SafetySourceDataValidat: No cert check requested for package com.google.android.permissioncontroller
08-26 18:05:18.413   492   492 W skia    : AGTM parsing failed flags.readFromStream(s) at 159
08-26 18:05:18.413   492   492 W skia    : AGTM parsing failed flags.readFromStream(s) at 159
08-26 18:05:18.413   492   492 W skia    : AGTM parsing failed flags.readFromStream(s) at 159
08-26 18:05:18.413   492   492 W skia    : AGTM parsing failed flags.readFromStream(s) at 159
08-26 18:05:18.413   492   492 W skia    : AGTM parsing failed flags.readFromStream(s) at 159
08-26 18:05:18.414   492   534 W skia    : AGTM parsing failed flags.readFromStream(s) at 159
08-26 18:05:18.446   492   492 W skia    : AGTM parsing failed flags.readFromStream(s) at 159
08-26 18:05:18.446   492   492 W skia    : AGTM parsing failed flags.readFromStream(s) at 159
08-26 18:05:18.446   492   492 W skia    : AGTM parsing failed flags.readFromStream(s) at 159
08-26 18:05:18.446   492   492 W skia    : AGTM parsing failed flags.readFromStream(s) at 159
08-26 18:05:18.446   492   492 W skia    : AGTM parsing failed flags.readFromStream(s) at 159
08-26 18:05:18.516   492   534 W skia    : AGTM parsing failed flags.readFromStream(s) at 159
08-26 18:05:18.788   657   764 D ActivityManager: sync unfroze 24573 com.android.vending for 6
08-26 18:05:18.813   657   764 D ActivityManager: sync unfroze 24584 com.android.vending:background for 6
08-26 18:05:18.830 24573 24573 I Finsky  : [2] SCH: job service start with id 9469.
08-26 18:05:18.840 24573 25867 I Finsky  : [499] SCH: Satisfied jobs for 9469 are: 12-1
08-26 18:05:18.841 24573 25866 I Finsky  : [498] SCH: Job 12-1 starting
08-26 18:05:18.842 24573 24573 I Finsky  : [2] WM::SCH: Logging work start for 12-1
08-26 18:05:18.842 24573 24573 I Finsky  : [2] [ContentSync] job started
08-26 18:05:18.848   657  1937 I PackageManager: getInstalledPackages: callingUid=10158 flags=134217728 updatedFlags=135004160 userId=0
08-26 18:05:18.877 24573 25868 E Finsky  : [500] [Counters] attempted to use a non-positive increment for: 9200
08-26 18:05:18.877 24573 25868 I Finsky  : [500] App states replicator found 7 unowned apps
08-26 18:05:18.879 24573 24613 I Finsky  : [59] Completed 0 account content syncs with 0 successful.
08-26 18:05:18.880 24573 24573 I Finsky  : [2] [ContentSync] Installation state replication succeeded.
08-26 18:05:18.880 24573 24573 I Finsky  : [2] SCH: jobFinished: 12-1. TimeElapsed: 38ms.
08-26 18:05:18.880 24573 24573 I Finsky  : [2] WM::SCH: Logging work end for 12-1
08-26 18:05:18.887 24573 24614 I Finsky  : [60] SCH: Scheduling phonesky job Id: 1-1337, CT: 1787728654782, Constraints: [{ L: 42999644, D: 86199644, C: CHARGING_NONE, I: IDLE_NONE, N: NET_ANY, B: BATTERY_ANY }]
08-26 18:05:18.890 24573 24619 I Finsky  : [61] SCH: Scheduling 1 system job(s)
08-26 18:05:18.890 24573 24619 I Finsky  : [61] SCH: Scheduling system job Id: 9472, L: 32935536, D: 76135536, C: false, I: false, N: 1
08-26 18:05:18.893 24573 25866 I Finsky  : [498] SCH: job service finished with id 9469.
08-26 18:05:18.895 24573 24573 I Finsky  : [2] Memory trim requested to level 40
08-26 18:05:18.895 24573 24573 I Finsky  : [2] Flushing in-memory image cache
08-26 18:05:18.896 24584 24584 I Finsky:background: [2] Memory trim requested to level 40
08-26 18:05:19.432  1725  2732 W MediaProvider: isAppCloneUserPair for user 0: false
08-26 18:05:19.439 25852 25852 W AccessibilityNodeInfoDumper: Fetch time: 13ms
08-26 18:05:19.444   657  1937 V AccessibilityManagerService: onUserStateChangedLocked for userId: 0, forceUpdate: false
08-26 18:05:19.445   657  1937 V AccessibilityUserState: updateShortcutTargets: type:accessibility_shortcut_target_service, current:{}, new:{}
08-26 18:05:19.445   657  1937 V AccessibilityUserState: updateShortcutTargets: type:accessibility_button_targets, current:{}, new:{}
08-26 18:05:19.445   657  1937 V AccessibilityUserState: updateShortcutTargets: type:accessibility_gesture_targets, current:{}, new:{}
08-26 18:05:19.445   657  1937 V AccessibilityUserState: updateShortcutTargets: type:accessibility_qs_targets, current:{}, new:{}
08-26 18:05:19.445   657  1937 V AccessibilityUserState: updateShortcutTargets: type:accessibility_key_gesture_targets, current:{}, new:{}
08-26 18:05:19.445   657  1937 V AccessibilityUserState: updateShortcutTargets: type:accessibility_top_row_key_targets, current:{}, new:{}
08-26 18:05:19.445   657  1937 V AccessibilityUserState: updateShortcutTargets: type:accessibility_quick_access_targets, current:{}, new:{}
08-26 18:05:19.445   657  1937 W MagnificationConnectionManager: requestConnection duplicated request: connect=false, mConnectionState=DISCONNECTED
08-26 18:05:19.445   657  1937 D AccessibilityManagerService: restoreCurrentUserForTestAutomationIfNeededLocked(): ignoring because device doesn't support visible background users
08-26 18:05:19.445   657   657 W libbinder.IPCThreadState: Sending oneway calls to frozen process.
08-26 18:05:19.445   657   657 W libbinder.IPCThreadState: Sending oneway calls to frozen process.
08-26 18:05:19.445   657   657 W libbinder.IPCThreadState: Sending oneway calls to frozen process.
08-26 18:05:19.445   657   657 W libbinder.IPCThreadState: Sending oneway calls to frozen process.
08-26 18:05:19.445   657   657 W libbinder.IPCThreadState: Sending oneway calls to frozen process.
08-26 18:05:19.446   657   657 W libbinder.IPCThreadState: Sending oneway calls to frozen process.
08-26 18:05:19.446   657   657 W libbinder.IPCThreadState: Sending oneway calls to frozen process.
08-26 18:05:19.446   657   657 W libbinder.IPCThreadState: Sending oneway calls to frozen process.
08-26 18:05:19.447   657   657 W libbinder.IPCThreadState: Sending oneway calls to frozen process.
08-26 18:05:19.447   657   657 W libbinder.IPCThreadState: Sending oneway calls to frozen process.
08-26 18:05:19.448 25852 25852 D AndroidRuntime: Shutting down VM
08-26 18:05:19.448 25852 25861 W libbinder.IPCThreadState: call to talkWithDriver in joinThreadPool returned error: -9 (Bad file descriptor), FD: -1
08-26 18:05:19.449 25852 25862 W libbinder.IPCThreadState: call to talkWithDriver in joinThreadPool returned error: -9 (Bad file descriptor), FD: -1
08-26 18:05:19.450  1777  2378 I AiAiEcho: Settings changed for uri: content://settings/secure/accessibility_enabled
08-26 18:05:19.451   657   657 W libbinder.IPCThreadState: Sending oneway calls to frozen process.
08-26 18:05:19.451   657   657 W libbinder.IPCThreadState: Sending oneway calls to frozen process.
08-26 18:05:19.451   657   657 W libbinder.IPCThreadState: Sending oneway calls to frozen process.
08-26 18:05:19.451   657   657 W libbinder.IPCThreadState: Sending oneway calls to frozen process.
08-26 18:05:19.451   657   657 W libbinder.IPCThreadState: Sending oneway calls to frozen process.
08-26 18:05:19.452   657   657 D BatterySaverPolicy: accessibility changed to false, updating policy.
08-26 18:05:19.452  1777  1991 I AiAiEcho: Predicting[0]:  [CONTEXT sampling_count=5 ]
08-26 18:05:19.452  1777  1991 I AiAiEcho: EchoTargets: 
08-26 18:05:19.452  1777  1991 I AiAiEcho: Filtered by AiAi flag check: 
08-26 18:05:19.452  1777  1991 I AiAiEcho: [CONTEXT ratelimit_period="10 SECONDS" ]
08-26 18:05:19.452  1777  1991 I AiAiEcho: #remoteViewsTwiddler: feature disabled.
08-26 18:05:19.452  1777  1991 I AiAiEcho: #postPredictionTargets: Sending updates to UISurface home with targets# 0 (types=[])
08-26 18:05:19.463   492   492 W skia    : AGTM parsing failed flags.readFromStream(s) at 159
08-26 18:05:19.464   492   492 W skia    : AGTM parsing failed flags.readFromStream(s) at 159
08-26 18:05:19.464   492   492 W skia    : AGTM parsing failed flags.readFromStream(s) at 159
08-26 18:05:19.464   492   492 W skia    : AGTM parsing failed flags.readFromStream(s) at 159
08-26 18:05:19.464   492   492 W skia    : AGTM parsing failed flags.readFromStream(s) at 159
08-26 18:05:19.468   492   534 W skia    : AGTM parsing failed flags.readFromStream(s) at 159
08-26 18:05:19.501   492   492 W skia    : AGTM parsing failed flags.readFromStream(s) at 159
08-26 18:05:19.501   492   492 W skia    : AGTM parsing failed flags.readFromStream(s) at 159
08-26 18:05:19.501   492   492 W skia    : AGTM parsing failed flags.readFromStream(s) at 159
08-26 18:05:19.501   492   492 W skia    : AGTM parsing failed flags.readFromStream(s) at 159
08-26 18:05:19.501   492   492 W skia    : AGTM parsing failed flags.readFromStream(s) at 159
08-26 18:05:19.568   492   534 W skia    : AGTM parsing failed flags.readFromStream(s) at 159
08-26 18:05:19.603   517   517 I adbd    : adbd service requested 'shell,v2,raw:dumpsys package com.google.android.gms'
08-26 18:05:19.658  2635  2651 I artd    : GetBestInfo: odex next to the dex file (/data/app/~~bX9OEGQ8NofBOJHm0BYQkg==/com.google.android.gms-Gv8nBSt27pvHbuElOejyNw==/oat/arm64/base.odex) is kOatUpToDate with filter 'verify' executable 'false'
08-26 18:05:19.658  2635  2651 I artd    : GetBestInfo: odex next to the dex file (/data/app/~~bX9OEGQ8NofBOJHm0BYQkg==/com.google.android.gms-Gv8nBSt27pvHbuElOejyNw==/oat/arm64/base.odex) is kOatUpToDate with filter 'verify' executable 'false'
08-26 18:05:19.658  2635  2651 I artd    : GetBestInfo: dm (/data/app/~~bX9OEGQ8NofBOJHm0BYQkg==/com.google.android.gms-Gv8nBSt27pvHbuElOejyNw==/split_AdsDynamite_installtime.dm) is kOatUpToDate with filter 'verify' executable 'false'
08-26 18:05:19.659  2635  2651 I artd    : GetBestInfo: odex next to the dex file (/data/app/~~bX9OEGQ8NofBOJHm0BYQkg==/com.google.android.gms-Gv8nBSt27pvHbuElOejyNw==/oat/arm64/split_CronetDynamite_installtime.odex) is kOatUpToDate with filter 'speed-profile' executable 'false'
08-26 18:05:19.659  2635  2651 I artd    : GetBestInfo: odex next to the dex file (/data/app/~~bX9OEGQ8NofBOJHm0BYQkg==/com.google.android.gms-Gv8nBSt27pvHbuElOejyNw==/oat/arm64/split_CronetDynamite_installtime.odex) is kOatUpToDate with filter 'speed-profile' executable 'false'
08-26 18:05:19.660  2635 20535 I artd    : GetBestInfo: dm (/data/app/~~bX9OEGQ8NofBOJHm0BYQkg==/com.google.android.gms-Gv8nBSt27pvHbuElOejyNw==/split_DynamiteLoader_installtime.dm) is kOatUpToDate with filter 'verify' executable 'false'
08-26 18:05:19.661  2635 20535 I artd    : GetBestInfo: dm (/data/app/~~bX9OEGQ8NofBOJHm0BYQkg==/com.google.android.gms-Gv8nBSt27pvHbuElOejyNw==/split_DynamiteModulesA_installtime.dm) is kOatUpToDate with filter 'verify' executable 'false'
08-26 18:05:19.662  2635 20535 I artd    : GetBestInfo: dm (/data/app/~~bX9OEGQ8NofBOJHm0BYQkg==/com.google.android.gms-Gv8nBSt27pvHbuElOejyNw==/split_DynamiteModulesC_installtime.dm) is kOatUpToDate with filter 'verify' executable 'false'
08-26 18:05:19.663  2635 20535 I artd    : GetBestInfo: dm (/data/app/~~bX9OEGQ8NofBOJHm0BYQkg==/com.google.android.gms-Gv8nBSt27pvHbuElOejyNw==/split_GoogleCertificates_installtime.dm) is kOatUpToDate with filter 'verify' executable 'false'
08-26 18:05:19.664  2635 20535 I artd    : GetBestInfo: dm (/data/app/~~bX9OEGQ8NofBOJHm0BYQkg==/com.google.android.gms-Gv8nBSt27pvHbuElOejyNw==/split_MapsDynamite_installtime.dm) is kOatUpToDate with filter 'verify' executable 'false'
08-26 18:05:19.664  2635 20535 I artd    : GetBestInfo: dm (/data/app/~~bX9OEGQ8NofBOJHm0BYQkg==/com.google.android.gms-Gv8nBSt27pvHbuElOejyNw==/split_MeasurementDynamite_installtime.dm) is kOatUpToDate with filter 'verify' executable 'false'
08-26 18:05:19.665  2635 20535 I artd    : GetBestInfo: dm (/data/app/~~bX9OEGQ8NofBOJHm0BYQkg==/com.google.android.gms-Gv8nBSt27pvHbuElOejyNw==/split_all_locale_splits.dm) is kOatUpToDate with filter 'verify' executable 'false'
08-26 18:05:19.666  2635 20535 I artd    : GetBestInfo: /data/user_de/0/com.google.android.gms/app_chimera/m/0000000c/dl-TfliteDynamiteDynamite.integ_252130102100400.apk has no usable artifacts
08-26 18:05:19.666  2635 20535 I artd    : GetBestInfo: /data/user_de/0/com.google.android.gms/app_chimera/m/00000001/CronetDynamite.apk has no usable artifacts
08-26 18:05:19.667  2635 20535 I artd    : GetBestInfo: vdex next to the dex file (/data/user/0/com.google.android.gms/app_dg_cache/F43216EC192C66BFB5A30C3CDD57E8C5C9005730/oat/arm64/the.vdex) is kOatUpToDate with filter 'verify' executable 'false'
08-26 18:05:19.667  2635 20535 I artd    : GetBestInfo: /data/user_de/0/com.google.android.gms/app_chimera/m/00000002/DynamiteLoader.apk has no usable artifacts
08-26 18:05:19.668  2635 20535 I artd    : GetBestInfo: /data/user_de/0/com.google.android.gms/app_chimera/m/00000012/dl-MlkitBarcodeUi.optional_263234100400.apk has no usable artifacts
08-26 18:05:19.668  2635 20535 I artd    : GetBestInfo: /data/user_de/0/com.google.android.gms/app_chimera/m/00000005/GoogleCertificates.apk has no usable artifacts
08-26 18:05:19.669  2635 20535 I artd    : GetBestInfo: /data/user_de/0/com.google.android.gms/app_chimera/m/00000015/dl-TfliteDynamiteDynamite.integ_260580502100400.apk has no usable artifacts
08-26 18:05:19.669  2635 20535 I artd    : GetBestInfo: /data/user_de/0/com.google.android.gms/app_chimera/m/0000000f/dl-MlkitBarcodeUi.optional_262236100400.apk has no usable artifacts
08-26 18:05:19.670  2635 20535 I artd    : GetBestInfo: /data/user_de/0/com.google.android.gms/app_chimera/m/00000016/dl-PlayCloudSearch.optional_263234100000.apk has no usable artifacts
08-26 18:05:19.671  2635 20535 I artd    : GetBestInfo: /data/user_de/0/com.google.android.gms/app_chimera/m/00000010/dl-PlayCloudSearch.optional_262236100000.apk has no usable artifacts
08-26 18:05:19.672  2635 20535 I artd    : GetBestInfo: vdex next to the dex file (/data/user/0/com.google.android.gms/app_dg_cache/708EA63B31A09E17FD6C7CDE0FE83B45EA4CEC30/oat/arm64/the.vdex) is kOatUpToDate with filter 'verify' executable 'false'
08-26 18:05:19.672  2635 20535 I artd    : GetBestInfo: /data/user_de/0/com.google.android.gms/app_chimera/m/00000008/dl-VisionOcr.optional_262236100000.apk has no usable artifacts
08-26 18:05:19.673  2635 20535 I artd    : GetBestInfo: vdex next to the dex file (/data/user/0/com.google.android.gms/app_dg_cache/D04EBEF623804AD1CEE87B2156DE98F2840B89F7/oat/arm64/the.vdex) is kOatUpToDate with filter 'verify' executable 'false'
08-26 18:05:19.674  2635 20535 I artd    : GetBestInfo: /data/user_de/0/com.google.android.gms/app_chimera/m/0000000b/dl-MlkitOcrCommon.optional_262236100400.apk has no usable artifacts
08-26 18:05:19.675  2635 20535 I artd    : GetBestInfo: /data/user_de/0/com.google.android.gms/app_chimera/m/00000014/dl-MlkitOcrCommon.optional_263234100400.apk has no usable artifacts
08-26 18:05:19.675  2635 20535 I artd    : GetBestInfo: /data/user_de/0/com.google.android.gms/app_chimera/m/00000009/dl-Appsearch.optional_262236100400.apk has no usable artifacts
08-26 18:05:19.676  2635 20535 I artd    : GetBestInfo: /data/user_de/0/com.google.android.gms/app_chimera/m/00000017/dl-VisionOcr.optional_263234100000.apk has no usable artifacts
08-26 18:05:19.676  2635 20535 I artd    : GetBestInfo: /data/user_de/0/com.google.android.gms/app_chimera/m/00000007/MeasurementDynamite.apk has no usable artifacts
08-26 18:05:19.677  2635 20535 I artd    : GetBestInfo: /data/user_de/0/com.google.android.gms/app_chimera/m/00000011/dl-Appsearch.optional_263234100400.apk has no usable artifacts
08-26 18:05:20.098   438  2672 D android.hardware.audio@7.1-impl.ranchu: threadLoop: entering standby, frames: 17149056
08-26 18:05:20.098   438  2672 D android.hardware.audio@7.1-impl.ranchu: ~TinyalsaSink: joining consumeThread
08-26 18:05:20.098   438 25836 D android.hardware.audio@7.1-impl.ranchu: consumeThread: exiting
08-26 18:05:20.303   517   517 I adbd    : adbd service requested 'shell,v2,TERM=dumb,raw:cat /sdcard/payload-tabs-2.xml'
08-26 18:05:20.345   517   517 I adbd    : adbd service requested 'shell,v2,TERM=dumb,raw:input tap 1093 2754'
08-26 18:05:20.362 25698 25698 I QuickAppKit: android.input.tabs.change surface=srf:1 node=node:8 index=3 value=我的
08-26 18:05:20.362 25698 25698 I QuickAppKit: android.event.change.received surface=srf:1 node=node:8
08-26 18:05:20.363 25698 25773 I QuickAppKit: android.event.payload event=change keys=2 index=number value=string checked=absent isFromUser=absent selected=absent scrollOffset=absent
08-26 18:05:20.364 25698 25773 I QuickAppKit: android.event.js_callback posted=1 error=
08-26 18:05:20.364 25698 25773 I QuickAppKit: android.event.change.dispatched=1
08-26 18:05:20.365   657  1226 W AS.PlaybackActivityMon: No piid assigned for invalid/internal port id 16
08-26 18:05:20.365   657  1937 W AS.PlaybackActivityMon: No piid assigned for invalid/internal port id 16
08-26 18:05:20.365 25698 25774 I QuickAppKit: android.event.handler_execute surface=srf:1 handler=hdl:3 dispatched=1
08-26 18:05:20.365   488   516 D AudioFlinger: mixer(0xb40078b88a03b790) throttle end: throttle time(33)
08-26 18:05:20.368 25698 25773 I QuickAppKit: android.native.mount surface=srf:1 operations=32
08-26 18:05:20.368 25698 25773 I QuickAppKit: android.platform.mount surface=srf:1 operations=32
08-26 18:05:20.368 25698 25773 I QuickAppKit: android.render.submit surface=srf:1 transaction=txn:srf:1-3 revision=3 ok=1 error=
08-26 18:05:20.386 25698 25698 I QuickAppKit: android.platform.mount.ui surface=srf:1
08-26 18:05:20.387 25698 25698 I QuickAppKit: android.platform.mount.result surface=srf:1 ok=true
08-26 18:05:20.387 25698 25698 I QuickAppKit: android.mount.result.received surface=srf:1 revision=3 attempt=mnt:4 source=txn:srf:1-3 mounted=1
08-26 18:05:20.387 25698 25773 I QuickAppKit: android.mount.result.accepted=1
08-26 18:05:20.399   492   492 W skia    : AGTM parsing failed flags.readFromStream(s) at 159
08-26 18:05:20.402   492   534 W skia    : AGTM parsing failed flags.readFromStream(s) at 159
08-26 18:05:20.414   488   516 D AudioFlinger: mixer(0xb40078b88a03b790) throttle end: throttle time(33)
08-26 18:05:20.446   492   492 W skia    : AGTM parsing failed flags.readFromStream(s) at 159
08-26 18:05:20.503   492   534 W skia    : AGTM parsing failed flags.readFromStream(s) at 159
08-26 18:05:20.525   488   505 I APM_AudioPolicyManager: getNewOutputDevices io 13 recent device override {AUDIO_DEVICE_OUT_SPEAKER, @:}
08-26 18:05:20.585   657   772 D ActivityManager: freezing 2140 com.android.keychain
08-26 18:05:20.586   657   772 D ActivityManager: freezing 1192 com.android.settings
08-26 18:05:20.587   657   772 D ActivityManager: freezing 3074 com.android.dynsystem:dynsystem
08-26 18:05:20.588   657   772 D ActivityManager: freezing 3050 com.android.dynsystem
08-26 18:05:20.597   657   772 D ActivityManager: freezing 2268 com.android.localtransport
08-26 18:05:21.265  5147  5147 D BoundBrokerSvc: onUnbind: Intent { act=com.google.android.gms.common.telemetry.service.START dat=chimera-action:/... xflg=0x4 cmp=com.google.android.gms/.chimera.PersistentApiService }
08-26 18:05:21.296  5147  5147 D BoundBrokerSvc: onRebind: Intent { act=com.google.android.gms.adid.service.UpdateAdIdReconciliationService.ACTION_TASK_READY dat=chimera-action:/... xflg=0x4 cmp=com.google.android.gms/.chimera.PersistentBoundBrokerService }
08-26 18:05:21.297  5147 25462 I NetworkScheduler.Stats: (REDACTED) Task %s/%s started execution. cause:%s exec_start_elapsed_seconds: %s
08-26 18:05:21.301  5147  5147 D BoundBrokerSvc: onUnbind: Intent { act=com.google.android.gms.adid.service.UpdateAdIdReconciliationService.ACTION_TASK_READY dat=chimera-action:/... xflg=0x4 cmp=com.google.android.gms/.chimera.PersistentBoundBrokerService }
08-26 18:05:21.302  5147 25819 I NetworkScheduler.Stats: (REDACTED) Task %s/%s finished executing. cause:%s result: %s elapsed_millis: %s uptime_millis: %s exec_start_elapsed_seconds: %s
08-26 18:05:21.309  5147 25890 V AdservicesUtils: Successful to Update Adservices Ad ID.
08-26 18:05:21.415   517   517 I adbd    : adbd service requested 'exec:screencap '-p''
08-26 18:05:21.467 25894 25894 W libbinder.BackendUnifiedServiceManager: Thread Pool max thread count is 0. Cannot cache binder as linkToDeath cannot be implemented. serviceName: SurfaceFlingerAIDL
08-26 18:05:21.467 25894 25894 W libbinder.BpBinder: Linking to death on android.gui.ISurfaceComposer but there are no threads (yet?) listening to incoming transactions. See ProcessState::startThreadPool and ProcessState::setThreadPoolMaxThreadCount. Generally you should setup the binder threadpool before other initialization steps.
08-26 18:05:21.468 25894 25894 W libbinder.ProcessState: Extra binder thread started, but 0 threads requested. Do not use *startThreadPool when zero threads are requested.
08-26 18:05:21.475   492   534 W skia    : AGTM parsing failed flags.readFromStream(s) at 159
08-26 18:05:21.475   492   534 W skia    : AGTM parsing failed flags.readFromStream(s) at 159
08-26 18:05:21.475   492   534 W skia    : AGTM parsing failed flags.readFromStream(s) at 159
08-26 18:05:21.487 25894 25895 W libc    : Access denied finding property "vendor.mesa.virtgpu.kumquat"
08-26 18:05:21.626   517   517 I adbd    : adbd service requested 'shell,v2,TERM=dumb,raw:uiautomator dump /sdcard/payload-tabs-3.xml'
08-26 18:05:21.663 25896 25896 D AndroidRuntime: >>>>>> START com.android.internal.os.RuntimeInit uid 2000 <<<<<<
08-26 18:05:21.664 25896 25896 I AndroidRuntime: Using default boot image
08-26 18:05:21.664 25896 25896 I AndroidRuntime: Leaving lock profiling enabled
08-26 18:05:21.665 25896 25896 I app_process: Core platform API enforcement reporting only by runtime option
08-26 18:05:21.666 25896 25896 I app_process: Using generational CollectorTypeCMC GC.
08-26 18:05:21.689 25896 25896 D nativeloader: InitDefaultPublicLibraries for_preload=1: libandroid.so:libaaudio.so:libamidi.so:libbinder_ndk.so:libc.so:libcamera2ndk.so:libdl.so:libEGL.so:libGLESv1_CM.so:libGLESv2.so:libGLESv3.so:libicu.so:libicui18n.so:libicuuc.so:libjnigraphics.so:liblog.so:libmediandk.so:libm.so:libnativehelper.so:libnativewindow.so:libOpenMAXAL.so:libOpenSLES.so:libRS.so:libstdc++.so:libsync.so:libvulkan.so:libwebviewchromium_plat_support.so:libz.so
08-26 18:05:21.698 25896 25896 D nativeloader: Load libicu_jni.so using APEX ns com_android_art for caller /apex/com.android.art/javalib/core-oj.jar: ok
08-26 18:05:21.698 25896 25896 D app_process: u_setTimeZoneFilesDirectory("/apex/com.android.tzdata/etc/tz/versioned/10/icu") succeeded. 
08-26 18:05:21.698 25896 25896 D app_process: I18n APEX ICU file found: /apex/com.android.i18n/etc/icu/icudt78l.dat
08-26 18:05:21.698 25896 25896 D nativeloader: Load libjavacore.so using APEX ns com_android_art for caller /apex/com.android.art/javalib/core-oj.jar: ok
08-26 18:05:21.698 25896 25896 D nativeloader: Load libopenjdk.so using APEX ns com_android_art for caller /apex/com.android.art/javalib/core-oj.jar: ok
08-26 18:05:21.699 25896 25896 I app_process: Priority-to-niceness mapping: 19, 16, 13, 10, 0, -2, -4, -5, -6, -8
08-26 18:05:21.699 25896 25896 W app_process: ClassLoaderContext shared library size mismatch. Expected=2, found=0 (PCL[]{PCL[/system/framework/android.test.base.jar*1579129895]#PCL[/system/framework/android.test.mock.jar*1147775851]} | PCL[])
08-26 18:05:21.700 25896 25896 W app_process: ClassLoaderContext classpath size mismatch. expected=0, found=1 (PCL[]{PCL[/system/framework/android.test.runner.jar*2652887513]{PCL[/system/framework/android.test.base.jar*1579129895]#PCL[/system/framework/android.test.mock.jar*1147775851]}#PCL[/system/framework/android.test.base.jar*1579129895]} | PCL[/system/framework/android.test.runner.jar*2652887513])
08-26 18:05:21.710 25896 25896 D nativeloader: Load libframework-connectivity-tiramisu-jni.so using APEX ns com_android_tethering for caller /apex/com.android.tethering/javalib/framework-connectivity-t.jar: ok
08-26 18:05:21.710 25896 25896 D AndroidRuntime: Calling main entry com.android.commands.uiautomator.Launcher
08-26 18:05:21.712 25896 25896 I AconfigPackage: android.media.swcodec.flags is mapped to com.android.media.swcodec
08-26 18:05:21.712 25896 25896 I AconfigPackage: com.android.permission.flags is mapped to com.android.permission
08-26 18:05:21.712 25896 25896 I AconfigPackage: com.android.permissioncontroller.flags is mapped to com.android.permission
08-26 18:05:21.712 25896 25896 I AconfigPackage: com.google.android.widevine.flags is mapped to com.google.android.widevine
08-26 18:05:21.712 25896 25896 I AconfigPackage: com.android.icu is mapped to com.android.i18n
08-26 18:05:21.712 25896 25896 I AconfigPackage: com.android.appsearch.flags is mapped to com.android.appsearch
08-26 18:05:21.712 25896 25896 I AconfigPackage: com.android.uprobestats.flags is mapped to com.android.uprobestats
08-26 18:05:21.712 25896 25896 I AconfigPackage: android.uprobestats.mainline.flags is mapped to com.android.uprobestats
08-26 18:05:21.712 25896 25896 I AconfigPackage: com.android.crashrecovery.flags is mapped to com.android.crashrecovery
08-26 18:05:21.712 25896 25896 I AconfigPackage: android.provider.flags is mapped to com.android.configinfrastructure
08-26 18:05:21.712 25896 25896 I AconfigPackage: com.android.server.deviceconfig is mapped to com.android.configinfrastructure
08-26 18:05:21.712 25896 25896 I AconfigPackage: com.android.art.flags is mapped to com.android.art
08-26 18:05:21.712 25896 25896 I AconfigPackage: com.android.art.rw.flags is mapped to com.android.art
08-26 18:05:21.712 25896 25896 I AconfigPackage: com.android.libcore is mapped to com.android.art
08-26 18:05:21.712 25896 25896 I AconfigPackage: android.telecom.flags is mapped to com.android.telephonycore
08-26 18:05:21.712 25896 25896 I AconfigPackage: com.android.internal.telecom.flags is mapped to com.android.telephonycore
08-26 18:05:21.712 25896 25896 I AconfigPackage: com.android.telephony.flags is mapped to com.android.telephonycore
08-26 18:05:21.712 25896 25896 I AconfigPackage: com.android.media.extractor.flags is mapped to com.android.media
08-26 18:05:21.712 25896 25896 I AconfigPackage: com.android.media.metrics.flags is mapped to com.android.media
08-26 18:05:21.712 25896 25896 I AconfigPackage: com.android.media.mainline.flags is mapped to com.android.media
08-26 18:05:21.712 25896 25896 I AconfigPackage: com.android.wifi.flags is mapped to com.android.wifi
08-26 18:05:21.712 25896 25896 I AconfigPackage: com.android.org.conscrypt.flags is mapped to com.android.conscrypt
08-26 18:05:21.712 25896 25896 I AconfigPackage: com.android.org.conscrypt.net.flags is mapped to com.android.conscrypt
08-26 18:05:21.712 25896 25896 I AconfigPackage: com.android.healthfitness.flags is mapped to com.android.healthfitness
08-26 18:05:21.712 25896 25896 I AconfigPackage: com.android.healthfitness.beta is mapped to com.android.healthfitness
08-26 18:05:21.712 25896 25896 I AconfigPackage: com.android.ipsec.flags is mapped to com.android.ipsec
08-26 18:05:21.712 25896 25896 I AconfigPackage: com.android.nfc.module.flags is mapped to com.android.nfcservices
08-26 18:05:21.712 25896 25896 I AconfigPackage: com.android.nfc.module.nonexported.flags is mapped to com.android.nfcservices
08-26 18:05:21.713 25896 25896 I AconfigPackage: com.android.adservices.ondevicepersonalization.flags is mapped to com.android.ondevicepersonalization
08-26 18:05:21.713 25896 25896 I AconfigPackage: com.android.scheduling.flags is mapped to com.android.scheduling
08-26 18:05:21.713 25896 25896 I AconfigPackage: com.android.adbd.flags is mapped to com.android.adbd
08-26 18:05:21.713 25896 25896 I AconfigPackage: com.android.bluetooth.beta.flags is mapped to com.android.bt
08-26 18:05:21.713 25896 25896 I AconfigPackage: com.android.bluetooth.flags is mapped to com.android.bt
08-26 18:05:21.713 25896 25896 I AconfigPackage: com.android.devicelock.flags is mapped to com.android.devicelock
08-26 18:05:21.713 25896 25896 I AconfigPackage: android.os.profiling is mapped to com.android.profiling
08-26 18:05:21.713 25896 25896 I AconfigPackage: android.os.profiling.anomaly.beta.flags is mapped to com.android.profiling
08-26 18:05:21.713 25896 25896 I AconfigPackage: android.os.profiling.anomaly.flags is mapped to com.android.profiling
08-26 18:05:21.713 25896 25896 I AconfigPackage: com.android.os.statsd.flags is mapped to com.android.os.statsd
08-26 18:05:21.713 25896 25896 I AconfigPackage: com.android.webapp.flags is mapped to com.android.webapp
08-26 18:05:21.713 25896 25896 I AconfigPackage: com.android.rkpd.flags is mapped to com.android.rkpd
08-26 18:05:21.713 25896 25896 I AconfigPackage: com.android.cellbroadcastreceiver.flags is mapped to com.android.cellbroadcast
08-26 18:05:21.713 25896 25896 I AconfigPackage: com.android.adservices.flags is mapped to com.android.adservices
08-26 18:05:21.713 25896 25896 I AconfigPackage: com.android.sdksandbox.flags is mapped to com.android.adservices
08-26 18:05:21.713 25896 25896 I AconfigPackage: android.app.sdksandbox.flags is mapped to com.android.adservices
08-26 18:05:21.713 25896 25896 I AconfigPackage: com.android.uwb.flags is mapped to com.android.uwb
08-26 18:05:21.713 25896 25896 I AconfigPackage: com.android.ranging.flags is mapped to com.android.uwb
08-26 18:05:21.713 25896 25896 I AconfigPackage: com.android.npumanager is mapped to com.android.npumanager
08-26 18:05:21.713 25896 25896 I AconfigPackage: com.android.signature.flags is mapped to com.android.mediaprovider
08-26 18:05:21.713 25896 25896 I AconfigPackage: com.android.providers.media.flags is mapped to com.android.mediaprovider
08-26 18:05:21.713 25896 25896 I AconfigPackage: android.graphics.pdf.flags is mapped to com.android.mediaprovider
08-26 18:05:21.713 25896 25896 I AconfigPackage: android.graphics.pdf.flags.readonly is mapped to com.android.mediaprovider
08-26 18:05:21.713 25896 25896 I AconfigPackage: com.android.tethering.mainline.beta is mapped to com.android.tethering
08-26 18:05:21.713 25896 25896 I AconfigPackage: android.net.http is mapped to com.android.tethering
08-26 18:05:21.713 25896 25896 I AconfigPackage: com.android.tethering.readonly.flags is mapped to com.android.tethering
08-26 18:05:21.713 25896 25896 I AconfigPackage: android.net.vcn is mapped to com.android.tethering
08-26 18:05:21.713 25896 25896 I AconfigPackage: com.android.net.flags is mapped to com.android.tethering
08-26 18:05:21.713 25896 25896 I AconfigPackage: com.android.tethering.flags is mapped to com.android.tethering
08-26 18:05:21.713 25896 25896 I AconfigPackage: com.android.tethering.beta.test is mapped to com.android.tethering
08-26 18:05:21.713 25896 25896 I AconfigPackage: com.android.nearby.flags is mapped to com.android.tethering
08-26 18:05:21.713 25896 25896 I AconfigPackage: com.android.net.thread.flags is mapped to com.android.tethering
08-26 18:05:21.713 25896 25896 I AconfigPackage: android.net.http.flags is mapped to com.android.tethering
08-26 18:05:21.713 25896 25896 I AconfigPackage: com.android.system.virtualmachine.flags is mapped to com.android.virt
08-26 18:05:21.713 25896 25896 E FeatureFlagsImplExport: android.os.flagging.AconfigStorageReadException: ERROR_PACKAGE_NOT_FOUND: package android.xr cannot be found on the device
08-26 18:05:21.715 25896 25896 D UiAutomationConnection: Created on user UserHandle{0}
08-26 18:05:21.715 25896 25896 I UiAutomation: Initialized for user 0 on display 0
08-26 18:05:21.715 25896 25896 W UiAutomation: Created with deprecatead constructor, assumes DEFAULT_DISPLAY
08-26 18:05:21.716   657   670 D AccessibilityManagerService: changeCurrentUserForTestAutomationIfNeededLocked(0): ignoring because device doesn't support visible background users
08-26 18:05:21.716   657   670 I UiAutomationManager: Registering UiTestAutomationService (id=com.android.server.accessibility/UiAutomation, flags=0x0) when called by user 0
08-26 18:05:21.716   657   670 V AccessibilityManagerService: onUserStateChangedLocked for userId: 0, forceUpdate: false
08-26 18:05:21.716   657   670 V AccessibilityUserState: updateShortcutTargets: type:accessibility_shortcut_target_service, current:{}, new:{}
08-26 18:05:21.716   657   670 V AccessibilityUserState: updateShortcutTargets: type:accessibility_button_targets, current:{}, new:{}
08-26 18:05:21.716   657   670 V AccessibilityUserState: updateShortcutTargets: type:accessibility_gesture_targets, current:{}, new:{}
08-26 18:05:21.716   657   670 V AccessibilityUserState: updateShortcutTargets: type:accessibility_qs_targets, current:{}, new:{}
08-26 18:05:21.716   657   670 V AccessibilityUserState: updateShortcutTargets: type:accessibility_key_gesture_targets, current:{}, new:{}
08-26 18:05:21.716   657   670 V AccessibilityUserState: updateShortcutTargets: type:accessibility_top_row_key_targets, current:{}, new:{}
08-26 18:05:21.716   657   670 V AccessibilityUserState: updateShortcutTargets: type:accessibility_quick_access_targets, current:{}, new:{}
08-26 18:05:21.716   657   670 W MagnificationConnectionManager: requestConnection duplicated request: connect=false, mConnectionState=DISCONNECTED
08-26 18:05:21.716  1777  2378 I AiAiEcho: Settings changed for uri: content://settings/secure/accessibility_enabled
08-26 18:05:21.717  1777  1991 I AiAiEcho: Predicting[0]:  [CONTEXT sampling_count=5 ]
08-26 18:05:21.717  1777  1991 I AiAiEcho: EchoTargets: 
08-26 18:05:21.717  1777  1991 I AiAiEcho: Filtered by AiAi flag check: 
08-26 18:05:21.717  1777  1991 I AiAiEcho: [CONTEXT ratelimit_period="10 SECONDS" ]
08-26 18:05:21.717  1777  1991 I AiAiEcho: #remoteViewsTwiddler: feature disabled.
08-26 18:05:21.717  1777  1991 I AiAiEcho: #postPredictionTargets: Sending updates to UISurface home with targets# 0 (types=[])
08-26 18:05:21.717   657   657 W libbinder.IPCThreadState: Sending oneway calls to frozen process.
08-26 18:05:21.717   657   657 W libbinder.IPCThreadState: Sending oneway calls to frozen process.
08-26 18:05:21.717   657   657 W libbinder.IPCThreadState: Sending oneway calls to frozen process.
08-26 18:05:21.717   657   657 W libbinder.IPCThreadState: Sending oneway calls to frozen process.
08-26 18:05:21.717   657   657 W libbinder.IPCThreadState: Sending oneway calls to frozen process.
08-26 18:05:21.717   657   657 W libbinder.IPCThreadState: Sending oneway calls to frozen process.
08-26 18:05:21.717   657   657 W libbinder.IPCThreadState: Sending oneway calls to frozen process.
08-26 18:05:21.717   657   657 W libbinder.IPCThreadState: Sending oneway calls to frozen process.
08-26 18:05:21.718   657   657 W libbinder.IPCThreadState: Sending oneway calls to frozen process.
08-26 18:05:21.718   657   657 W libbinder.IPCThreadState: Sending oneway calls to frozen process.
08-26 18:05:21.718   657   657 W libbinder.IPCThreadState: Sending oneway calls to frozen process.
08-26 18:05:21.718   657   657 W libbinder.IPCThreadState: Sending oneway calls to frozen process.
08-26 18:05:21.718   657   657 W libbinder.IPCThreadState: Sending oneway calls to frozen process.
08-26 18:05:21.718   657   657 W libbinder.IPCThreadState: Sending oneway calls to frozen process.
08-26 18:05:21.718   657   657 W libbinder.IPCThreadState: Sending oneway calls to frozen process.
08-26 18:05:21.718   657   657 D BatterySaverPolicy: accessibility changed to true, updating policy.
08-26 18:05:21.719   657  1374 V AccessibilityManagerService: onUserStateChangedLocked for userId: 0, forceUpdate: false
08-26 18:05:21.720   657  1374 V AccessibilityUserState: updateShortcutTargets: type:accessibility_shortcut_target_service, current:{}, new:{}
08-26 18:05:21.720   657  1374 V AccessibilityUserState: updateShortcutTargets: type:accessibility_button_targets, current:{}, new:{}
08-26 18:05:21.720   657  1374 V AccessibilityUserState: updateShortcutTargets: type:accessibility_gesture_targets, current:{}, new:{}
08-26 18:05:21.720   657  1374 V AccessibilityUserState: updateShortcutTargets: type:accessibility_qs_targets, current:{}, new:{}
08-26 18:05:21.720   657  1374 V AccessibilityUserState: updateShortcutTargets: type:accessibility_key_gesture_targets, current:{}, new:{}
08-26 18:05:21.720   657  1374 V AccessibilityUserState: updateShortcutTargets: type:accessibility_top_row_key_targets, current:{}, new:{}
08-26 18:05:21.720   657  1374 V AccessibilityUserState: updateShortcutTargets: type:accessibility_quick_access_targets, current:{}, new:{}
08-26 18:05:21.720   657  1374 W MagnificationConnectionManager: requestConnection duplicated request: connect=false, mConnectionState=DISCONNECTED
08-26 18:05:21.721  1777  1810 I AiAiEcho: Settings changed for uri: content://settings/secure/accessibility_enabled
08-26 18:05:21.721  1777  1991 I AiAiEcho: Predicting[0]:  [CONTEXT sampling_count=5 ]
08-26 18:05:21.721   657   657 W libbinder.IPCThreadState: Sending oneway calls to frozen process.
08-26 18:05:21.722  1777  1991 I AiAiEcho: EchoTargets: 
08-26 18:05:21.722  1777  1991 I AiAiEcho: Filtered by AiAi flag check: 
08-26 18:05:21.722  1777  1991 I AiAiEcho: [CONTEXT ratelimit_period="10 SECONDS" ]
08-26 18:05:21.722  1777  1991 I AiAiEcho: #remoteViewsTwiddler: feature disabled.
08-26 18:05:21.722  1777  1991 I AiAiEcho: #postPredictionTargets: Sending updates to UISurface home with targets# 0 (types=[])
08-26 18:05:21.722   657   657 W libbinder.IPCThreadState: Sending oneway calls to frozen process.
08-26 18:05:21.722   657   657 W libbinder.IPCThreadState: Sending oneway calls to frozen process.
08-26 18:05:21.722   657   657 W libbinder.IPCThreadState: Sending oneway calls to frozen process.
08-26 18:05:21.722   657   657 W libbinder.IPCThreadState: Sending oneway calls to frozen process.
08-26 18:05:21.722   657   657 W libbinder.IPCThreadState: Sending oneway calls to frozen process.
08-26 18:05:21.724   657  2111 D AccessibilityManagerService: .getAccessibilityShortcutTargets {shortcutType=32, userId=0}
08-26 18:05:21.724  1248  1370 D AccessibilitySourceService: enabled a11y services count 0
08-26 18:05:21.724   657   657 W libbinder.IPCThreadState: Sending oneway calls to frozen process.
08-26 18:05:21.724  1248  1370 D AccessibilitySourceService: a11y source sending 0 issue to sc
08-26 18:05:21.724   657   657 W libbinder.IPCThreadState: Sending oneway calls to frozen process.
08-26 18:05:21.724   657   657 W libbinder.IPCThreadState: Sending oneway calls to frozen process.
08-26 18:05:21.724   657   657 W libbinder.IPCThreadState: Sending oneway calls to frozen process.
08-26 18:05:21.724   657  2111 D SafetySourceDataValidat: No cert check requested for package com.google.android.permissioncontroller
08-26 18:05:21.730   492   492 W skia    : AGTM parsing failed flags.readFromStream(s) at 159
08-26 18:05:21.730   492   492 W skia    : AGTM parsing failed flags.readFromStream(s) at 159
08-26 18:05:21.730   492   492 W skia    : AGTM parsing failed flags.readFromStream(s) at 159
08-26 18:05:21.730   492   492 W skia    : AGTM parsing failed flags.readFromStream(s) at 159
08-26 18:05:21.730   492   492 W skia    : AGTM parsing failed flags.readFromStream(s) at 159
08-26 18:05:21.731   492   534 W skia    : AGTM parsing failed flags.readFromStream(s) at 159
08-26 18:05:21.763   492   492 W skia    : AGTM parsing failed flags.readFromStream(s) at 159
08-26 18:05:21.763   492   492 W skia    : AGTM parsing failed flags.readFromStream(s) at 159
08-26 18:05:21.763   492   492 W skia    : AGTM parsing failed flags.readFromStream(s) at 159
08-26 18:05:21.763   492   492 W skia    : AGTM parsing failed flags.readFromStream(s) at 159
08-26 18:05:21.763   492   492 W skia    : AGTM parsing failed flags.readFromStream(s) at 159
08-26 18:05:21.832   492   534 W skia    : AGTM parsing failed flags.readFromStream(s) at 159
08-26 18:05:21.972   657   772 D ActivityManager: freezing 1248 com.google.android.permissioncontroller
08-26 18:05:21.976   657   840 D InetDiagMessage: Destroyed 0 sockets, proto=IPPROTO_TCP, family=AF_INET, states=14
08-26 18:05:21.976   657   840 D InetDiagMessage: Destroyed 0 sockets, proto=IPPROTO_TCP, family=AF_INET6, states=14
08-26 18:05:21.976   657   840 D InetDiagMessage: Destroyed live tcp sockets for uids={10220} in 2ms
08-26 18:05:22.742  1725  1893 W MediaProvider: isAppCloneUserPair for user 0: false
08-26 18:05:22.756 25896 25896 W AccessibilityNodeInfoDumper: Fetch time: 19ms
08-26 18:05:22.759   657   922 V AccessibilityManagerService: onUserStateChangedLocked for userId: 0, forceUpdate: false
08-26 18:05:22.761   657   922 V AccessibilityUserState: updateShortcutTargets: type:accessibility_shortcut_target_service, current:{}, new:{}
08-26 18:05:22.761   657   922 V AccessibilityUserState: updateShortcutTargets: type:accessibility_button_targets, current:{}, new:{}
08-26 18:05:22.761   657   922 V AccessibilityUserState: updateShortcutTargets: type:accessibility_gesture_targets, current:{}, new:{}
08-26 18:05:22.761   657   922 V AccessibilityUserState: updateShortcutTargets: type:accessibility_qs_targets, current:{}, new:{}
08-26 18:05:22.761   657   922 V AccessibilityUserState: updateShortcutTargets: type:accessibility_key_gesture_targets, current:{}, new:{}
08-26 18:05:22.761   657   922 V AccessibilityUserState: updateShortcutTargets: type:accessibility_top_row_key_targets, current:{}, new:{}
08-26 18:05:22.761   657   922 V AccessibilityUserState: updateShortcutTargets: type:accessibility_quick_access_targets, current:{}, new:{}
08-26 18:05:22.761   657   922 W MagnificationConnectionManager: requestConnection duplicated request: connect=false, mConnectionState=DISCONNECTED
08-26 18:05:22.761   657   922 D AccessibilityManagerService: restoreCurrentUserForTestAutomationIfNeededLocked(): ignoring because device doesn't support visible background users
08-26 18:05:22.762 25896 25896 D AndroidRuntime: Shutting down VM
08-26 18:05:22.762 25896 25905 W libbinder.IPCThreadState: call to talkWithDriver in joinThreadPool returned error: -9 (Bad file descriptor), FD: -1
08-26 18:05:22.763   657   657 W libbinder.IPCThreadState: Sending oneway calls to frozen process.
08-26 18:05:22.764 25896 25906 W libbinder.IPCThreadState: call to talkWithDriver in joinThreadPool returned error: -9 (Bad file descriptor), FD: -1
08-26 18:05:22.765   657   657 W libbinder.IPCThreadState: Sending oneway calls to frozen process.
08-26 18:05:22.765   657   657 W libbinder.IPCThreadState: Sending oneway calls to frozen process.
08-26 18:05:22.766  1777  1810 I AiAiEcho: Settings changed for uri: content://settings/secure/accessibility_enabled
08-26 18:05:22.766   657   657 W libbinder.IPCThreadState: Sending oneway calls to frozen process.
08-26 18:05:22.766   657   657 W libbinder.IPCThreadState: Sending oneway calls to frozen process.
08-26 18:05:22.766   657   657 W libbinder.IPCThreadState: Sending oneway calls to frozen process.
08-26 18:05:22.766   657   657 W libbinder.IPCThreadState: Sending oneway calls to frozen process.
08-26 18:05:22.766   657   657 W libbinder.IPCThreadState: Sending oneway calls to frozen process.
08-26 18:05:22.766  1777  1991 I AiAiEcho: Predicting[0]:  [CONTEXT sampling_count=5 ]
08-26 18:05:22.766  1777  1991 I AiAiEcho: EchoTargets: 
08-26 18:05:22.766  1777  1991 I AiAiEcho: Filtered by AiAi flag check: 
08-26 18:05:22.766  1777  1991 I AiAiEcho: [CONTEXT ratelimit_period="10 SECONDS" ]
08-26 18:05:22.766  1777  1991 I AiAiEcho: #remoteViewsTwiddler: feature disabled.
08-26 18:05:22.767  1777  1991 I AiAiEcho: #postPredictionTargets: Sending updates to UISurface home with targets# 0 (types=[])
08-26 18:05:22.767   657   657 W libbinder.IPCThreadState: Sending oneway calls to frozen process.
08-26 18:05:22.769   657   657 W libbinder.IPCThreadState: Sending oneway calls to frozen process.
08-26 18:05:22.770   657   657 W libbinder.IPCThreadState: Sending oneway calls to frozen process.
08-26 18:05:22.770   657   657 W libbinder.IPCThreadState: Sending oneway calls to frozen process.
08-26 18:05:22.773   657   657 W libbinder.IPCThreadState: Sending oneway calls to frozen process.
08-26 18:05:22.774   657   657 W libbinder.IPCThreadState: Sending oneway calls to frozen process.
08-26 18:05:22.774   657   657 W libbinder.IPCThreadState: Sending oneway calls to frozen process.
08-26 18:05:22.774   657   657 W libbinder.IPCThreadState: Sending oneway calls to frozen process.
08-26 18:05:22.774   657   657 W libbinder.IPCThreadState: Sending oneway calls to frozen process.
08-26 18:05:22.774   657   657 W libbinder.IPCThreadState: Sending oneway calls to frozen process.
08-26 18:05:22.774   657   657 D BatterySaverPolicy: accessibility changed to false, updating policy.
08-26 18:05:22.780   492   492 W skia    : AGTM parsing failed flags.readFromStream(s) at 159
08-26 18:05:22.780   492   492 W skia    : AGTM parsing failed flags.readFromStream(s) at 159
08-26 18:05:22.780   492   492 W skia    : AGTM parsing failed flags.readFromStream(s) at 159
08-26 18:05:22.780   492   492 W skia    : AGTM parsing failed flags.readFromStream(s) at 159
08-26 18:05:22.780   492   492 W skia    : AGTM parsing failed flags.readFromStream(s) at 159
08-26 18:05:22.793   492   534 W skia    : AGTM parsing failed flags.readFromStream(s) at 159
08-26 18:05:22.815   492   492 W skia    : AGTM parsing failed flags.readFromStream(s) at 159
08-26 18:05:22.815   492   492 W skia    : AGTM parsing failed flags.readFromStream(s) at 159
08-26 18:05:22.815   492   492 W skia    : AGTM parsing failed flags.readFromStream(s) at 159
08-26 18:05:22.815   492   492 W skia    : AGTM parsing failed flags.readFromStream(s) at 159
08-26 18:05:22.815   492   492 W skia    : AGTM parsing failed flags.readFromStream(s) at 159
08-26 18:05:22.884   492   534 W skia    : AGTM parsing failed flags.readFromStream(s) at 159
08-26 18:05:23.406   438  2672 D android.hardware.audio@7.1-impl.ranchu: threadLoop: entering standby, frames: 17298112
08-26 18:05:23.406   438  2672 D android.hardware.audio@7.1-impl.ranchu: ~TinyalsaSink: joining consumeThread
08-26 18:05:23.408   438 25887 D android.hardware.audio@7.1-impl.ranchu: consumeThread: exiting
08-26 18:05:23.648   517   517 I adbd    : adbd service requested 'shell,v2,TERM=dumb,raw:cat /sdcard/payload-tabs-3.xml'
08-26 18:05:23.680   517   517 I adbd    : adbd service requested 'shell,v2,TERM=dumb,raw:input tap 187 2754'
08-26 18:05:23.710 25698 25698 I QuickAppKit: android.input.tabs.change surface=srf:1 node=node:8 index=0 value=首页
08-26 18:05:23.710 25698 25698 I QuickAppKit: android.event.change.received surface=srf:1 node=node:8
08-26 18:05:23.711   657  2056 W AS.PlaybackActivityMon: No piid assigned for invalid/internal port id 16
08-26 18:05:23.711 25698 25773 I QuickAppKit: android.event.payload event=change keys=2 index=number value=string checked=absent isFromUser=absent selected=absent scrollOffset=absent
08-26 18:05:23.712 25698 25773 I QuickAppKit: android.event.js_callback posted=1 error=
08-26 18:05:23.712 25698 25773 I QuickAppKit: android.event.change.dispatched=1
08-26 18:05:23.713   657  2111 W AS.PlaybackActivityMon: No piid assigned for invalid/internal port id 16
08-26 18:05:23.725 25698 25774 I QuickAppKit: android.event.handler_execute surface=srf:1 handler=hdl:3 dispatched=1
08-26 18:05:23.727 25698 25774 I QuickAppKit: android.event.block_handler_bind surface=srf:1 handler=hdl:srf:1-1-blk:srf:1-2-if-g2 method=onRefresh bound=1
08-26 18:05:23.727 25698 25774 I QuickAppKit: android.event.block_handler_bind surface=srf:1 handler=hdl:srf:1-2-blk:srf:1-6-lampA-g2 method=onProduct bound=1
08-26 18:05:23.727 25698 25774 I QuickAppKit: android.event.block_handler_bind surface=srf:1 handler=hdl:srf:1-2-blk:srf:1-6-bagB-g2 method=onProduct bound=1
08-26 18:05:23.727 25698 25774 I QuickAppKit: android.event.block_handler_bind surface=srf:1 handler=hdl:srf:1-2-blk:srf:1-6-cupC-g2 method=onProduct bound=1
08-26 18:05:23.727 25698 25774 I QuickAppKit: android.event.block_handler_bind surface=srf:1 handler=hdl:srf:1-2-blk:srf:1-6-lampD-g2 method=onProduct bound=1
08-26 18:05:23.727 25698 25774 I QuickAppKit: android.event.block_handler_bind surface=srf:1 handler=hdl:srf:1-2-blk:srf:1-6-bagE-g2 method=onProduct bound=1
08-26 18:05:23.727 25698 25774 I QuickAppKit: android.event.block_handler_bind surface=srf:1 handler=hdl:srf:1-2-blk:srf:1-6-cupF-g2 method=onProduct bound=1
08-26 18:05:23.727 25698 25774 I QuickAppKit: android.event.block_handler_bind surface=srf:1 handler=hdl:srf:1-2-blk:srf:1-6-lampG-g2 method=onProduct bound=1
08-26 18:05:23.727 25698 25774 I QuickAppKit: android.event.block_handler_bind surface=srf:1 handler=hdl:srf:1-2-blk:srf:1-6-bagH-g2 method=onProduct bound=1
08-26 18:05:23.727 25698 25774 I QuickAppKit: android.event.block_handler_bind surface=srf:1 handler=hdl:srf:1-2-blk:srf:1-6-cupI-g2 method=onProduct bound=1
08-26 18:05:23.727 25698 25774 I QuickAppKit: android.event.block_handler_bind surface=srf:1 handler=hdl:srf:1-2-blk:srf:1-6-lampJ-g2 method=onProduct bound=1
08-26 18:05:23.728 25698 25774 I QuickAppKit: android.event.block_handler_bind surface=srf:1 handler=hdl:srf:1-2-blk:srf:1-6-bagK-g2 method=onProduct bound=1
08-26 18:05:23.728 25698 25774 I QuickAppKit: android.event.block_handler_bind surface=srf:1 handler=hdl:srf:1-2-blk:srf:1-6-cupL-g2 method=onProduct bound=1
08-26 18:05:23.728 25698 25774 I QuickAppKit: android.event.block_handler_bind surface=srf:1 handler=hdl:srf:1-2-blk:srf:1-6-lampM-g2 method=onProduct bound=1
08-26 18:05:23.728 25698 25774 I QuickAppKit: android.event.block_handler_bind surface=srf:1 handler=hdl:srf:1-2-blk:srf:1-6-bagN-g2 method=onProduct bound=1
08-26 18:05:23.728 25698 25774 I QuickAppKit: android.event.block_handler_bind surface=srf:1 handler=hdl:srf:1-2-blk:srf:1-6-cupO-g2 method=onProduct bound=1
08-26 18:05:23.728 25698 25774 I QuickAppKit: android.event.block_handler_bind surface=srf:1 handler=hdl:srf:1-2-blk:srf:1-6-lampP-g2 method=onProduct bound=1
08-26 18:05:23.728 25698 25774 I QuickAppKit: android.event.block_handler_bind surface=srf:1 handler=hdl:srf:1-2-blk:srf:1-6-bagQ-g2 method=onProduct bound=1
08-26 18:05:23.728 25698 25774 I QuickAppKit: android.event.block_handler_bind surface=srf:1 handler=hdl:srf:1-2-blk:srf:1-6-cupR-g2 method=onProduct bound=1
08-26 18:05:23.728 25698 25774 I QuickAppKit: android.event.block_handler_bind surface=srf:1 handler=hdl:srf:1-2-blk:srf:1-6-lampS-g2 method=onProduct bound=1
08-26 18:05:23.728 25698 25774 I QuickAppKit: android.event.block_handler_bind surface=srf:1 handler=hdl:srf:1-2-blk:srf:1-6-bagT-g2 method=onProduct bound=1
08-26 18:05:23.742   492   492 W skia    : AGTM parsing failed flags.readFromStream(s) at 159
08-26 18:05:23.766   492   534 W skia    : AGTM parsing failed flags.readFromStream(s) at 159
08-26 18:05:23.766   488   516 D AudioFlinger: mixer(0xb40078b88a03b790) throttle end: throttle time(21)
08-26 18:05:23.793 25698 25773 I QuickAppKit: android.native.mount surface=srf:1 operations=805
08-26 18:05:23.794 25698 25773 I QuickAppKit: android.platform.mount surface=srf:1 operations=805
08-26 18:05:23.794 25698 25698 I QuickAppKit: android.platform.mount.ui surface=srf:1
08-26 18:05:23.794 25698 25773 I QuickAppKit: android.render.submit surface=srf:1 transaction=txn:srf:1-4 revision=4 ok=1 error=
08-26 18:05:23.806 25698 25698 I QuickAppKit: android.platform.mount.result surface=srf:1 ok=true
08-26 18:05:23.806 25698 25698 I QuickAppKit: android.mount.result.received surface=srf:1 revision=4 attempt=mnt:5 source=txn:srf:1-4 mounted=1
08-26 18:05:23.807 25698 25773 I QuickAppKit: android.mount.result.accepted=1
08-26 18:05:23.813   492   492 W skia    : AGTM parsing failed flags.readFromStream(s) at 159
08-26 18:05:23.849   492   534 W skia    : AGTM parsing failed flags.readFromStream(s) at 159
08-26 18:05:23.874   488   505 I APM_AudioPolicyManager: getNewOutputDevices io 13 recent device override {AUDIO_DEVICE_OUT_SPEAKER, @:}
08-26 18:05:24.725  5147 22728 I FusedLocation: (REDACTED) location delivery to %s blocked - too close
08-26 18:05:24.730  5147 22728 I FusedLocation: (REDACTED) location delivery to %s blocked - too close
08-26 18:05:24.730  5147 22728 I FusedLocation: (REDACTED) location delivery to %s blocked - too close
08-26 18:05:24.747 18438 18438 D BoundBrokerSvc: onBind: Intent { act=com.google.android.gms.auth.service.START xflg=0x4 pkg=com.google.android.gms }
08-26 18:05:24.747 18438 18438 D BoundBrokerSvc: Loading bound service for intent: Intent { act=com.google.android.gms.auth.service.START xflg=0x4 pkg=com.google.android.gms }
08-26 18:05:24.766  5147  5207 W GLSUser : [DeviceKeyStore] Cannot load key: Device key file not found.
08-26 18:05:24.774   517   517 I adbd    : adbd service requested 'exec:screencap '-p''
08-26 18:05:24.798  5348  7694 W libc    : Access denied finding property "persist.adb.tls_server.enable"
08-26 18:05:24.798  5348  7694 W libc    : Access denied finding property "service.adb.tls.port"
08-26 18:05:24.808  5147  5207 W GmsUrlRequestImpl: [https://android.googleapis.com/auth/devicekey] Content-Type header is overwritten.
08-26 18:05:24.826 25921 25921 W libbinder.BackendUnifiedServiceManager: Thread Pool max thread count is 0. Cannot cache binder as linkToDeath cannot be implemented. serviceName: SurfaceFlingerAIDL
08-26 18:05:24.827 25921 25921 W libbinder.BpBinder: Linking to death on android.gui.ISurfaceComposer but there are no threads (yet?) listening to incoming transactions. See ProcessState::startThreadPool and ProcessState::setThreadPoolMaxThreadCount. Generally you should setup the binder threadpool before other initialization steps.
08-26 18:05:24.827 25921 25921 W libbinder.ProcessState: Extra binder thread started, but 0 threads requested. Do not use *startThreadPool when zero threads are requested.
08-26 18:05:24.835   492   534 W skia    : AGTM parsing failed flags.readFromStream(s) at 159
08-26 18:05:24.835   492   534 W skia    : AGTM parsing failed flags.readFromStream(s) at 159
08-26 18:05:24.835   492   534 W skia    : AGTM parsing failed flags.readFromStream(s) at 159
08-26 18:05:24.856 25921 25926 W libc    : Access denied finding property "vendor.mesa.virtgpu.kumquat"
08-26 18:05:24.928   657   685 W libbinder.IPCThreadState: Sending oneway calls to frozen process.
08-26 18:05:24.935   657   685 W libbinder.IPCThreadState: Sending oneway calls to frozen process.
08-26 18:05:25.007   517   517 I adbd    : adbd service requested 'shell,v2,TERM=dumb,raw:uiautomator dump /sdcard/payload-tabs-0.xml'
08-26 18:05:25.044 25927 25927 D AndroidRuntime: >>>>>> START com.android.internal.os.RuntimeInit uid 2000 <<<<<<
08-26 18:05:25.046 25927 25927 I AndroidRuntime: Using default boot image
08-26 18:05:25.046 25927 25927 I AndroidRuntime: Leaving lock profiling enabled
08-26 18:05:25.047 25927 25927 I app_process: Core platform API enforcement reporting only by runtime option
08-26 18:05:25.047 25927 25927 I app_process: Using generational CollectorTypeCMC GC.
08-26 18:05:25.084 25927 25927 D nativeloader: InitDefaultPublicLibraries for_preload=1: libandroid.so:libaaudio.so:libamidi.so:libbinder_ndk.so:libc.so:libcamera2ndk.so:libdl.so:libEGL.so:libGLESv1_CM.so:libGLESv2.so:libGLESv3.so:libicu.so:libicui18n.so:libicuuc.so:libjnigraphics.so:liblog.so:libmediandk.so:libm.so:libnativehelper.so:libnativewindow.so:libOpenMAXAL.so:libOpenSLES.so:libRS.so:libstdc++.so:libsync.so:libvulkan.so:libwebviewchromium_plat_support.so:libz.so
08-26 18:05:25.088 25927 25927 D nativeloader: Load libicu_jni.so using APEX ns com_android_art for caller /apex/com.android.art/javalib/core-oj.jar: ok
08-26 18:05:25.088 25927 25927 D app_process: u_setTimeZoneFilesDirectory("/apex/com.android.tzdata/etc/tz/versioned/10/icu") succeeded. 
08-26 18:05:25.088 25927 25927 D app_process: I18n APEX ICU file found: /apex/com.android.i18n/etc/icu/icudt78l.dat
08-26 18:05:25.089 25927 25927 D nativeloader: Load libjavacore.so using APEX ns com_android_art for caller /apex/com.android.art/javalib/core-oj.jar: ok
08-26 18:05:25.089 25927 25927 D nativeloader: Load libopenjdk.so using APEX ns com_android_art for caller /apex/com.android.art/javalib/core-oj.jar: ok
08-26 18:05:25.089 25927 25927 I app_process: Priority-to-niceness mapping: 19, 16, 13, 10, 0, -2, -4, -5, -6, -8
08-26 18:05:25.090 25927 25927 W app_process: ClassLoaderContext shared library size mismatch. Expected=2, found=0 (PCL[]{PCL[/system/framework/android.test.base.jar*1579129895]#PCL[/system/framework/android.test.mock.jar*1147775851]} | PCL[])
08-26 18:05:25.090 25927 25927 W app_process: ClassLoaderContext classpath size mismatch. expected=0, found=1 (PCL[]{PCL[/system/framework/android.test.runner.jar*2652887513]{PCL[/system/framework/android.test.base.jar*1579129895]#PCL[/system/framework/android.test.mock.jar*1147775851]}#PCL[/system/framework/android.test.base.jar*1579129895]} | PCL[/system/framework/android.test.runner.jar*2652887513])
08-26 18:05:25.105 25927 25927 D nativeloader: Load libframework-connectivity-tiramisu-jni.so using APEX ns com_android_tethering for caller /apex/com.android.tethering/javalib/framework-connectivity-t.jar: ok
08-26 18:05:25.106 25927 25927 D AndroidRuntime: Calling main entry com.android.commands.uiautomator.Launcher
08-26 18:05:25.108 25927 25927 I AconfigPackage: android.media.swcodec.flags is mapped to com.android.media.swcodec
08-26 18:05:25.108 25927 25927 I AconfigPackage: com.android.permission.flags is mapped to com.android.permission
08-26 18:05:25.108 25927 25927 I AconfigPackage: com.android.permissioncontroller.flags is mapped to com.android.permission
08-26 18:05:25.108 25927 25927 I AconfigPackage: com.google.android.widevine.flags is mapped to com.google.android.widevine
08-26 18:05:25.108 25927 25927 I AconfigPackage: com.android.icu is mapped to com.android.i18n
08-26 18:05:25.108 25927 25927 I AconfigPackage: com.android.appsearch.flags is mapped to com.android.appsearch
08-26 18:05:25.108 25927 25927 I AconfigPackage: com.android.uprobestats.flags is mapped to com.android.uprobestats
08-26 18:05:25.108 25927 25927 I AconfigPackage: android.uprobestats.mainline.flags is mapped to com.android.uprobestats
08-26 18:05:25.108 25927 25927 I AconfigPackage: com.android.crashrecovery.flags is mapped to com.android.crashrecovery
08-26 18:05:25.108 25927 25927 I AconfigPackage: android.provider.flags is mapped to com.android.configinfrastructure
08-26 18:05:25.108 25927 25927 I AconfigPackage: com.android.server.deviceconfig is mapped to com.android.configinfrastructure
08-26 18:05:25.108 25927 25927 I AconfigPackage: com.android.art.flags is mapped to com.android.art
08-26 18:05:25.108 25927 25927 I AconfigPackage: com.android.art.rw.flags is mapped to com.android.art
08-26 18:05:25.108 25927 25927 I AconfigPackage: com.android.libcore is mapped to com.android.art
08-26 18:05:25.108 25927 25927 I AconfigPackage: android.telecom.flags is mapped to com.android.telephonycore
08-26 18:05:25.108 25927 25927 I AconfigPackage: com.android.internal.telecom.flags is mapped to com.android.telephonycore
08-26 18:05:25.108 25927 25927 I AconfigPackage: com.android.telephony.flags is mapped to com.android.telephonycore
08-26 18:05:25.108 25927 25927 I AconfigPackage: com.android.media.extractor.flags is mapped to com.android.media
08-26 18:05:25.108 25927 25927 I AconfigPackage: com.android.media.metrics.flags is mapped to com.android.media
08-26 18:05:25.108 25927 25927 I AconfigPackage: com.android.media.mainline.flags is mapped to com.android.media
08-26 18:05:25.108 25927 25927 I AconfigPackage: com.android.wifi.flags is mapped to com.android.wifi
08-26 18:05:25.108 25927 25927 I AconfigPackage: com.android.org.conscrypt.flags is mapped to com.android.conscrypt
08-26 18:05:25.108 25927 25927 I AconfigPackage: com.android.org.conscrypt.net.flags is mapped to com.android.conscrypt
08-26 18:05:25.109 25927 25927 I AconfigPackage: com.android.healthfitness.flags is mapped to com.android.healthfitness
08-26 18:05:25.109 25927 25927 I AconfigPackage: com.android.healthfitness.beta is mapped to com.android.healthfitness
08-26 18:05:25.109 25927 25927 I AconfigPackage: com.android.ipsec.flags is mapped to com.android.ipsec
08-26 18:05:25.109 25927 25927 I AconfigPackage: com.android.nfc.module.flags is mapped to com.android.nfcservices
08-26 18:05:25.109 25927 25927 I AconfigPackage: com.android.nfc.module.nonexported.flags is mapped to com.android.nfcservices
08-26 18:05:25.109 25927 25927 I AconfigPackage: com.android.adservices.ondevicepersonalization.flags is mapped to com.android.ondevicepersonalization
08-26 18:05:25.109 25927 25927 I AconfigPackage: com.android.scheduling.flags is mapped to com.android.scheduling
08-26 18:05:25.109 25927 25927 I AconfigPackage: com.android.adbd.flags is mapped to com.android.adbd
08-26 18:05:25.109 25927 25927 I AconfigPackage: com.android.bluetooth.beta.flags is mapped to com.android.bt
08-26 18:05:25.109 25927 25927 I AconfigPackage: com.android.bluetooth.flags is mapped to com.android.bt
08-26 18:05:25.109 25927 25927 I AconfigPackage: com.android.devicelock.flags is mapped to com.android.devicelock
08-26 18:05:25.109 25927 25927 I AconfigPackage: android.os.profiling is mapped to com.android.profiling
08-26 18:05:25.109 25927 25927 I AconfigPackage: android.os.profiling.anomaly.beta.flags is mapped to com.android.profiling
08-26 18:05:25.109 25927 25927 I AconfigPackage: android.os.profiling.anomaly.flags is mapped to com.android.profiling
08-26 18:05:25.109 25927 25927 I AconfigPackage: com.android.os.statsd.flags is mapped to com.android.os.statsd
08-26 18:05:25.109 25927 25927 I AconfigPackage: com.android.webapp.flags is mapped to com.android.webapp
08-26 18:05:25.109 25927 25927 I AconfigPackage: com.android.rkpd.flags is mapped to com.android.rkpd
08-26 18:05:25.109 25927 25927 I AconfigPackage: com.android.cellbroadcastreceiver.flags is mapped to com.android.cellbroadcast
08-26 18:05:25.109 25927 25927 I AconfigPackage: com.android.adservices.flags is mapped to com.android.adservices
08-26 18:05:25.109 25927 25927 I AconfigPackage: com.android.sdksandbox.flags is mapped to com.android.adservices
08-26 18:05:25.109 25927 25927 I AconfigPackage: android.app.sdksandbox.flags is mapped to com.android.adservices
08-26 18:05:25.109 25927 25927 I AconfigPackage: com.android.uwb.flags is mapped to com.android.uwb
08-26 18:05:25.109 25927 25927 I AconfigPackage: com.android.ranging.flags is mapped to com.android.uwb
08-26 18:05:25.109 25927 25927 I AconfigPackage: com.android.npumanager is mapped to com.android.npumanager
08-26 18:05:25.109 25927 25927 I AconfigPackage: com.android.signature.flags is mapped to com.android.mediaprovider
08-26 18:05:25.109 25927 25927 I AconfigPackage: com.android.providers.media.flags is mapped to com.android.mediaprovider
08-26 18:05:25.109 25927 25927 I AconfigPackage: android.graphics.pdf.flags is mapped to com.android.mediaprovider
08-26 18:05:25.109 25927 25927 I AconfigPackage: android.graphics.pdf.flags.readonly is mapped to com.android.mediaprovider
08-26 18:05:25.110 25927 25927 I AconfigPackage: com.android.tethering.mainline.beta is mapped to com.android.tethering
08-26 18:05:25.110 25927 25927 I AconfigPackage: android.net.http is mapped to com.android.tethering
08-26 18:05:25.110 25927 25927 I AconfigPackage: com.android.tethering.readonly.flags is mapped to com.android.tethering
08-26 18:05:25.110 25927 25927 I AconfigPackage: android.net.vcn is mapped to com.android.tethering
08-26 18:05:25.110 25927 25927 I AconfigPackage: com.android.net.flags is mapped to com.android.tethering
08-26 18:05:25.110 25927 25927 I AconfigPackage: com.android.tethering.flags is mapped to com.android.tethering
08-26 18:05:25.110 25927 25927 I AconfigPackage: com.android.tethering.beta.test is mapped to com.android.tethering
08-26 18:05:25.110 25927 25927 I AconfigPackage: com.android.nearby.flags is mapped to com.android.tethering
08-26 18:05:25.110 25927 25927 I AconfigPackage: com.android.net.thread.flags is mapped to com.android.tethering
08-26 18:05:25.110 25927 25927 I AconfigPackage: android.net.http.flags is mapped to com.android.tethering
08-26 18:05:25.110 25927 25927 I AconfigPackage: com.android.system.virtualmachine.flags is mapped to com.android.virt
08-26 18:05:25.110 25927 25927 E FeatureFlagsImplExport: android.os.flagging.AconfigStorageReadException: ERROR_PACKAGE_NOT_FOUND: package android.xr cannot be found on the device
08-26 18:05:25.111 25927 25927 D UiAutomationConnection: Created on user UserHandle{0}
08-26 18:05:25.111 25927 25927 I UiAutomation: Initialized for user 0 on display 0
08-26 18:05:25.111 25927 25927 W UiAutomation: Created with deprecatead constructor, assumes DEFAULT_DISPLAY
08-26 18:05:25.112   657  2111 D AccessibilityManagerService: changeCurrentUserForTestAutomationIfNeededLocked(0): ignoring because device doesn't support visible background users
08-26 18:05:25.112   657  2111 I UiAutomationManager: Registering UiTestAutomationService (id=com.android.server.accessibility/UiAutomation, flags=0x0) when called by user 0
08-26 18:05:25.112   657  2111 V AccessibilityManagerService: onUserStateChangedLocked for userId: 0, forceUpdate: false
08-26 18:05:25.112   657  2111 V AccessibilityUserState: updateShortcutTargets: type:accessibility_shortcut_target_service, current:{}, new:{}
08-26 18:05:25.112   657  2111 V AccessibilityUserState: updateShortcutTargets: type:accessibility_button_targets, current:{}, new:{}
08-26 18:05:25.112   657  2111 V AccessibilityUserState: updateShortcutTargets: type:accessibility_gesture_targets, current:{}, new:{}
08-26 18:05:25.112   657  2111 V AccessibilityUserState: updateShortcutTargets: type:accessibility_qs_targets, current:{}, new:{}
08-26 18:05:25.112   657  2111 V AccessibilityUserState: updateShortcutTargets: type:accessibility_key_gesture_targets, current:{}, new:{}
08-26 18:05:25.112   657  2111 V AccessibilityUserState: updateShortcutTargets: type:accessibility_top_row_key_targets, current:{}, new:{}
08-26 18:05:25.112   657  2111 V AccessibilityUserState: updateShortcutTargets: type:accessibility_quick_access_targets, current:{}, new:{}
08-26 18:05:25.112   657  2111 W MagnificationConnectionManager: requestConnection duplicated request: connect=false, mConnectionState=DISCONNECTED
08-26 18:05:25.113  1777  2378 I AiAiEcho: Settings changed for uri: content://settings/secure/accessibility_enabled
08-26 18:05:25.113  1777  1991 I AiAiEcho: Predicting[0]:  [CONTEXT sampling_count=5 ]
08-26 18:05:25.113  1777  1991 I AiAiEcho: EchoTargets: 
08-26 18:05:25.113  1777  1991 I AiAiEcho: Filtered by AiAi flag check: 
08-26 18:05:25.113  1777  1991 I AiAiEcho: [CONTEXT ratelimit_period="10 SECONDS" ]
08-26 18:05:25.113   657   657 W libbinder.IPCThreadState: Sending oneway calls to frozen process.
08-26 18:05:25.114  1777  1991 I AiAiEcho: #remoteViewsTwiddler: feature disabled.
08-26 18:05:25.114  1777  1991 I AiAiEcho: #postPredictionTargets: Sending updates to UISurface home with targets# 0 (types=[])
08-26 18:05:25.114   657   657 W libbinder.IPCThreadState: Sending oneway calls to frozen process.
08-26 18:05:25.114   657   657 W libbinder.IPCThreadState: Sending oneway calls to frozen process.
08-26 18:05:25.114   657   657 W libbinder.IPCThreadState: Sending oneway calls to frozen process.
08-26 18:05:25.114   657   657 W libbinder.IPCThreadState: Sending oneway calls to frozen process.
08-26 18:05:25.114   657   657 W libbinder.IPCThreadState: Sending oneway calls to frozen process.
08-26 18:05:25.114   657   657 W libbinder.IPCThreadState: Sending oneway calls to frozen process.
08-26 18:05:25.114   657   657 W libbinder.IPCThreadState: Sending oneway calls to frozen process.
08-26 18:05:25.114   657   657 W libbinder.IPCThreadState: Sending oneway calls to frozen process.
08-26 18:05:25.115   657  2111 V AccessibilityManagerService: onUserStateChangedLocked for userId: 0, forceUpdate: false
08-26 18:05:25.115   657   657 W libbinder.IPCThreadState: Sending oneway calls to frozen process.
08-26 18:05:25.115   657   657 W libbinder.IPCThreadState: Sending oneway calls to frozen process.
08-26 18:05:25.115   657   657 W libbinder.IPCThreadState: Sending oneway calls to frozen process.
08-26 18:05:25.115   657  2111 V AccessibilityUserState: updateShortcutTargets: type:accessibility_shortcut_target_service, current:{}, new:{}
08-26 18:05:25.115   657  2111 V AccessibilityUserState: updateShortcutTargets: type:accessibility_button_targets, current:{}, new:{}
08-26 18:05:25.115   657  2111 V AccessibilityUserState: updateShortcutTargets: type:accessibility_gesture_targets, current:{}, new:{}
08-26 18:05:25.115   657  2111 V AccessibilityUserState: updateShortcutTargets: type:accessibility_qs_targets, current:{}, new:{}
08-26 18:05:25.115   657  2111 V AccessibilityUserState: updateShortcutTargets: type:accessibility_key_gesture_targets, current:{}, new:{}
08-26 18:05:25.115   657  2111 V AccessibilityUserState: updateShortcutTargets: type:accessibility_top_row_key_targets, current:{}, new:{}
08-26 18:05:25.115   657  2111 V AccessibilityUserState: updateShortcutTargets: type:accessibility_quick_access_targets, current:{}, new:{}
08-26 18:05:25.115   657  2111 W MagnificationConnectionManager: requestConnection duplicated request: connect=false, mConnectionState=DISCONNECTED
08-26 18:05:25.116   657   657 W libbinder.IPCThreadState: Sending oneway calls to frozen process.
08-26 18:05:25.116   657   657 W libbinder.IPCThreadState: Sending oneway calls to frozen process.
08-26 18:05:25.117   657   657 W libbinder.IPCThreadState: Sending oneway calls to frozen process.
08-26 18:05:25.117   657   657 W libbinder.IPCThreadState: Sending oneway calls to frozen process.
08-26 18:05:25.117  1777  2378 I AiAiEcho: Settings changed for uri: content://settings/secure/accessibility_enabled
08-26 18:05:25.117   657   657 W libbinder.IPCThreadState: Sending oneway calls to frozen process.
08-26 18:05:25.117   657   657 W libbinder.IPCThreadState: Sending oneway calls to frozen process.
08-26 18:05:25.117   657   657 W libbinder.IPCThreadState: Sending oneway calls to frozen process.
08-26 18:05:25.117   657   657 W libbinder.IPCThreadState: Sending oneway calls to frozen process.
08-26 18:05:25.117   657   657 W libbinder.IPCThreadState: Sending oneway calls to frozen process.
08-26 18:05:25.117   657   657 W libbinder.IPCThreadState: Sending oneway calls to frozen process.
08-26 18:05:25.117   657   657 W libbinder.IPCThreadState: Sending oneway calls to frozen process.
08-26 18:05:25.117   657   657 W libbinder.IPCThreadState: Sending oneway calls to frozen process.
08-26 18:05:25.117   657   657 W libbinder.IPCThreadState: Sending oneway calls to frozen process.
08-26 18:05:25.117  1777  1991 I AiAiEcho: Predicting[0]:  [CONTEXT sampling_count=5 ]
08-26 18:05:25.117  1777  1991 I AiAiEcho: EchoTargets: 
08-26 18:05:25.117  1777  1991 I AiAiEcho: Filtered by AiAi flag check: 
08-26 18:05:25.117  1777  1991 I AiAiEcho: [CONTEXT ratelimit_period="10 SECONDS" ]
08-26 18:05:25.118   657   657 W libbinder.IPCThreadState: Sending oneway calls to frozen process.
08-26 18:05:25.118   657   657 W libbinder.IPCThreadState: Sending oneway calls to frozen process.
08-26 18:05:25.118  1777  1991 I AiAiEcho: #remoteViewsTwiddler: feature disabled.
08-26 18:05:25.118  1777  1991 I AiAiEcho: #postPredictionTargets: Sending updates to UISurface home with targets# 0 (types=[])
08-26 18:05:25.118   657   657 W libbinder.IPCThreadState: Sending oneway calls to frozen process.
08-26 18:05:25.118   657   657 W libbinder.IPCThreadState: Sending oneway calls to frozen process.
08-26 18:05:25.118   657   657 W libbinder.IPCThreadState: Sending oneway calls to frozen process.
08-26 18:05:25.118   657   657 D BatterySaverPolicy: accessibility changed to true, updating policy.
08-26 18:05:25.120   657  2111 D AccessibilityManagerService: .getAccessibilityShortcutTargets {shortcutType=32, userId=0}
08-26 18:05:25.129   492   492 W skia    : AGTM parsing failed flags.readFromStream(s) at 159
08-26 18:05:25.129   492   492 W skia    : AGTM parsing failed flags.readFromStream(s) at 159
08-26 18:05:25.129   492   492 W skia    : AGTM parsing failed flags.readFromStream(s) at 159
08-26 18:05:25.129   492   492 W skia    : AGTM parsing failed flags.readFromStream(s) at 159
08-26 18:05:25.129   492   492 W skia    : AGTM parsing failed flags.readFromStream(s) at 159
08-26 18:05:25.162   492   492 W skia    : AGTM parsing failed flags.readFromStream(s) at 159
08-26 18:05:25.162   492   492 W skia    : AGTM parsing failed flags.readFromStream(s) at 159
08-26 18:05:25.162   492   492 W skia    : AGTM parsing failed flags.readFromStream(s) at 159
08-26 18:05:25.162   492   492 W skia    : AGTM parsing failed flags.readFromStream(s) at 159
08-26 18:05:25.162   492   492 W skia    : AGTM parsing failed flags.readFromStream(s) at 159
08-26 18:05:25.164   492   534 W skia    : AGTM parsing failed flags.readFromStream(s) at 159
08-26 18:05:25.386  5147  5207 W GLSUser : [AppCertManager] Exception while requesting key: 
08-26 18:05:25.386  5147  5207 W GLSUser : java.util.concurrent.ExecutionException: dhmk: Parsing Exception
08-26 18:05:25.386  5147  5207 W GLSUser : 	at hwtn.j(:com.google.android.gms@263234035@26.32.34 (260400-968093310):21)
08-26 18:05:25.386  5147  5207 W GLSUser : 	at hwtw.t(:com.google.android.gms@263234035@26.32.34 (260400-968093310):73)
08-26 18:05:25.386  5147  5207 W GLSUser : 	at aojo.b(:com.google.android.gms@263234035@26.32.34 (260400-968093310):374)
08-26 18:05:25.386  5147  5207 W GLSUser : 	at aojm.a(:com.google.android.gms@263234035@26.32.34 (260400-968093310):67)
08-26 18:05:25.386  5147  5207 W GLSUser : 	at aojm.dispatchTransaction(:com.google.android.gms@263234035@26.32.34 (260400-968093310):16)
08-26 18:05:25.386  5147  5207 W GLSUser : 	at cgzj.a(:com.google.android.gms@263234035@26.32.34 (260400-968093310):64)
08-26 18:05:25.386  5147  5207 W GLSUser : 	at aasq.onTransact(:com.google.android.gms@263234035@26.32.34 (260400-968093310):23)
08-26 18:05:25.386  5147  5207 W GLSUser : 	at android.os.Binder.transact(Binder.java:1190)
08-26 18:05:25.386  5147  5207 W GLSUser : 	at cwpx.onTransact(:com.google.android.gms@263234035@26.32.34 (260400-968093310):12)
08-26 18:05:25.386  5147  5207 W GLSUser : 	at android.os.Binder.transact(Binder.java:1190)
08-26 18:05:25.386  5147  5207 W GLSUser : 	at cgzy.onTransact(:com.google.android.gms@263234035@26.32.34 (260400-968093310):169)
08-26 18:05:25.386  5147  5207 W GLSUser : 	at android.os.Binder.execTransactInternal(Binder.java:1323)
08-26 18:05:25.386  5147  5207 W GLSUser : 	at android.os.Binder.execTransact(Binder.java:1282)
08-26 18:05:25.386  5147  5207 W GLSUser : Caused by: dhmk: Parsing Exception
08-26 18:05:25.386  5147  5207 W GLSUser : 	at dhnl.jb(:com.google.android.gms@263234035@26.32.34 (260400-968093310):15)
08-26 18:05:25.386  5147  5207 W GLSUser : 	at hwwj.run(:com.google.android.gms@263234035@26.32.34 (260400-968093310):56)
08-26 18:05:25.386  5147  5207 W GLSUser : 	at bnli.d(:com.google.android.gms@263234035@26.32.34 (260400-968093310):50)
08-26 18:05:25.386  5147  5207 W GLSUser : 	at bnli.c(:com.google.android.gms@263234035@26.32.34 (260400-968093310):6)
08-26 18:05:25.386  5147  5207 W GLSUser : 	at bnli.run(:com.google.android.gms@263234035@26.32.34 (260400-968093310):108)
08-26 18:05:25.386  5147  5207 W GLSUser : 	at java.util.concurrent.ThreadPoolExecutor.runWorker(ThreadPoolExecutor.java:1100)
08-26 18:05:25.386  5147  5207 W GLSUser : 	at java.util.concurrent.ThreadPoolExecutor$Worker.run(ThreadPoolExecutor.java:624)
08-26 18:05:25.386  5147  5207 W GLSUser : 	at bnri.run(:com.google.android.gms@263234035@26.32.34 (260400-968093310):8)
08-26 18:05:25.386  5147  5207 W GLSUser : 	at java.lang.Thread.run(Thread.java:1571)
08-26 18:05:25.386  5147  5207 W GLSUser : Caused by: iwqz: Protocol message end-group tag did not match expected tag.
08-26 18:05:25.386  5147  5207 W GLSUser : 	at iwsq.a(:com.google.android.gms@263234035@26.32.34 (260400-968093310):57)
08-26 18:05:25.386  5147  5207 W GLSUser : 	at iwrp.i(:com.google.android.gms@263234035@26.32.34 (260400-968093310):61)
08-26 18:05:25.386  5147  5207 W GLSUser : 	at iwqa.P(:com.google.android.gms@263234035@26.32.34 (260400-968093310):22)
08-26 18:05:25.386  5147  5207 W GLSUser : 	at iwpv.q(:com.google.android.gms@263234035@26.32.34 (260400-968093310):3)
08-26 18:05:25.386  5147  5207 W GLSUser : 	at iwnu.e(:com.google.android.gms@263234035@26.32.34 (260400-968093310):7)
08-26 18:05:25.386  5147  5207 W GLSUser : 	at iwnu.b(:com.google.android.gms@263234035@26.32.34 (260400-968093310):1)
08-26 18:05:25.386  5147  5207 W GLSUser : 	at iwnu.m(:com.google.android.gms@263234035@26.32.34 (260400-968093310):1)
08-26 18:05:25.386  5147  5207 W GLSUser : 	at dhnk.a(:com.google.android.gms@263234035@26.32.34 (260400-968093310):11)
08-26 18:05:25.386  5147  5207 W GLSUser : 	at dhnp.call(:com.google.android.gms@263234035@26.32.34 (260400-968093310):8)
08-26 18:05:25.386  5147  5207 W GLSUser : 	at java.util.concurrent.FutureTask.run(FutureTask.java:328)
08-26 18:05:25.386  5147  5207 W GLSUser : 	... 7 more
08-26 18:05:25.387  5147  5207 W GLSUser : [DeviceKeyStore] Cannot load key: Device key file not found.
08-26 18:05:25.650  5147  5555 I cn_CronetUrlRequestContext: destroyNativeStreamLocked org.chromium.net.impl.CronetBidirectionalStream@6730b4a
08-26 18:05:25.650  5147  5310 W GmsWeatherProviderContr: Failed to fetch weather tile
08-26 18:05:25.650  5147  5310 W GmsWeatherProviderContr: jtze: INVALID_ARGUMENT: Application credential header not valid. Please fix the client to pass a valid application credential header.
08-26 18:05:25.650  5147  5310 W GmsWeatherProviderContr: 	at hdrc.a(:com.google.android.gms@263234035@26.32.34 (260400-968093310):44)
08-26 18:05:25.650  5147  5310 W GmsWeatherProviderContr: 	at hetr.g(:com.google.android.gms@263234035@26.32.34 (260400-968093310):15)
08-26 18:05:25.650  5147  5310 W GmsWeatherProviderContr: 	at hetp.run(:com.google.android.gms@263234035@26.32.34 (260400-968093310):48)
08-26 18:05:25.650  5147  5310 W GmsWeatherProviderContr: 	at bnli.d(:com.google.android.gms@263234035@26.32.34 (260400-968093310):50)
08-26 18:05:25.650  5147  5310 W GmsWeatherProviderContr: 	at bnli.c(:com.google.android.gms@263234035@26.32.34 (260400-968093310):6)
08-26 18:05:25.650  5147  5310 W GmsWeatherProviderContr: 	at bnli.run(:com.google.android.gms@263234035@26.32.34 (260400-968093310):108)
08-26 18:05:25.650  5147  5310 W GmsWeatherProviderContr: 	at java.util.concurrent.ThreadPoolExecutor.runWorker(ThreadPoolExecutor.java:1100)
08-26 18:05:25.650  5147  5310 W GmsWeatherProviderContr: 	at java.util.concurrent.ThreadPoolExecutor$Worker.run(ThreadPoolExecutor.java:624)
08-26 18:05:25.650  5147  5310 W GmsWeatherProviderContr: 	at bnri.run(:com.google.android.gms@263234035@26.32.34 (260400-968093310):8)
08-26 18:05:25.650  5147  5310 W GmsWeatherProviderContr: 	at java.lang.Thread.run(Thread.java:1571)
08-26 18:05:26.060   657   685 W libbinder.IPCThreadState: Sending oneway calls to frozen process.
08-26 18:05:26.140  1725 10884 W MediaProvider: isAppCloneUserPair for user 0: false
08-26 18:05:26.155 25927 25927 I AccessibilityNodeInfoDumper: Skipping invisible child: android.view.accessibility.AccessibilityNodeInfo@3ec31; boundsInParent: Rect(0, 0 - 549, 45); boundsInScreen: Rect(291, 2484 - 840, 2460); boundsInWindow: Rect(291, 2484 - 840, 2460); packageName: dev.quickapp.kit.android; className: android.widget.TextView; text: 出行 / 热卖; error: null; maxTextLength: -1; stateDescription: null; contentDescription: null; tooltipText: null; containerTitle: null; viewIdResName: null; uniqueId: null; checkable: false; checked: false; focusable: false; focused: false; selected: false; clickable: false; longClickable: false; contextClickable: false; enabled: true; password: false; scrollable: false; granularScrollingSupported: false; importantForAccessibility: true; visible: false; actions: [AccessibilityAction: ACTION_SELECT - null, AccessibilityAction: ACTION_CLEAR_SELECTION - null, AccessibilityAction: ACTION_ACCESSIBILITY_FOCUS - null, AccessibilityAction: ACTION_NEXT_AT_MOVEMENT_GRANULARITY - null, AccessibilityAction: ACTION_PREVIOUS_AT_MOVEMENT_GRANULARITY - null, AccessibilityAction: ACTION_SET_SELECTION - null, AccessibilityAction: ACTION_SHOW_ON_SCREEN - null]; isTextSelectable: false
08-26 18:05:26.155 25927 25927 I AccessibilityNodeInfoDumper: Skipping invisible child: android.view.accessibility.AccessibilityNodeInfo@3eff2; boundsInParent: Rect(0, 0 - 549, 45); boundsInScreen: Rect(291, 2529 - 840, 2460); boundsInWindow: Rect(291, 2529 - 840, 2460); packageName: dev.quickapp.kit.android; className: android.widget.TextView; text: 239 元; error: null; maxTextLength: -1; stateDescription: null; contentDescription: null; tooltipText: null; containerTitle: null; viewIdResName: null; uniqueId: null; checkable: false; checked: false; focusable: false; focused: false; selected: false; clickable: false; longClickable: false; contextClickable: false; enabled: true; password: false; scrollable: false; granularScrollingSupported: false; importantForAccessibility: true; visible: false; actions: [AccessibilityAction: ACTION_SELECT - null, AccessibilityAction: ACTION_CLEAR_SELECTION - null, AccessibilityAction: ACTION_ACCESSIBILITY_FOCUS - null, AccessibilityAction: ACTION_NEXT_AT_MOVEMENT_GRANULARITY - null, AccessibilityAction: ACTION_PREVIOUS_AT_MOVEMENT_GRANULARITY - null, AccessibilityAction: ACTION_SET_SELECTION - null, AccessibilityAction: ACTION_SHOW_ON_SCREEN - null]; isTextSelectable: false
08-26 18:05:26.156 25927 25927 I AccessibilityNodeInfoDumper: Skipping invisible child: android.view.accessibility.AccessibilityNodeInfo@3f774; boundsInParent: Rect(0, 0 - 1209, 336); boundsInScreen: Rect(36, 2694 - 1245, 2460); boundsInWindow: Rect(36, 2694 - 1245, 2460); packageName: dev.quickapp.kit.android; className: android.widget.FrameLayout; text: null; error: null; maxTextLength: -1; stateDescription: null; contentDescription: null; tooltipText: null; containerTitle: null; viewIdResName: null; uniqueId: null; checkable: false; checked: false; focusable: false; focused: false; selected: false; clickable: false; longClickable: false; contextClickable: false; enabled: true; password: false; scrollable: false; granularScrollingSupported: false; importantForAccessibility: false; visible: false; actions: [AccessibilityAction: ACTION_SELECT - null, AccessibilityAction: ACTION_CLEAR_SELECTION - null, AccessibilityAction: ACTION_ACCESSIBILITY_FOCUS - null, AccessibilityAction: ACTION_SHOW_ON_SCREEN - null]; isTextSelectable: false
08-26 18:05:26.156 25927 25927 I AccessibilityNodeInfoDumper: Skipping invisible child: android.view.accessibility.AccessibilityNodeInfo@411bb; boundsInParent: Rect(0, 0 - 1209, 336); boundsInScreen: Rect(36, 3054 - 1245, 2460); boundsInWindow: Rect(36, 3054 - 1245, 2460); packageName: dev.quickapp.kit.android; className: android.widget.FrameLayout; text: null; error: null; maxTextLength: -1; stateDescription: null; contentDescription: null; tooltipText: null; containerTitle: null; viewIdResName: null; uniqueId: null; checkable: false; checked: false; focusable: false; focused: false; selected: false; clickable: false; longClickable: false; contextClickable: false; enabled: true; password: false; scrollable: false; granularScrollingSupported: false; importantForAccessibility: false; visible: false; actions: [AccessibilityAction: ACTION_SELECT - null, AccessibilityAction: ACTION_CLEAR_SELECTION - null, AccessibilityAction: ACTION_ACCESSIBILITY_FOCUS - null, AccessibilityAction: ACTION_SHOW_ON_SCREEN - null]; isTextSelectable: false
08-26 18:05:26.156 25927 25927 I AccessibilityNodeInfoDumper: Skipping invisible child: android.view.accessibility.AccessibilityNodeInfo@42c02; boundsInParent: Rect(0, 0 - 1209, 336); boundsInScreen: Rect(36, 3414 - 1245, 2460); boundsInWindow: Rect(36, 3414 - 1245, 2460); packageName: dev.quickapp.kit.android; className: android.widget.FrameLayout; text: null; error: null; maxTextLength: -1; stateDescription: null; contentDescription: null; tooltipText: null; containerTitle: null; viewIdResName: null; uniqueId: null; checkable: false; checked: false; focusable: false; focused: false; selected: false; clickable: false; longClickable: false; contextClickable: false; enabled: true; password: false; scrollable: false; granularScrollingSupported: false; importantForAccessibility: false; visible: false; actions: [AccessibilityAction: ACTION_SELECT - null, AccessibilityAction: ACTION_CLEAR_SELECTION - null, AccessibilityAction: ACTION_ACCESSIBILITY_FOCUS - null, AccessibilityAction: ACTION_SHOW_ON_SCREEN - null]; isTextSelectable: false
08-26 18:05:26.156 25927 25927 I AccessibilityNodeInfoDumper: Skipping invisible child: android.view.accessibility.AccessibilityNodeInfo@44649; boundsInParent: Rect(0, 0 - 1209, 336); boundsInScreen: Rect(36, 3774 - 1245, 2460); boundsInWindow: Rect(36, 3774 - 1245, 2460); packageName: dev.quickapp.kit.android; className: android.widget.FrameLayout; text: null; error: null; maxTextLength: -1; stateDescription: null; contentDescription: null; tooltipText: null; containerTitle: null; viewIdResName: null; uniqueId: null; checkable: false; checked: false; focusable: false; focused: false; selected: false; clickable: false; longClickable: false; contextClickable: false; enabled: true; password: false; scrollable: false; granularScrollingSupported: false; importantForAccessibility: false; visible: false; actions: [AccessibilityAction: ACTION_SELECT - null, AccessibilityAction: ACTION_CLEAR_SELECTION - null, AccessibilityAction: ACTION_ACCESSIBILITY_FOCUS - null, AccessibilityAction: ACTION_SHOW_ON_SCREEN - null]; isTextSelectable: false
08-26 18:05:26.156 25927 25927 I AccessibilityNodeInfoDumper: Skipping invisible child: android.view.accessibility.AccessibilityNodeInfo@46090; boundsInParent: Rect(0, 0 - 1209, 336); boundsInScreen: Rect(36, 4134 - 1245, 2460); boundsInWindow: Rect(36, 4134 - 1245, 2460); packageName: dev.quickapp.kit.android; className: android.widget.FrameLayout; text: null; error: null; maxTextLength: -1; stateDescription: null; contentDescription: null; tooltipText: null; containerTitle: null; viewIdResName: null; uniqueId: null; checkable: false; checked: false; focusable: false; focused: false; selected: false; clickable: false; longClickable: false; contextClickable: false; enabled: true; password: false; scrollable: false; granularScrollingSupported: false; importantForAccessibility: false; visible: false; actions: [AccessibilityAction: ACTION_SELECT - null, AccessibilityAction: ACTION_CLEAR_SELECTION - null, AccessibilityAction: ACTION_ACCESSIBILITY_FOCUS - null, AccessibilityAction: ACTION_SHOW_ON_SCREEN - null]; isTextSelectable: false
08-26 18:05:26.156 25927 25927 I AccessibilityNodeInfoDumper: Skipping invisible child: android.view.accessibility.AccessibilityNodeInfo@47ad7; boundsInParent: Rect(0, 0 - 1209, 336); boundsInScreen: Rect(36, 4494 - 1245, 2460); boundsInWindow: Rect(36, 4494 - 1245, 2460); packageName: dev.quickapp.kit.android; className: android.widget.FrameLayout; text: null; error: null; maxTextLength: -1; stateDescription: null; contentDescription: null; tooltipText: null; containerTitle: null; viewIdResName: null; uniqueId: null; checkable: false; checked: false; focusable: false; focused: false; selected: false; clickable: false; longClickable: false; contextClickable: false; enabled: true; password: false; scrollable: false; granularScrollingSupported: false; importantForAccessibility: false; visible: false; actions: [AccessibilityAction: ACTION_SELECT - null, AccessibilityAction: ACTION_CLEAR_SELECTION - null, AccessibilityAction: ACTION_ACCESSIBILITY_FOCUS - null, AccessibilityAction: ACTION_SHOW_ON_SCREEN - null]; isTextSelectable: false
08-26 18:05:26.156 25927 25927 I AccessibilityNodeInfoDumper: Skipping invisible child: android.view.accessibility.AccessibilityNodeInfo@4951e; boundsInParent: Rect(0, 0 - 1209, 336); boundsInScreen: Rect(36, 4854 - 1245, 2460); boundsInWindow: Rect(36, 4854 - 1245, 2460); packageName: dev.quickapp.kit.android; className: android.widget.FrameLayout; text: null; error: null; maxTextLength: -1; stateDescription: null; contentDescription: null; tooltipText: null; containerTitle: null; viewIdResName: null; uniqueId: null; checkable: false; checked: false; focusable: false; focused: false; selected: false; clickable: false; longClickable: false; contextClickable: false; enabled: true; password: false; scrollable: false; granularScrollingSupported: false; importantForAccessibility: false; visible: false; actions: [AccessibilityAction: ACTION_SELECT - null, AccessibilityAction: ACTION_CLEAR_SELECTION - null, AccessibilityAction: ACTION_ACCESSIBILITY_FOCUS - null, AccessibilityAction: ACTION_SHOW_ON_SCREEN - null]; isTextSelectable: false
08-26 18:05:26.156 25927 25927 I AccessibilityNodeInfoDumper: Skipping invisible child: android.view.accessibility.AccessibilityNodeInfo@4af65; boundsInParent: Rect(0, 0 - 1209, 336); boundsInScreen: Rect(36, 5214 - 1245, 2460); boundsInWindow: Rect(36, 5214 - 1245, 2460); packageName: dev.quickapp.kit.android; className: android.widget.FrameLayout; text: null; error: null; maxTextLength: -1; stateDescription: null; contentDescription: null; tooltipText: null; containerTitle: null; viewIdResName: null; uniqueId: null; checkable: false; checked: false; focusable: false; focused: false; selected: false; clickable: false; longClickable: false; contextClickable: false; enabled: true; password: false; scrollable: false; granularScrollingSupported: false; importantForAccessibility: false; visible: false; actions: [AccessibilityAction: ACTION_SELECT - null, AccessibilityAction: ACTION_CLEAR_SELECTION - null, AccessibilityAction: ACTION_ACCESSIBILITY_FOCUS - null, AccessibilityAction: ACTION_SHOW_ON_SCREEN - null]; isTextSelectable: false
08-26 18:05:26.156 25927 25927 I AccessibilityNodeInfoDumper: Skipping invisible child: android.view.accessibility.AccessibilityNodeInfo@4c9ac; boundsInParent: Rect(0, 0 - 1209, 336); boundsInScreen: Rect(36, 5574 - 1245, 2460); boundsInWindow: Rect(36, 5574 - 1245, 2460); packageName: dev.quickapp.kit.android; className: android.widget.FrameLayout; text: null; error: null; maxTextLength: -1; stateDescription: null; contentDescription: null; tooltipText: null; containerTitle: null; viewIdResName: null; uniqueId: null; checkable: false; checked: false; focusable: false; focused: false; selected: false; clickable: false; longClickable: false; contextClickable: false; enabled: true; password: false; scrollable: false; granularScrollingSupported: false; importantForAccessibility: false; visible: false; actions: [AccessibilityAction: ACTION_SELECT - null, AccessibilityAction: ACTION_CLEAR_SELECTION - null, AccessibilityAction: ACTION_ACCESSIBILITY_FOCUS - null, AccessibilityAction: ACTION_SHOW_ON_SCREEN - null]; isTextSelectable: false
08-26 18:05:26.156 25927 25927 I AccessibilityNodeInfoDumper: Skipping invisible child: android.view.accessibility.AccessibilityNodeInfo@4e3f3; boundsInParent: Rect(0, 0 - 1209, 336); boundsInScreen: Rect(36, 5934 - 1245, 2460); boundsInWindow: Rect(36, 5934 - 1245, 2460); packageName: dev.quickapp.kit.android; className: android.widget.FrameLayout; text: null; error: null; maxTextLength: -1; stateDescription: null; contentDescription: null; tooltipText: null; containerTitle: null; viewIdResName: null; uniqueId: null; checkable: false; checked: false; focusable: false; focused: false; selected: false; clickable: false; longClickable: false; contextClickable: false; enabled: true; password: false; scrollable: false; granularScrollingSupported: false; importantForAccessibility: false; visible: false; actions: [AccessibilityAction: ACTION_SELECT - null, AccessibilityAction: ACTION_CLEAR_SELECTION - null, AccessibilityAction: ACTION_ACCESSIBILITY_FOCUS - null, AccessibilityAction: ACTION_SHOW_ON_SCREEN - null]; isTextSelectable: false
08-26 18:05:26.156 25927 25927 I AccessibilityNodeInfoDumper: Skipping invisible child: android.view.accessibility.AccessibilityNodeInfo@4fe3a; boundsInParent: Rect(0, 0 - 1209, 336); boundsInScreen: Rect(36, 6294 - 1245, 2460); boundsInWindow: Rect(36, 6294 - 1245, 2460); packageName: dev.quickapp.kit.android; className: android.widget.FrameLayout; text: null; error: null; maxTextLength: -1; stateDescription: null; contentDescription: null; tooltipText: null; containerTitle: null; viewIdResName: null; uniqueId: null; checkable: false; checked: false; focusable: false; focused: false; selected: false; clickable: false; longClickable: false; contextClickable: false; enabled: true; password: false; scrollable: false; granularScrollingSupported: false; importantForAccessibility: false; visible: false; actions: [AccessibilityAction: ACTION_SELECT - null, AccessibilityAction: ACTION_CLEAR_SELECTION - null, AccessibilityAction: ACTION_ACCESSIBILITY_FOCUS - null, AccessibilityAction: ACTION_SHOW_ON_SCREEN - null]; isTextSelectable: false
08-26 18:05:26.157 25927 25927 I AccessibilityNodeInfoDumper: Skipping invisible child: android.view.accessibility.AccessibilityNodeInfo@51881; boundsInParent: Rect(0, 0 - 1209, 336); boundsInScreen: Rect(36, 6654 - 1245, 2460); boundsInWindow: Rect(36, 6654 - 1245, 2460); packageName: dev.quickapp.kit.android; className: android.widget.FrameLayout; text: null; error: null; maxTextLength: -1; stateDescription: null; contentDescription: null; tooltipText: null; containerTitle: null; viewIdResName: null; uniqueId: null; checkable: false; checked: false; focusable: false; focused: false; selected: false; clickable: false; longClickable: false; contextClickable: false; enabled: true; password: false; scrollable: false; granularScrollingSupported: false; importantForAccessibility: false; visible: false; actions: [AccessibilityAction: ACTION_SELECT - null, AccessibilityAction: ACTION_CLEAR_SELECTION - null, AccessibilityAction: ACTION_ACCESSIBILITY_FOCUS - null, AccessibilityAction: ACTION_SHOW_ON_SCREEN - null]; isTextSelectable: false
08-26 18:05:26.157 25927 25927 I AccessibilityNodeInfoDumper: Skipping invisible child: android.view.accessibility.AccessibilityNodeInfo@532c8; boundsInParent: Rect(0, 0 - 1209, 336); boundsInScreen: Rect(36, 7014 - 1245, 2460); boundsInWindow: Rect(36, 7014 - 1245, 2460); packageName: dev.quickapp.kit.android; className: android.widget.FrameLayout; text: null; error: null; maxTextLength: -1; stateDescription: null; contentDescription: null; tooltipText: null; containerTitle: null; viewIdResName: null; uniqueId: null; checkable: false; checked: false; focusable: false; focused: false; selected: false; clickable: false; longClickable: false; contextClickable: false; enabled: true; password: false; scrollable: false; granularScrollingSupported: false; importantForAccessibility: false; visible: false; actions: [AccessibilityAction: ACTION_SELECT - null, AccessibilityAction: ACTION_CLEAR_SELECTION - null, AccessibilityAction: ACTION_ACCESSIBILITY_FOCUS - null, AccessibilityAction: ACTION_SHOW_ON_SCREEN - null]; isTextSelectable: false
08-26 18:05:26.157 25927 25927 I AccessibilityNodeInfoDumper: Skipping invisible child: android.view.accessibility.AccessibilityNodeInfo@54d0f; boundsInParent: Rect(0, 0 - 1209, 336); boundsInScreen: Rect(36, 7374 - 1245, 2460); boundsInWindow: Rect(36, 7374 - 1245, 2460); packageName: dev.quickapp.kit.android; className: android.widget.FrameLayout; text: null; error: null; maxTextLength: -1; stateDescription: null; contentDescription: null; tooltipText: null; containerTitle: null; viewIdResName: null; uniqueId: null; checkable: false; checked: false; focusable: false; focused: false; selected: false; clickable: false; longClickable: false; contextClickable: false; enabled: true; password: false; scrollable: false; granularScrollingSupported: false; importantForAccessibility: false; visible: false; actions: [AccessibilityAction: ACTION_SELECT - null, AccessibilityAction: ACTION_CLEAR_SELECTION - null, AccessibilityAction: ACTION_ACCESSIBILITY_FOCUS - null, AccessibilityAction: ACTION_SHOW_ON_SCREEN - null]; isTextSelectable: false
08-26 18:05:26.157 25927 25927 I AccessibilityNodeInfoDumper: Skipping invisible child: android.view.accessibility.AccessibilityNodeInfo@56756; boundsInParent: Rect(0, 0 - 1209, 336); boundsInScreen: Rect(36, 7734 - 1245, 2460); boundsInWindow: Rect(36, 7734 - 1245, 2460); packageName: dev.quickapp.kit.android; className: android.widget.FrameLayout; text: null; error: null; maxTextLength: -1; stateDescription: null; contentDescription: null; tooltipText: null; containerTitle: null; viewIdResName: null; uniqueId: null; checkable: false; checked: false; focusable: false; focused: false; selected: false; clickable: false; longClickable: false; contextClickable: false; enabled: true; password: false; scrollable: false; granularScrollingSupported: false; importantForAccessibility: false; visible: false; actions: [AccessibilityAction: ACTION_SELECT - null, AccessibilityAction: ACTION_CLEAR_SELECTION - null, AccessibilityAction: ACTION_ACCESSIBILITY_FOCUS - null, AccessibilityAction: ACTION_SHOW_ON_SCREEN - null]; isTextSelectable: false
08-26 18:05:26.163 25927 25927 W AccessibilityNodeInfoDumper: Fetch time: 26ms
08-26 18:05:26.164   657  2056 V AccessibilityManagerService: onUserStateChangedLocked for userId: 0, forceUpdate: false
08-26 18:05:26.165   657  2056 V AccessibilityUserState: updateShortcutTargets: type:accessibility_shortcut_target_service, current:{}, new:{}
08-26 18:05:26.165   657  2056 V AccessibilityUserState: updateShortcutTargets: type:accessibility_button_targets, current:{}, new:{}
08-26 18:05:26.165   657  2056 V AccessibilityUserState: updateShortcutTargets: type:accessibility_gesture_targets, current:{}, new:{}
08-26 18:05:26.165   657  2056 V AccessibilityUserState: updateShortcutTargets: type:accessibility_qs_targets, current:{}, new:{}
08-26 18:05:26.165   657  2056 V AccessibilityUserState: updateShortcutTargets: type:accessibility_key_gesture_targets, current:{}, new:{}
08-26 18:05:26.165   657  2056 V AccessibilityUserState: updateShortcutTargets: type:accessibility_top_row_key_targets, current:{}, new:{}
08-26 18:05:26.165   657  2056 V AccessibilityUserState: updateShortcutTargets: type:accessibility_quick_access_targets, current:{}, new:{}
08-26 18:05:26.165   657  2056 W MagnificationConnectionManager: requestConnection duplicated request: connect=false, mConnectionState=DISCONNECTED
08-26 18:05:26.165   657  2056 D AccessibilityManagerService: restoreCurrentUserForTestAutomationIfNeededLocked(): ignoring because device doesn't support visible background users
08-26 18:05:26.165   657   657 W libbinder.IPCThreadState: Sending oneway calls to frozen process.
08-26 18:05:26.166   657   657 W libbinder.IPCThreadState: Sending oneway calls to frozen process.
08-26 18:05:26.166   657   657 W libbinder.IPCThreadState: Sending oneway calls to frozen process.
08-26 18:05:26.166 25927 25927 D AndroidRuntime: Shutting down VM
08-26 18:05:26.166 25927 25936 W libbinder.IPCThreadState: call to talkWithDriver in joinThreadPool returned error: -9 (Bad file descriptor), FD: -1
08-26 18:05:26.166 25927 25937 W libbinder.IPCThreadState: call to talkWithDriver in joinThreadPool returned error: -9 (Bad file descriptor), FD: -1
08-26 18:05:26.166 25927 25943 W libbinder.IPCThreadState: call to talkWithDriver in joinThreadPool returned error: -9 (Bad file descriptor), FD: -1
08-26 18:05:26.167   657   657 W libbinder.IPCThreadState: Sending oneway calls to frozen process.
08-26 18:05:26.167   657   657 W libbinder.IPCThreadState: Sending oneway calls to frozen process.
08-26 18:05:26.167   657   657 W libbinder.IPCThreadState: Sending oneway calls to frozen process.
08-26 18:05:26.167  1777  1810 I AiAiEcho: Settings changed for uri: content://settings/secure/accessibility_enabled
08-26 18:05:26.167  1777  1991 I AiAiEcho: Predicting[0]:  [CONTEXT sampling_count=5 ]
08-26 18:05:26.168  1777  1991 I AiAiEcho: EchoTargets: 
08-26 18:05:26.168  1777  1991 I AiAiEcho: Filtered by AiAi flag check: 
08-26 18:05:26.168  1777  1991 I AiAiEcho: [CONTEXT ratelimit_period="10 SECONDS" ]
08-26 18:05:26.168  1777  1991 I AiAiEcho: #remoteViewsTwiddler: feature disabled.
08-26 18:05:26.168  1777  1991 I AiAiEcho: #postPredictionTargets: Sending updates to UISurface home with targets# 0 (types=[])
08-26 18:05:26.168   657   657 W libbinder.IPCThreadState: Sending oneway calls to frozen process.
08-26 18:05:26.168   657   657 W libbinder.IPCThreadState: Sending oneway calls to frozen process.
08-26 18:05:26.168   657   657 W libbinder.IPCThreadState: Sending oneway calls to frozen process.
08-26 18:05:26.168   657   657 W libbinder.IPCThreadState: Sending oneway calls to frozen process.
08-26 18:05:26.168   657   657 W libbinder.IPCThreadState: Sending oneway calls to frozen process.
08-26 18:05:26.168   657   657 W libbinder.IPCThreadState: Sending oneway calls to frozen process.
08-26 18:05:26.168   657   657 W libbinder.IPCThreadState: Sending oneway calls to frozen process.
08-26 18:05:26.168   657   657 W libbinder.IPCThreadState: Sending oneway calls to frozen process.
08-26 18:05:26.168   657   657 W libbinder.IPCThreadState: Sending oneway calls to frozen process.
08-26 18:05:26.168   657   657 W libbinder.IPCThreadState: Sending oneway calls to frozen process.
08-26 18:05:26.169   657   657 W libbinder.IPCThreadState: Sending oneway calls to frozen process.
08-26 18:05:26.169   657   657 W libbinder.IPCThreadState: Sending oneway calls to frozen process.
08-26 18:05:26.169   657   657 D BatterySaverPolicy: accessibility changed to false, updating policy.
08-26 18:05:26.180   492   492 W skia    : AGTM parsing failed flags.readFromStream(s) at 159
08-26 18:05:26.180   492   492 W skia    : AGTM parsing failed flags.readFromStream(s) at 159
08-26 18:05:26.180   492   492 W skia    : AGTM parsing failed flags.readFromStream(s) at 159
08-26 18:05:26.180   492   492 W skia    : AGTM parsing failed flags.readFromStream(s) at 159
08-26 18:05:26.180   492   492 W skia    : AGTM parsing failed flags.readFromStream(s) at 159
08-26 18:05:26.187   492   534 W skia    : AGTM parsing failed flags.readFromStream(s) at 159
08-26 18:05:26.217   492   492 W skia    : AGTM parsing failed flags.readFromStream(s) at 159
08-26 18:05:26.217   492   492 W skia    : AGTM parsing failed flags.readFromStream(s) at 159
08-26 18:05:26.217   492   492 W skia    : AGTM parsing failed flags.readFromStream(s) at 159
08-26 18:05:26.217   492   492 W skia    : AGTM parsing failed flags.readFromStream(s) at 159
08-26 18:05:26.217   492   492 W skia    : AGTM parsing failed flags.readFromStream(s) at 159
08-26 18:05:26.247   492   492 W skia    : AGTM parsing failed flags.readFromStream(s) at 159
08-26 18:05:26.247   492   492 W skia    : AGTM parsing failed flags.readFromStream(s) at 159
08-26 18:05:26.247   492   492 W skia    : AGTM parsing failed flags.readFromStream(s) at 159
08-26 18:05:26.247   492   492 W skia    : AGTM parsing failed flags.readFromStream(s) at 159
08-26 18:05:26.247   492   492 W skia    : AGTM parsing failed flags.readFromStream(s) at 159
08-26 18:05:26.285   492   534 W skia    : AGTM parsing failed flags.readFromStream(s) at 159
08-26 18:05:26.333  5147 25462 I NetworkScheduler.Stats: (REDACTED) Task %s/%s started execution. cause:%s exec_start_elapsed_seconds: %s
08-26 18:05:26.336   657   922 I PackageManager: getInstalledPackages: callingUid=10217 flags=128 updatedFlags=786560 userId=0
08-26 18:05:26.338   657   922 W PackageInfo: Large parcel: size=16520 pkg=com.google.android.googlequicksearchbox uid=10156 prevAllowSquashing=false
08-26 18:05:26.353   657   922 W ApplicationInfo: Large ApplicationInfo parcel: size=19876 package=com.google.android.googlequicksearchbox sharedLibs=3 resDirs=2 overlayPaths=2
08-26 18:05:26.361   657   922 W ApplicationInfo: Large ApplicationInfo parcel: size=19876 package=com.google.android.googlequicksearchbox sharedLibs=3 resDirs=2 overlayPaths=2
08-26 18:05:26.443  1095  1243 E SatelliteController: isSatelliteEnabled: mIsSatelliteEnabled=null
08-26 18:05:26.443  1095  1243 D SatelliteController: isInCarrierRoamingNbIotNtn: satellite is disabled
08-26 18:05:26.443  1095  1243 D SatelliteController: getCarrierRoamingNtnConnectType: Checking connect type from PLMN config for subId: 1
08-26 18:05:26.443  1095  1243 D TelephonyConfigUpdateInstallReceiver: getConfigParser: domain=satellite
08-26 18:05:26.443  1095  1243 V SatelliteController: satelliteConfigParser is not ready
08-26 18:05:26.443  1095  1243 D SatelliteController: isSatelliteAttachSupportedViaConfigupdater: return null (satelliteConfig is null)
08-26 18:05:26.443   657  2089 W libbinder.IPCThreadState: Sending oneway calls to frozen process.
08-26 18:05:26.444  1095  1243 D SatelliteController: getConfigForSubId: subId= 1, config= PersistableBundle[{satellite_esos_supported_bool=false, satellite_connection_hysteresis_sec_int=180, satellite_supported_disaster_plmn_string_array=[], regional_satellite_earfcn_bundle=PersistableBundle[{}], satellite_entitlement_supported_bool=false, satellite_supported_emergency_plmn_string_array=[], satellite_configs_per_plmn_bundle=PersistableBundle[{}], satellite_sos_max_datagram_size_bytes_int=255, satellite_supported_msg_apps_string_array=[com.google.android.apps.messaging], satellite_connected_notification_throttle_millis_int=604800000, satellite_display_name_string=, satellite_roaming_p2p_sms_inactivity_timeout_sec_int=180, satellite_roaming_turn_off_session_for_emergency_call_bool=true, emergency_messaging_supported_bool=false, carrier_roaming_satellite_emergency_messaging_provider_per_country_bundle=PersistableBundle[{}], satellite_data_support_mode_int=0, carrier_roaming_ntn_connect_type_int=0, satellite_attach_supported_bool=false, carrier_roaming_satellite_emergency_messaging_redirection_destination_string=, satellite_nidd_apn_name_string=, carrier_supported_satellite_services_per_provider_bundle=PersistableBundle[{310830=[2, 3, 6]}], satellite_roaming_esos_inactivity_timeout_sec_int=300, carrier_supported_satellite_notification_hysteresis_sec_int=180, carrier_config_applied_bool=true, carrier_roaming_ntn_emergency_call_to_satellite_handover_type_int=2, carrier_roaming_satellite_default_services_int_array=[2, 3, 6], imsserviceentitlement.entitlement_server_url_string=, emergency_call_to_satellite_t911_handover_timeout_millis_int=30000, satellite_roaming_p2p_sms_supported_bool=false, carrier_config_version_string=, satellite_roaming_screen_off_inactivity_timeout_sec_int=30}]
08-26 18:05:26.444  1095  1243 D SatelliteController: isSatelliteSupportedViaCarrier: using CarrierConfig for subId=1, isAttachSupported=false
08-26 18:05:26.444  1095  1243 D SatelliteController: getSatellitePerPlmnConfiguration: invalid subId or not supported via carrier.
08-26 18:05:26.444  1095  1243 D SatelliteController: getCarrierRoamingNtnConnectType: config: null
08-26 18:05:26.444  1095  1243 D TelephonyConfigUpdateInstallReceiver: getConfigParser: domain=satellite
08-26 18:05:26.444  1095  1243 V SatelliteController: satelliteConfigParser is not ready
08-26 18:05:26.444  1095  1243 D SatelliteController: getCarrierRoamingNtnConnectTypeViaConfigUpdater: return null (satelliteConfig is null)
08-26 18:05:26.444  1095  1243 D SatelliteController: getConfigForSubId: subId= 1, config= PersistableBundle[{satellite_esos_supported_bool=false, satellite_connection_hysteresis_sec_int=180, satellite_supported_disaster_plmn_string_array=[], regional_satellite_earfcn_bundle=PersistableBundle[{}], satellite_entitlement_supported_bool=false, satellite_supported_emergency_plmn_string_array=[], satellite_configs_per_plmn_bundle=PersistableBundle[{}], satellite_sos_max_datagram_size_bytes_int=255, satellite_supported_msg_apps_string_array=[com.google.android.apps.messaging], satellite_connected_notification_throttle_millis_int=604800000, satellite_display_name_string=, satellite_roaming_p2p_sms_inactivity_timeout_sec_int=180, satellite_roaming_turn_off_session_for_emergency_call_bool=true, emergency_messaging_supported_bool=false, carrier_roaming_satellite_emergency_messaging_provider_per_country_bundle=PersistableBundle[{}], satellite_data_support_mode_int=0, carrier_roaming_ntn_connect_type_int=0, satellite_attach_supported_bool=false, carrier_roaming_satellite_emergency_messaging_redirection_destination_string=, satellite_nidd_apn_name_string=, carrier_supported_satellite_services_per_provider_bundle=PersistableBundle[{310830=[2, 3, 6]}], satellite_roaming_esos_inactivity_timeout_sec_int=300, carrier_supported_satellite_notification_hysteresis_sec_int=180, carrier_config_applied_bool=true, carrier_roaming_ntn_emergency_call_to_satellite_handover_type_int=2, carrier_roaming_satellite_default_services_int_array=[2, 3, 6], imsserviceentitlement.entitlement_server_url_string=, emergency_call_to_satellite_t911_handover_timeout_millis_int=30000, satellite_roaming_p2p_sms_supported_bool=false, carrier_config_version_string=, satellite_roaming_screen_off_inactivity_timeout_sec_int=30}]
08-26 18:05:26.444  1095  1243 D SatelliteController: getCarrierRoamingNtnConnectType: Falling back to global carrier config connect type: 0
08-26 18:05:26.444  1095  1243 D TelephonyConfigUpdateInstallReceiver: getConfigParser: domain=satellite
08-26 18:05:26.444  1095  1243 V SatelliteController: satelliteConfigParser is not ready
08-26 18:05:26.444  1095  1243 D SatelliteController: isSatelliteAttachSupportedViaConfigupdater: return null (satelliteConfig is null)
08-26 18:05:26.444  1095  1243 D SatelliteController: getConfigForSubId: subId= 1, config= PersistableBundle[{satellite_esos_supported_bool=false, satellite_connection_hysteresis_sec_int=180, satellite_supported_disaster_plmn_string_array=[], regional_satellite_earfcn_bundle=PersistableBundle[{}], satellite_entitlement_supported_bool=false, satellite_supported_emergency_plmn_string_array=[], satellite_configs_per_plmn_bundle=PersistableBundle[{}], satellite_sos_max_datagram_size_bytes_int=255, satellite_supported_msg_apps_string_array=[com.google.android.apps.messaging], satellite_connected_notification_throttle_millis_int=604800000, satellite_display_name_string=, satellite_roaming_p2p_sms_inactivity_timeout_sec_int=180, satellite_roaming_turn_off_session_for_emergency_call_bool=true, emergency_messaging_supported_bool=false, carrier_roaming_satellite_emergency_messaging_provider_per_country_bundle=PersistableBundle[{}], satellite_data_support_mode_int=0, carrier_roaming_ntn_connect_type_int=0, satellite_attach_supported_bool=false, carrier_roaming_satellite_emergency_messaging_redirection_destination_string=, satellite_nidd_apn_name_string=, carrier_supported_satellite_services_per_provider_bundle=PersistableBundle[{310830=[2, 3, 6]}], satellite_roaming_esos_inactivity_timeout_sec_int=300, carrier_supported_satellite_notification_hysteresis_sec_int=180, carrier_config_applied_bool=true, carrier_roaming_ntn_emergency_call_to_satellite_handover_type_int=2, carrier_roaming_satellite_default_services_int_array=[2, 3, 6], imsserviceentitlement.entitlement_server_url_string=, emergency_call_to_satellite_t911_handover_timeout_millis_int=30000, satellite_roaming_p2p_sms_supported_bool=false, carrier_config_version_string=, satellite_roaming_screen_off_inactivity_timeout_sec_int=30}]
08-26 18:05:26.444  1095  1243 D SatelliteController: isSatelliteSupportedViaCarrier: using CarrierConfig for subId=1, isAttachSupported=false
08-26 18:05:26.444  1095  1243 D SatelliteController: isInSatelliteModeForCarrierRoaming: subId=1, connectType=0, result=false
08-26 18:05:26.444  1095  1243 D SatelliteController: getCarrierRoamingNtnConnectType: Checking connect type from PLMN config for subId: 1
08-26 18:05:26.444  1095  1243 D TelephonyConfigUpdateInstallReceiver: getConfigParser: domain=satellite
08-26 18:05:26.444  1095  1243 V SatelliteController: satelliteConfigParser is not ready
08-26 18:05:26.444  1095  1243 D SatelliteController: isSatelliteAttachSupportedViaConfigupdater: return null (satelliteConfig is null)
08-26 18:05:26.444  1095  1243 D SatelliteController: getConfigForSubId: subId= 1, config= PersistableBundle[{satellite_esos_supported_bool=false, satellite_connection_hysteresis_sec_int=180, satellite_supported_disaster_plmn_string_array=[], regional_satellite_earfcn_bundle=PersistableBundle[{}], satellite_entitlement_supported_bool=false, satellite_supported_emergency_plmn_string_array=[], satellite_configs_per_plmn_bundle=PersistableBundle[{}], satellite_sos_max_datagram_size_bytes_int=255, satellite_supported_msg_apps_string_array=[com.google.android.apps.messaging], satellite_connected_notification_throttle_millis_int=604800000, satellite_display_name_string=, satellite_roaming_p2p_sms_inactivity_timeout_sec_int=180, satellite_roaming_turn_off_session_for_emergency_call_bool=true, emergency_messaging_supported_bool=false, carrier_roaming_satellite_emergency_messaging_provider_per_country_bundle=PersistableBundle[{}], satellite_data_support_mode_int=0, carrier_roaming_ntn_connect_type_int=0, satellite_attach_supported_bool=false, carrier_roaming_satellite_emergency_messaging_redirection_destination_string=, satellite_nidd_apn_name_string=, carrier_supported_satellite_services_per_provider_bundle=PersistableBundle[{310830=[2, 3, 6]}], satellite_roaming_esos_inactivity_timeout_sec_int=300, carrier_supported_satellite_notification_hysteresis_sec_int=180, carrier_config_applied_bool=true, carrier_roaming_ntn_emergency_call_to_satellite_handover_type_int=2, carrier_roaming_satellite_default_services_int_array=[2, 3, 6], imsserviceentitlement.entitlement_server_url_string=, emergency_call_to_satellite_t911_handover_timeout_millis_int=30000, satellite_roaming_p2p_sms_supported_bool=false, carrier_config_version_string=, satellite_roaming_screen_off_inactivity_timeout_sec_int=30}]
08-26 18:05:26.444  1095  1243 D SatelliteController: isSatelliteSupportedViaCarrier: using CarrierConfig for subId=1, isAttachSupported=false
08-26 18:05:26.444  1095  1243 D SatelliteController: getSatellitePerPlmnConfiguration: invalid subId or not supported via carrier.
08-26 18:05:26.444  1095  1243 D SatelliteController: getCarrierRoamingNtnConnectType: config: null
08-26 18:05:26.444  1095  1243 D TelephonyConfigUpdateInstallReceiver: getConfigParser: domain=satellite
08-26 18:05:26.444  1095  1243 V SatelliteController: satelliteConfigParser is not ready
08-26 18:05:26.444  1095  1243 D SatelliteController: getCarrierRoamingNtnConnectTypeViaConfigUpdater: return null (satelliteConfig is null)
08-26 18:05:26.444  1095  1243 D SatelliteController: getConfigForSubId: subId= 1, config= PersistableBundle[{satellite_esos_supported_bool=false, satellite_connection_hysteresis_sec_int=180, satellite_supported_disaster_plmn_string_array=[], regional_satellite_earfcn_bundle=PersistableBundle[{}], satellite_entitlement_supported_bool=false, satellite_supported_emergency_plmn_string_array=[], satellite_configs_per_plmn_bundle=PersistableBundle[{}], satellite_sos_max_datagram_size_bytes_int=255, satellite_supported_msg_apps_string_array=[com.google.android.apps.messaging], satellite_connected_notification_throttle_millis_int=604800000, satellite_display_name_string=, satellite_roaming_p2p_sms_inactivity_timeout_sec_int=180, satellite_roaming_turn_off_session_for_emergency_call_bool=true, emergency_messaging_supported_bool=false, carrier_roaming_satellite_emergency_messaging_provider_per_country_bundle=PersistableBundle[{}], satellite_data_support_mode_int=0, carrier_roaming_ntn_connect_type_int=0, satellite_attach_supported_bool=false, carrier_roaming_satellite_emergency_messaging_redirection_destination_string=, satellite_nidd_apn_name_string=, carrier_supported_satellite_services_per_provider_bundle=PersistableBundle[{310830=[2, 3, 6]}], satellite_roaming_esos_inactivity_timeout_sec_int=300, carrier_supported_satellite_notification_hysteresis_sec_int=180, carrier_config_applied_bool=true, carrier_roaming_ntn_emergency_call_to_satellite_handover_type_int=2, carrier_roaming_satellite_default_services_int_array=[2, 3, 6], imsserviceentitlement.entitlement_server_url_string=, emergency_call_to_satellite_t911_handover_timeout_millis_int=30000, satellite_roaming_p2p_sms_supported_bool=false, carrier_config_version_string=, satellite_roaming_screen_off_inactivity_timeout_sec_int=30}]
08-26 18:05:26.444  1095  1243 D SatelliteController: getCarrierRoamingNtnConnectType: Falling back to global carrier config connect type: 0
08-26 18:05:26.444  1095  1243 D TelephonyConfigUpdateInstallReceiver: getConfigParser: domain=satellite
08-26 18:05:26.444  1095  1243 V SatelliteController: satelliteConfigParser is not ready
08-26 18:05:26.444  1095  1243 D SatelliteController: isSatelliteAttachSupportedViaConfigupdater: return null (satelliteConfig is null)
08-26 18:05:26.444  1095  1243 D SatelliteController: getConfigForSubId: subId= 1, config= PersistableBundle[{satellite_esos_supported_bool=false, satellite_connection_hysteresis_sec_int=180, satellite_supported_disaster_plmn_string_array=[], regional_satellite_earfcn_bundle=PersistableBundle[{}], satellite_entitlement_supported_bool=false, satellite_supported_emergency_plmn_string_array=[], satellite_configs_per_plmn_bundle=PersistableBundle[{}], satellite_sos_max_datagram_size_bytes_int=255, satellite_supported_msg_apps_string_array=[com.google.android.apps.messaging], satellite_connected_notification_throttle_millis_int=604800000, satellite_display_name_string=, satellite_roaming_p2p_sms_inactivity_timeout_sec_int=180, satellite_roaming_turn_off_session_for_emergency_call_bool=true, emergency_messaging_supported_bool=false, carrier_roaming_satellite_emergency_messaging_provider_per_country_bundle=PersistableBundle[{}], satellite_data_support_mode_int=0, carrier_roaming_ntn_connect_type_int=0, satellite_attach_supported_bool=false, carrier_roaming_satellite_emergency_messaging_redirection_destination_string=, satellite_nidd_apn_name_string=, carrier_supported_satellite_services_per_provider_bundle=PersistableBundle[{310830=[2, 3, 6]}], satellite_roaming_esos_inactivity_timeout_sec_int=300, carrier_supported_satellite_notification_hysteresis_sec_int=180, carrier_config_applied_bool=true, carrier_roaming_ntn_emergency_call_to_satellite_handover_type_int=2, carrier_roaming_satellite_default_services_int_array=[2, 3, 6], imsserviceentitlement.entitlement_server_url_string=, emergency_call_to_satellite_t911_handover_timeout_millis_int=30000, satellite_roaming_p2p_sms_supported_bool=false, carrier_config_version_string=, satellite_roaming_screen_off_inactivity_timeout_sec_int=30}]
08-26 18:05:26.444  1095  1243 D SatelliteController: isSatelliteSupportedViaCarrier: using CarrierConfig for subId=1, isAttachSupported=false
08-26 18:05:26.444  1095  1243 D SatelliteController: isInSatelliteModeForCarrierRoaming: subId=1, connectType=0, result=false
08-26 18:05:26.480  5147 25462 I PhenotypeResourceReader: unable to find any Phenotype resource metadata for com.google.android.modulemetadata
08-26 18:05:26.501  5147 25462 I PhenotypeResourceReader: unable to find any Phenotype resource metadata for com.google.android.gsf
08-26 18:05:26.502  5147 25462 I PhenotypeResourceReader: unable to find any Phenotype resource metadata for com.google.android.tag
08-26 18:05:26.513  5147 25462 I PhenotypeResourceReader: unable to find any Phenotype resource metadata for com.google.android.apps.nexuslauncher
08-26 18:05:26.519  5147 25462 I PhenotypeResourceReader: unable to find any Phenotype resource metadata for com.google.android.feedback
08-26 18:05:26.560  5147 25462 I PhenotypeResourceReader: unable to find any Phenotype resource metadata for com.android.settings
08-26 18:05:26.574  5147 25462 I PhenotypeResourceReader: unable to find any Phenotype resource metadata for com.google.android.apps.wallpaper
08-26 18:05:26.581  5147 25462 I PhenotypeResourceReader: unable to find any Phenotype resource metadata for com.android.systemui
08-26 18:05:26.642  5147 25462 I HeterodyneSyncer: (REDACTED) Removed %d invalid users
08-26 18:05:26.655  5147 25462 I HeterodyneSyncer: (REDACTED) Syncing with Heterodyne. Reason: %s
08-26 18:05:26.770   438  2672 D android.hardware.audio@7.1-impl.ranchu: threadLoop: entering standby, frames: 17447168
08-26 18:05:26.770   438  2672 D android.hardware.audio@7.1-impl.ranchu: ~TinyalsaSink: joining consumeThread
08-26 18:05:26.770   438 25916 D android.hardware.audio@7.1-impl.ranchu: consumeThread: exiting
08-26 18:05:27.046   517   517 I adbd    : adbd service requested 'shell,v2,TERM=dumb,raw:cat /sdcard/payload-tabs-0.xml'
08-26 18:05:27.092   517   517 I adbd    : adbd service requested 'shell,v2,TERM=dumb:export ANDROID_LOG_TAGS=''; exec logcat '-d' '-t' '1800''
