--------- beginning of main
08-26 17:30:49.242 23714 23714 I AconfigPackage: com.android.signature.flags is mapped to com.android.mediaprovider
08-26 17:30:49.242 23714 23714 I AconfigPackage: com.android.providers.media.flags is mapped to com.android.mediaprovider
08-26 17:30:49.242 23714 23714 I AconfigPackage: android.graphics.pdf.flags is mapped to com.android.mediaprovider
08-26 17:30:49.242 23714 23714 I AconfigPackage: android.graphics.pdf.flags.readonly is mapped to com.android.mediaprovider
08-26 17:30:49.242 23714 23714 I AconfigPackage: com.android.tethering.mainline.beta is mapped to com.android.tethering
08-26 17:30:49.242 23714 23714 I AconfigPackage: android.net.http is mapped to com.android.tethering
08-26 17:30:49.242 23714 23714 I AconfigPackage: com.android.tethering.readonly.flags is mapped to com.android.tethering
08-26 17:30:49.242 23714 23714 I AconfigPackage: android.net.vcn is mapped to com.android.tethering
08-26 17:30:49.242 23714 23714 I AconfigPackage: com.android.net.flags is mapped to com.android.tethering
08-26 17:30:49.242 23714 23714 I AconfigPackage: com.android.tethering.flags is mapped to com.android.tethering
08-26 17:30:49.242 23714 23714 I AconfigPackage: com.android.tethering.beta.test is mapped to com.android.tethering
08-26 17:30:49.242 23714 23714 I AconfigPackage: com.android.nearby.flags is mapped to com.android.tethering
08-26 17:30:49.242 23714 23714 I AconfigPackage: com.android.net.thread.flags is mapped to com.android.tethering
08-26 17:30:49.242 23714 23714 I AconfigPackage: android.net.http.flags is mapped to com.android.tethering
08-26 17:30:49.242 23714 23714 I AconfigPackage: com.android.system.virtualmachine.flags is mapped to com.android.virt
08-26 17:30:49.242 23714 23714 E FeatureFlagsImplExport: android.os.flagging.AconfigStorageReadException: ERROR_PACKAGE_NOT_FOUND: package android.xr cannot be found on the device
08-26 17:30:49.244 23714 23714 D UiAutomationConnection: Created on user UserHandle{0}
08-26 17:30:49.244 23714 23714 I UiAutomation: Initialized for user 0 on display 0
08-26 17:30:49.244 23714 23714 W UiAutomation: Created with deprecatead constructor, assumes DEFAULT_DISPLAY
--------- beginning of system
08-26 17:30:49.245   657  1219 D AccessibilityManagerService: changeCurrentUserForTestAutomationIfNeededLocked(0): ignoring because device doesn't support visible background users
08-26 17:30:49.245   657  1219 I UiAutomationManager: Registering UiTestAutomationService (id=com.android.server.accessibility/UiAutomation, flags=0x0) when called by user 0
08-26 17:30:49.245   657  1219 V AccessibilityManagerService: onUserStateChangedLocked for userId: 0, forceUpdate: false
08-26 17:30:49.246   657  1219 V AccessibilityUserState: updateShortcutTargets: type:accessibility_shortcut_target_service, current:{}, new:{}
08-26 17:30:49.246   657  1219 V AccessibilityUserState: updateShortcutTargets: type:accessibility_button_targets, current:{}, new:{}
08-26 17:30:49.246   657  1219 V AccessibilityUserState: updateShortcutTargets: type:accessibility_gesture_targets, current:{}, new:{}
08-26 17:30:49.246   657  1219 V AccessibilityUserState: updateShortcutTargets: type:accessibility_qs_targets, current:{}, new:{}
08-26 17:30:49.247   657  1219 V AccessibilityUserState: updateShortcutTargets: type:accessibility_key_gesture_targets, current:{}, new:{}
08-26 17:30:49.247   657  1219 V AccessibilityUserState: updateShortcutTargets: type:accessibility_top_row_key_targets, current:{}, new:{}
08-26 17:30:49.247   657  1219 V AccessibilityUserState: updateShortcutTargets: type:accessibility_quick_access_targets, current:{}, new:{}
08-26 17:30:49.247   657  1219 W MagnificationConnectionManager: requestConnection duplicated request: connect=false, mConnectionState=DISCONNECTED
08-26 17:30:49.248   657   657 W libbinder.IPCThreadState: Sending oneway calls to frozen process.
08-26 17:30:49.248   657   657 W libbinder.IPCThreadState: Sending oneway calls to frozen process.
08-26 17:30:49.248  1777  8087 I AiAiEcho: Settings changed for uri: content://settings/secure/accessibility_enabled
08-26 17:30:49.249   657   657 W libbinder.IPCThreadState: Sending oneway calls to frozen process.
08-26 17:30:49.249   657   657 W libbinder.IPCThreadState: Sending oneway calls to frozen process.
08-26 17:30:49.250   657   657 W libbinder.IPCThreadState: Sending oneway calls to frozen process.
08-26 17:30:49.250   657   657 W libbinder.IPCThreadState: Sending oneway calls to frozen process.
08-26 17:30:49.250   657   657 W libbinder.IPCThreadState: Sending oneway calls to frozen process.
08-26 17:30:49.250  1777  1991 I AiAiEcho: Predicting[0]:  [CONTEXT sampling_count=5 ]
08-26 17:30:49.250   657   657 W libbinder.IPCThreadState: Sending oneway calls to frozen process.
08-26 17:30:49.250   657   657 W libbinder.IPCThreadState: Sending oneway calls to frozen process.
08-26 17:30:49.250   657   657 W libbinder.IPCThreadState: Sending oneway calls to frozen process.
08-26 17:30:49.250   657   657 W libbinder.IPCThreadState: Sending oneway calls to frozen process.
08-26 17:30:49.250   657  1219 V AccessibilityManagerService: onUserStateChangedLocked for userId: 0, forceUpdate: false
08-26 17:30:49.251   657   657 W libbinder.IPCThreadState: Sending oneway calls to frozen process.
08-26 17:30:49.251   657   657 W libbinder.IPCThreadState: Sending oneway calls to frozen process.
08-26 17:30:49.251   657   657 W libbinder.IPCThreadState: Sending oneway calls to frozen process.
08-26 17:30:49.251  1777  1991 I AiAiEcho: EchoTargets: 
08-26 17:30:49.251  1777  1991 I AiAiEcho: Filtered by AiAi flag check: 
08-26 17:30:49.251  1777  1991 I AiAiEcho: [CONTEXT ratelimit_period="10 SECONDS" ]
08-26 17:30:49.252  1777  1991 I AiAiEcho: #remoteViewsTwiddler: feature disabled.
08-26 17:30:49.252   657  1219 V AccessibilityUserState: updateShortcutTargets: type:accessibility_shortcut_target_service, current:{}, new:{}
08-26 17:30:49.252   657  1219 V AccessibilityUserState: updateShortcutTargets: type:accessibility_button_targets, current:{}, new:{}
08-26 17:30:49.252   657  1219 V AccessibilityUserState: updateShortcutTargets: type:accessibility_gesture_targets, current:{}, new:{}
08-26 17:30:49.252   657  1219 V AccessibilityUserState: updateShortcutTargets: type:accessibility_qs_targets, current:{}, new:{}
08-26 17:30:49.252   657  1219 V AccessibilityUserState: updateShortcutTargets: type:accessibility_key_gesture_targets, current:{}, new:{}
08-26 17:30:49.252   657  1219 V AccessibilityUserState: updateShortcutTargets: type:accessibility_top_row_key_targets, current:{}, new:{}
08-26 17:30:49.252   657  1219 V AccessibilityUserState: updateShortcutTargets: type:accessibility_quick_access_targets, current:{}, new:{}
08-26 17:30:49.252   657  1219 W MagnificationConnectionManager: requestConnection duplicated request: connect=false, mConnectionState=DISCONNECTED
08-26 17:30:49.252  1777  1991 I AiAiEcho: #postPredictionTargets: Sending updates to UISurface home with targets# 0 (types=[])
08-26 17:30:49.252   657   657 W libbinder.IPCThreadState: Sending oneway calls to frozen process.
08-26 17:30:49.252   657   657 W libbinder.IPCThreadState: Sending oneway calls to frozen process.
08-26 17:30:49.252   657   657 W libbinder.IPCThreadState: Sending oneway calls to frozen process.
08-26 17:30:49.252   657   657 W libbinder.IPCThreadState: Sending oneway calls to frozen process.
08-26 17:30:49.252   657   657 W libbinder.IPCThreadState: Sending oneway calls to frozen process.
08-26 17:30:49.252   657   657 W libbinder.IPCThreadState: Sending oneway calls to frozen process.
08-26 17:30:49.252   657   657 W libbinder.IPCThreadState: Sending oneway calls to frozen process.
08-26 17:30:49.253   657   657 W libbinder.IPCThreadState: Sending oneway calls to frozen process.
08-26 17:30:49.253   657   657 W libbinder.IPCThreadState: Sending oneway calls to frozen process.
08-26 17:30:49.253   657   657 W libbinder.IPCThreadState: Sending oneway calls to frozen process.
08-26 17:30:49.253   657   657 W libbinder.IPCThreadState: Sending oneway calls to frozen process.
08-26 17:30:49.262   657   657 W libbinder.IPCThreadState: Sending oneway calls to frozen process.
08-26 17:30:49.262   657   657 W libbinder.IPCThreadState: Sending oneway calls to frozen process.
08-26 17:30:49.262   657   657 W libbinder.IPCThreadState: Sending oneway calls to frozen process.
08-26 17:30:49.262   657   657 W libbinder.IPCThreadState: Sending oneway calls to frozen process.
08-26 17:30:49.262   657   657 W libbinder.IPCThreadState: Sending oneway calls to frozen process.
08-26 17:30:49.262   657   657 W libbinder.IPCThreadState: Sending oneway calls to frozen process.
08-26 17:30:49.262   657   657 W libbinder.IPCThreadState: Sending oneway calls to frozen process.
08-26 17:30:49.262   657   657 W libbinder.IPCThreadState: Sending oneway calls to frozen process.
08-26 17:30:49.262   657   657 W libbinder.IPCThreadState: Sending oneway calls to frozen process.
08-26 17:30:49.262   657   657 W libbinder.IPCThreadState: Sending oneway calls to frozen process.
08-26 17:30:49.262   492   492 W skia    : AGTM parsing failed flags.readFromStream(s) at 159
08-26 17:30:49.262   492   492 W skia    : AGTM parsing failed flags.readFromStream(s) at 159
08-26 17:30:49.262   492   492 W skia    : AGTM parsing failed flags.readFromStream(s) at 159
08-26 17:30:49.262   492   492 W skia    : AGTM parsing failed flags.readFromStream(s) at 159
08-26 17:30:49.262   492   492 W skia    : AGTM parsing failed flags.readFromStream(s) at 159
08-26 17:30:49.262   657   657 D BatterySaverPolicy: accessibility changed to true, updating policy.
08-26 17:30:49.265  1777  8087 I AiAiEcho: Settings changed for uri: content://settings/secure/accessibility_enabled
08-26 17:30:49.265  1777  1991 I AiAiEcho: Predicting[0]:  [CONTEXT sampling_count=5 ]
08-26 17:30:49.265  1777  1991 I AiAiEcho: EchoTargets: 
08-26 17:30:49.265  1777  1991 I AiAiEcho: Filtered by AiAi flag check: 
08-26 17:30:49.265  1777  1991 I AiAiEcho: [CONTEXT ratelimit_period="10 SECONDS" ]
08-26 17:30:49.265  1777  1991 I AiAiEcho: #remoteViewsTwiddler: feature disabled.
08-26 17:30:49.265  1777  1991 I AiAiEcho: #postPredictionTargets: Sending updates to UISurface home with targets# 0 (types=[])
08-26 17:30:49.265   657  1937 D AccessibilityManagerService: .getAccessibilityShortcutTargets {shortcutType=32, userId=0}
08-26 17:30:49.297   492   492 W skia    : AGTM parsing failed flags.readFromStream(s) at 159
08-26 17:30:49.297   492   492 W skia    : AGTM parsing failed flags.readFromStream(s) at 159
08-26 17:30:49.297   492   492 W skia    : AGTM parsing failed flags.readFromStream(s) at 159
08-26 17:30:49.297   492   492 W skia    : AGTM parsing failed flags.readFromStream(s) at 159
08-26 17:30:49.297   492   492 W skia    : AGTM parsing failed flags.readFromStream(s) at 159
08-26 17:30:49.298   492   534 W skia    : AGTM parsing failed flags.readFromStream(s) at 159
08-26 17:30:49.621   517   517 I adbd    : adbd service requested 'shell,v2,raw:dumpsys package com.google.android.gms'
08-26 17:30:49.674  2635  2719 I artd    : GetBestInfo: odex next to the dex file (/data/app/~~bX9OEGQ8NofBOJHm0BYQkg==/com.google.android.gms-Gv8nBSt27pvHbuElOejyNw==/oat/arm64/base.odex) is kOatUpToDate with filter 'verify' executable 'false'
08-26 17:30:49.674  2635  2719 I artd    : GetBestInfo: odex next to the dex file (/data/app/~~bX9OEGQ8NofBOJHm0BYQkg==/com.google.android.gms-Gv8nBSt27pvHbuElOejyNw==/oat/arm64/base.odex) is kOatUpToDate with filter 'verify' executable 'false'
08-26 17:30:49.675  2635  2719 I artd    : GetBestInfo: dm (/data/app/~~bX9OEGQ8NofBOJHm0BYQkg==/com.google.android.gms-Gv8nBSt27pvHbuElOejyNw==/split_AdsDynamite_installtime.dm) is kOatUpToDate with filter 'verify' executable 'false'
08-26 17:30:49.676  2635  2719 I artd    : GetBestInfo: odex next to the dex file (/data/app/~~bX9OEGQ8NofBOJHm0BYQkg==/com.google.android.gms-Gv8nBSt27pvHbuElOejyNw==/oat/arm64/split_CronetDynamite_installtime.odex) is kOatUpToDate with filter 'speed-profile' executable 'false'
08-26 17:30:49.676  2635  2719 I artd    : GetBestInfo: odex next to the dex file (/data/app/~~bX9OEGQ8NofBOJHm0BYQkg==/com.google.android.gms-Gv8nBSt27pvHbuElOejyNw==/oat/arm64/split_CronetDynamite_installtime.odex) is kOatUpToDate with filter 'speed-profile' executable 'false'
08-26 17:30:49.677  2635  2719 I artd    : GetBestInfo: dm (/data/app/~~bX9OEGQ8NofBOJHm0BYQkg==/com.google.android.gms-Gv8nBSt27pvHbuElOejyNw==/split_DynamiteLoader_installtime.dm) is kOatUpToDate with filter 'verify' executable 'false'
08-26 17:30:49.678  2635  2719 I artd    : GetBestInfo: dm (/data/app/~~bX9OEGQ8NofBOJHm0BYQkg==/com.google.android.gms-Gv8nBSt27pvHbuElOejyNw==/split_DynamiteModulesA_installtime.dm) is kOatUpToDate with filter 'verify' executable 'false'
08-26 17:30:49.679  2635  2719 I artd    : GetBestInfo: dm (/data/app/~~bX9OEGQ8NofBOJHm0BYQkg==/com.google.android.gms-Gv8nBSt27pvHbuElOejyNw==/split_DynamiteModulesC_installtime.dm) is kOatUpToDate with filter 'verify' executable 'false'
08-26 17:30:49.680  2635  2719 I artd    : GetBestInfo: dm (/data/app/~~bX9OEGQ8NofBOJHm0BYQkg==/com.google.android.gms-Gv8nBSt27pvHbuElOejyNw==/split_GoogleCertificates_installtime.dm) is kOatUpToDate with filter 'verify' executable 'false'
08-26 17:30:49.681  2635  2719 I artd    : GetBestInfo: dm (/data/app/~~bX9OEGQ8NofBOJHm0BYQkg==/com.google.android.gms-Gv8nBSt27pvHbuElOejyNw==/split_MapsDynamite_installtime.dm) is kOatUpToDate with filter 'verify' executable 'false'
08-26 17:30:49.682  2635  2719 I artd    : GetBestInfo: dm (/data/app/~~bX9OEGQ8NofBOJHm0BYQkg==/com.google.android.gms-Gv8nBSt27pvHbuElOejyNw==/split_MeasurementDynamite_installtime.dm) is kOatUpToDate with filter 'verify' executable 'false'
08-26 17:30:49.683  2635  2719 I artd    : GetBestInfo: dm (/data/app/~~bX9OEGQ8NofBOJHm0BYQkg==/com.google.android.gms-Gv8nBSt27pvHbuElOejyNw==/split_all_locale_splits.dm) is kOatUpToDate with filter 'verify' executable 'false'
08-26 17:30:49.683  2635  2719 I artd    : GetBestInfo: /data/user_de/0/com.google.android.gms/app_chimera/m/0000000c/dl-TfliteDynamiteDynamite.integ_252130102100400.apk has no usable artifacts
08-26 17:30:49.684  2635  2719 I artd    : GetBestInfo: /data/user_de/0/com.google.android.gms/app_chimera/m/00000001/CronetDynamite.apk has no usable artifacts
08-26 17:30:49.685  2635  2719 I artd    : GetBestInfo: vdex next to the dex file (/data/user/0/com.google.android.gms/app_dg_cache/F43216EC192C66BFB5A30C3CDD57E8C5C9005730/oat/arm64/the.vdex) is kOatUpToDate with filter 'verify' executable 'false'
08-26 17:30:49.685  2635  2719 I artd    : GetBestInfo: /data/user_de/0/com.google.android.gms/app_chimera/m/00000002/DynamiteLoader.apk has no usable artifacts
08-26 17:30:49.686  2635  2719 I artd    : GetBestInfo: /data/user_de/0/com.google.android.gms/app_chimera/m/00000012/dl-MlkitBarcodeUi.optional_263234100400.apk has no usable artifacts
08-26 17:30:49.686  2635  2719 I artd    : GetBestInfo: /data/user_de/0/com.google.android.gms/app_chimera/m/00000005/GoogleCertificates.apk has no usable artifacts
08-26 17:30:49.687  2635  2719 I artd    : GetBestInfo: /data/user_de/0/com.google.android.gms/app_chimera/m/00000015/dl-TfliteDynamiteDynamite.integ_260580502100400.apk has no usable artifacts
08-26 17:30:49.687  2635  2719 I artd    : GetBestInfo: /data/user_de/0/com.google.android.gms/app_chimera/m/0000000f/dl-MlkitBarcodeUi.optional_262236100400.apk has no usable artifacts
08-26 17:30:49.688  2635  2719 I artd    : GetBestInfo: /data/user_de/0/com.google.android.gms/app_chimera/m/00000016/dl-PlayCloudSearch.optional_263234100000.apk has no usable artifacts
08-26 17:30:49.689  2635  2719 I artd    : GetBestInfo: /data/user_de/0/com.google.android.gms/app_chimera/m/00000010/dl-PlayCloudSearch.optional_262236100000.apk has no usable artifacts
08-26 17:30:49.690  2635  2719 I artd    : GetBestInfo: vdex next to the dex file (/data/user/0/com.google.android.gms/app_dg_cache/708EA63B31A09E17FD6C7CDE0FE83B45EA4CEC30/oat/arm64/the.vdex) is kOatUpToDate with filter 'verify' executable 'false'
08-26 17:30:49.690  2635  2719 I artd    : GetBestInfo: /data/user_de/0/com.google.android.gms/app_chimera/m/00000008/dl-VisionOcr.optional_262236100000.apk has no usable artifacts
08-26 17:30:49.692  2635  2719 I artd    : GetBestInfo: vdex next to the dex file (/data/user/0/com.google.android.gms/app_dg_cache/D04EBEF623804AD1CEE87B2156DE98F2840B89F7/oat/arm64/the.vdex) is kOatUpToDate with filter 'verify' executable 'false'
08-26 17:30:49.693  2635  2719 I artd    : GetBestInfo: /data/user_de/0/com.google.android.gms/app_chimera/m/0000000b/dl-MlkitOcrCommon.optional_262236100400.apk has no usable artifacts
08-26 17:30:49.694  2635  2719 I artd    : GetBestInfo: /data/user_de/0/com.google.android.gms/app_chimera/m/00000014/dl-MlkitOcrCommon.optional_263234100400.apk has no usable artifacts
08-26 17:30:49.694  2635  2719 I artd    : GetBestInfo: /data/user_de/0/com.google.android.gms/app_chimera/m/00000009/dl-Appsearch.optional_262236100400.apk has no usable artifacts
08-26 17:30:49.695  2635  2719 I artd    : GetBestInfo: /data/user_de/0/com.google.android.gms/app_chimera/m/00000017/dl-VisionOcr.optional_263234100000.apk has no usable artifacts
08-26 17:30:49.695  2635  2719 I artd    : GetBestInfo: /data/user_de/0/com.google.android.gms/app_chimera/m/00000007/MeasurementDynamite.apk has no usable artifacts
08-26 17:30:49.696  2635  2719 I artd    : GetBestInfo: /data/user_de/0/com.google.android.gms/app_chimera/m/00000011/dl-Appsearch.optional_263234100400.apk has no usable artifacts
08-26 17:30:50.297  1725  1893 W MediaProvider: isAppCloneUserPair for user 0: false
08-26 17:30:50.309 23714 23714 W AccessibilityNodeInfoDumper: Fetch time: 32ms
08-26 17:30:50.311   657  1937 V AccessibilityManagerService: onUserStateChangedLocked for userId: 0, forceUpdate: false
08-26 17:30:50.313   657  1937 V AccessibilityUserState: updateShortcutTargets: type:accessibility_shortcut_target_service, current:{}, new:{}
08-26 17:30:50.313   657  1937 V AccessibilityUserState: updateShortcutTargets: type:accessibility_button_targets, current:{}, new:{}
08-26 17:30:50.313   657  1937 V AccessibilityUserState: updateShortcutTargets: type:accessibility_gesture_targets, current:{}, new:{}
08-26 17:30:50.313   657  1937 V AccessibilityUserState: updateShortcutTargets: type:accessibility_qs_targets, current:{}, new:{}
08-26 17:30:50.313   657  1937 V AccessibilityUserState: updateShortcutTargets: type:accessibility_key_gesture_targets, current:{}, new:{}
08-26 17:30:50.313   657  1937 V AccessibilityUserState: updateShortcutTargets: type:accessibility_top_row_key_targets, current:{}, new:{}
08-26 17:30:50.313   657  1937 V AccessibilityUserState: updateShortcutTargets: type:accessibility_quick_access_targets, current:{}, new:{}
08-26 17:30:50.313   657  1937 W MagnificationConnectionManager: requestConnection duplicated request: connect=false, mConnectionState=DISCONNECTED
08-26 17:30:50.313   657  1937 D AccessibilityManagerService: restoreCurrentUserForTestAutomationIfNeededLocked(): ignoring because device doesn't support visible background users
08-26 17:30:50.314  1777  8087 I AiAiEcho: Settings changed for uri: content://settings/secure/accessibility_enabled
08-26 17:30:50.314   657   657 W libbinder.IPCThreadState: Sending oneway calls to frozen process.
08-26 17:30:50.314   657   657 W libbinder.IPCThreadState: Sending oneway calls to frozen process.
08-26 17:30:50.316  1777  1991 I AiAiEcho: Predicting[0]:  [CONTEXT sampling_count=5 ]
08-26 17:30:50.316 23714 23714 D AndroidRuntime: Shutting down VM
08-26 17:30:50.317 23714 23724 W libbinder.IPCThreadState: call to talkWithDriver in joinThreadPool returned error: -9 (Bad file descriptor), FD: -1
08-26 17:30:50.317 23714 23727 W libbinder.IPCThreadState: call to talkWithDriver in joinThreadPool returned error: -9 (Bad file descriptor), FD: -1
08-26 17:30:50.317 23714 23723 W libbinder.IPCThreadState: call to talkWithDriver in joinThreadPool returned error: -9 (Bad file descriptor), FD: -1
08-26 17:30:50.317   657   657 W libbinder.IPCThreadState: Sending oneway calls to frozen process.
08-26 17:30:50.317   657   657 W libbinder.IPCThreadState: Sending oneway calls to frozen process.
08-26 17:30:50.317   657   657 W libbinder.IPCThreadState: Sending oneway calls to frozen process.
08-26 17:30:50.317   657   657 W libbinder.IPCThreadState: Sending oneway calls to frozen process.
08-26 17:30:50.317   657   657 W libbinder.IPCThreadState: Sending oneway calls to frozen process.
08-26 17:30:50.318   657   657 W libbinder.IPCThreadState: Sending oneway calls to frozen process.
08-26 17:30:50.318   657   657 W libbinder.IPCThreadState: Sending oneway calls to frozen process.
08-26 17:30:50.318  1777  1991 I AiAiEcho: EchoTargets: 
08-26 17:30:50.318  1777  1991 I AiAiEcho: Filtered by AiAi flag check: 
08-26 17:30:50.318  1777  1991 I AiAiEcho: [CONTEXT ratelimit_period="10 SECONDS" ]
08-26 17:30:50.318  1777  1991 I AiAiEcho: #remoteViewsTwiddler: feature disabled.
08-26 17:30:50.319  1777  1991 I AiAiEcho: #postPredictionTargets: Sending updates to UISurface home with targets# 0 (types=[])
08-26 17:30:50.320   657   657 W libbinder.IPCThreadState: Sending oneway calls to frozen process.
08-26 17:30:50.320   657   657 W libbinder.IPCThreadState: Sending oneway calls to frozen process.
08-26 17:30:50.320   657   657 W libbinder.IPCThreadState: Sending oneway calls to frozen process.
08-26 17:30:50.320   657   657 W libbinder.IPCThreadState: Sending oneway calls to frozen process.
08-26 17:30:50.320   657   657 W libbinder.IPCThreadState: Sending oneway calls to frozen process.
08-26 17:30:50.320   657   657 W libbinder.IPCThreadState: Sending oneway calls to frozen process.
08-26 17:30:50.320   657   657 W libbinder.IPCThreadState: Sending oneway calls to frozen process.
08-26 17:30:50.320   657   657 W libbinder.IPCThreadState: Sending oneway calls to frozen process.
08-26 17:30:50.320   657   657 W libbinder.IPCThreadState: Sending oneway calls to frozen process.
08-26 17:30:50.320   657   657 W libbinder.IPCThreadState: Sending oneway calls to frozen process.
08-26 17:30:50.320   657   657 W libbinder.IPCThreadState: Sending oneway calls to frozen process.
08-26 17:30:50.320   657   657 W libbinder.IPCThreadState: Sending oneway calls to frozen process.
08-26 17:30:50.320   657   657 D BatterySaverPolicy: accessibility changed to false, updating policy.
08-26 17:30:50.330   492   492 W skia    : AGTM parsing failed flags.readFromStream(s) at 159
08-26 17:30:50.330   492   492 W skia    : AGTM parsing failed flags.readFromStream(s) at 159
08-26 17:30:50.330   492   492 W skia    : AGTM parsing failed flags.readFromStream(s) at 159
08-26 17:30:50.330   492   492 W skia    : AGTM parsing failed flags.readFromStream(s) at 159
08-26 17:30:50.330   492   492 W skia    : AGTM parsing failed flags.readFromStream(s) at 159
08-26 17:30:50.380   492   492 W skia    : AGTM parsing failed flags.readFromStream(s) at 159
08-26 17:30:50.380   492   492 W skia    : AGTM parsing failed flags.readFromStream(s) at 159
08-26 17:30:50.380   492   492 W skia    : AGTM parsing failed flags.readFromStream(s) at 159
08-26 17:30:50.380   492   492 W skia    : AGTM parsing failed flags.readFromStream(s) at 159
08-26 17:30:50.380   492   492 W skia    : AGTM parsing failed flags.readFromStream(s) at 159
08-26 17:30:50.386   492   534 W skia    : AGTM parsing failed flags.readFromStream(s) at 159
08-26 17:30:50.412   438 23709 E android.hardware.audio@7.1-impl.ranchu: consumeThread: tinyalsa revents=0x000C
08-26 17:30:50.449   492   492 W skia    : AGTM parsing failed flags.readFromStream(s) at 159
08-26 17:30:50.452   492   492 W skia    : AGTM parsing failed flags.readFromStream(s) at 159
08-26 17:30:50.452   492   492 W skia    : AGTM parsing failed flags.readFromStream(s) at 159
08-26 17:30:50.452   492   492 W skia    : AGTM parsing failed flags.readFromStream(s) at 159
08-26 17:30:50.452   492   492 W skia    : AGTM parsing failed flags.readFromStream(s) at 159
08-26 17:30:50.569   492   534 W skia    : AGTM parsing failed flags.readFromStream(s) at 159
08-26 17:30:50.572   657  1938 D ActivityManager: sync unfroze 18438 com.google.android.gms for 6
08-26 17:30:50.585   657  1938 W ProcessStats: Tracking association SourceState{f3da901 com.google.android.gms.persistent/10217 ImpBg #26044} whose proc state 6 is better than process ProcessState{66c077c com.google.android.gms/10217 pkg=com.google.android.gms} proc state 14 (3 skipped)
08-26 17:30:50.591  5147 23616 I NetworkScheduler.Stats: (REDACTED) Task %s/%s started execution. cause:%s exec_start_elapsed_seconds: %s
08-26 17:30:50.595 18438 23733 I GmscoreIpa: Starting mediastore instant index [CONTEXT service_id=255 ]
08-26 17:30:50.596  5147 23677 I NetworkScheduler.Stats: (REDACTED) Task %s/%s finished executing. cause:%s result: %s elapsed_millis: %s uptime_millis: %s exec_start_elapsed_seconds: %s
08-26 17:30:50.815   438  2672 D android.hardware.audio@7.1-impl.ranchu: threadLoop: entering standby, frames: 16012096
08-26 17:30:50.815   438  2672 D android.hardware.audio@7.1-impl.ranchu: ~TinyalsaSink: joining consumeThread
08-26 17:30:50.815   438 23709 D android.hardware.audio@7.1-impl.ranchu: consumeThread: exiting
08-26 17:30:51.207   517   517 I adbd    : adbd service requested 'shell,v2,TERM=dumb,raw:cat /sdcard/jsabi-detail-1.xml'
08-26 17:30:51.253   517   517 I adbd    : adbd service requested 'shell,v2,TERM=dumb,raw:input keyevent 4'
08-26 17:30:51.277   961  1009 V WindowManagerShell: Transition requested (#149): android.os.BinderProxy@607b3e4 TransitionRequestInfo { type = CLOSE, triggerTask = TaskInfo{userId=0 taskId=96 effectiveUid=10231 seqId=0 displayId=0 isRunning=false baseIntent=Intent { flg=0x10000000 cmp=dev.quickapp.kit.android/.MainActivity } baseActivity=null topActivity=null origActivity=null realActivity=ComponentInfo{dev.quickapp.kit.android/dev.quickapp.kit.android.MainActivity} realActivityIsAppLockEnabled=false numActivities=0 lastActiveTime=171464877 supportsMultiWindow=true supportsMultiWindowWithoutConstraints=true resizeMode=1 isResizeable=true minWidth=-1 minHeight=-1 defaultMinSize=220 token=WCT{android.os.BinderProxy@da6891} topActivityType=1 pictureInPictureParams=null shouldDockBigOverlays=false launchIntoPipHostTaskId=-1 lastParentTaskIdBeforePip=-1 displayCutoutSafeInsets=Rect(0, 0 - 0, 0) topActivityInfo=null launchCookies=[] positionInParent=Point(0, 0) parentTaskId=-1 isFocused=true isInteractive=true isVisible=true isVisibleRequested=true isTopActivityNoDisplay=false isSleeping=false locusId=null displayAreaFeatureId=1 isTopActivityTransparent=false isActivityStackTransparent=true lastNonFullscreenBounds=null leafTaskBoundsFromOptions= false capturedLink=null capturedLinkTimestamp=0 requestedVisibleTypes=503 topActivityRequestOpenInBrowserEducationTimestamp=0 appCompatTaskInfo=AppCompatTaskInfo { topActivityInSizeCompat=false isLeafTask= true eligibleForLetterboxEducation= false isLetterboxEducationEnabled= false isLetterboxDoubleTapEnabled= false eligibleForUserAspectRatioButton= false topActivityBoundsLetterboxed= false isFromLetterboxDoubleTap= false topActivityLetterboxVerticalPosition= -1 topActivityLetterboxHorizontalPosition= -1 topActivityLetterboxWidth=-1 topActivityLetterboxHeight=-1 topActivityAppBounds=Rect(0, 0 - 0, 0) isUserFullscreenOverrideEnabled=false isSystemFullscreenOverrideEnabled=false hasMinAspectRatioOverride=false topActivityLetterboxBounds=null topNonResizableActivityAspectRatio=-1.0} topActivityMainWindowFrame=null isAppBubble=false}, pipChange = null, remoteTransitionInfo = null, displayChanges = null, requestedLocation = null, userChange = null, windowingLayerChange = null, fullscreenRequestChange = null, flags = 0, debugId = 149 }
08-26 17:30:51.278   961  1009 V ShellDesktopMode: DesktopTasksController: skipping handleRequest reason=triggerTask's display doesn't support desktop mode
08-26 17:30:51.281   492   727 I libbinder.BpBinder: onLastStrongRef automatically unlinking death recipients for binder (0xb4007519fa031830) with descriptor: '(not cached)'
08-26 17:30:51.290   961  1009 V RecentTasksController: Notify recent tasks changed: 1
08-26 17:30:51.291  1099  1099 D RecentTasksList: invalidateLoadedTasks - previous requestLoadId: -1
08-26 17:30:51.292   657  1938 V WindowManager: Defer transition id=149 for TaskFragmentTransaction=android.os.Binder@81be60b
08-26 17:30:51.292  1099  1099 D ViewRootImpl: Skipping stats log for color mode
08-26 17:30:51.292  1099  1099 D BaseActivity: Launcher flags updated: [state_started] +[state_started]
08-26 17:30:51.294  1099  1099 D BaseActivity: Launcher flags updated: [state_started|state_resumed|state_user_active] +[state_resumed|state_user_active]
08-26 17:30:51.294  1099  1099 D BaseActivity: Launcher flags updated: [state_started|state_resumed|state_user_active] +[]
08-26 17:30:51.294  1099  1099 D BaseActivity: Launcher flags updated: [state_started|state_resumed|state_deferred_resumed|state_user_active] +[state_deferred_resumed]
08-26 17:30:51.294  1099  1099 D StatsLog: LAUNCHER_ONRESUME
08-26 17:30:51.296   492   492 W skia    : AGTM parsing failed flags.readFromStream(s) at 159
08-26 17:30:51.296   492   492 W skia    : AGTM parsing failed flags.readFromStream(s) at 159
08-26 17:30:51.296   492   492 W skia    : AGTM parsing failed flags.readFromStream(s) at 159
08-26 17:30:51.296   492   492 W skia    : AGTM parsing failed flags.readFromStream(s) at 159
08-26 17:30:51.296   492   492 W skia    : AGTM parsing failed flags.readFromStream(s) at 159
08-26 17:30:51.297  1099  1099 D SmartspaceInteractor: notifySmartspaceEvent: SmartspaceTargetEvent{mSmartspaceTarget=null, mSmartspaceActionId='null', mEventType=6}
08-26 17:30:51.298   657   764 W JobScheduler.JobStatus: Unsatisfied constraint not being tracked: 10
08-26 17:30:51.298  1099  1099 I Surface : Creating surface for consumer unnamed-1099-71 with slotExpansion=1 for 64 slots
08-26 17:30:51.299   657  1937 D WindowManager: setClientSurface Surface(name=VRI-com.google.android.apps.nexuslauncher/com.google.android.apps.nexuslauncher.NexusLauncherActivity#1683)/@0x2990b83 for fbe6448 com.google.android.apps.nexuslauncher/com.google.android.apps.nexuslauncher.NexusLauncherActivity
08-26 17:30:51.300  1099  1099 I Surface : Creating surface for consumer VRI[NexusLauncherActivity]#67(BLAST Consumer)67 with slotExpansion=1 for 64 slots
08-26 17:30:51.301  1099  1163 D QuickstepModelDelegate: notifyAppTargetEvent action=1 launchLocation=workspace/0/[-1,-1]/[1,1]
08-26 17:30:51.303  1099  1099 D SsBaseTemplateCard: Passed-in item info is null
08-26 17:30:51.303  1099  1099 D SsBaseTemplateCard: Passed-in item info is null
08-26 17:30:51.303  1099  1099 D SsBaseTemplateCard: Passed-in item info is null
08-26 17:30:51.303  1099  1099 D SsBaseTemplateCard: Passed-in item info is null
08-26 17:30:51.303  1099  1099 I SsBaseTemplateCard: Secondary card pane is null
08-26 17:30:51.303  1777  1991 I AiAiEcho: Predicting[0]:  [CONTEXT sampling_count=5 ]
08-26 17:30:51.303  1777  1991 I AiAiEcho: EchoTargets: 
08-26 17:30:51.303  1777  1991 I AiAiEcho: Filtered by AiAi flag check: 
08-26 17:30:51.303  1777  1991 I AiAiEcho: [CONTEXT ratelimit_period="10 SECONDS" ]
08-26 17:30:51.303  1777  1991 I AiAiEcho: #remoteViewsTwiddler: feature disabled.
08-26 17:30:51.304  1099  1099 D BaseDepthController: setSurface:
08-26 17:30:51.304  1099  1099 D BaseDepthController: 	mWaitingOnSurfaceValidity: false
08-26 17:30:51.304  1099  1099 D BaseDepthController: 	mBaseSurface: Surface(name=VRI-com.google.android.apps.nexuslauncher/com.google.android.apps.nexuslauncher.NexusLauncherActivity#1683)/@0xd13d287
08-26 17:30:51.304  1099  1099 V BaseDepthController: Applying blur: 0 to Surface(name=VRI-com.google.android.apps.nexuslauncher/com.google.android.apps.nexuslauncher.NexusLauncherActivity#1683)/@0xd13d287 applyImmediately: false
08-26 17:30:51.304  1099  1099 D BaseDepthController: shouldBlurWorkspace: false targetState: Normal currentStableState: Normal mCurrentBlur: 0 mLauncher.getDepthBlurTargets(): [com.android.launcher3.Workspace{6fff5b4 V.ED..... ......ID 0,0-1280,2856 #7f0a0498 app:id/workspace}, com.android.launcher3.Hotseat{510a5dd V.ED..... .......D 0,2289-1280,2856 #7f0a01f8 app:id/hotseat}]
08-26 17:30:51.306  1777  1991 I AiAiEcho: AmbientDataPredictorImpl No tracked ambient data found for ID: null; for event type: 6, skipping event processing.
08-26 17:30:51.307  1777  1991 I AiAiEcho: #postPredictionTargets: Sending updates to UISurface home with targets# 0 (types=[])
08-26 17:30:51.313   492   492 W skia    : AGTM parsing failed flags.readFromStream(s) at 159
08-26 17:30:51.313   492   492 W skia    : AGTM parsing failed flags.readFromStream(s) at 159
08-26 17:30:51.313   492   492 W skia    : AGTM parsing failed flags.readFromStream(s) at 159
08-26 17:30:51.313   492   492 W skia    : AGTM parsing failed flags.readFromStream(s) at 159
08-26 17:30:51.313   492   492 W skia    : AGTM parsing failed flags.readFromStream(s) at 159
08-26 17:30:51.315   961  1575 D WallpaperService: onVisibilityChanged(true): com.android.systemui.wallpapers.ImageWallpaper$CanvasEngine@a3bb2ef
08-26 17:30:51.346   492   492 W skia    : AGTM parsing failed flags.readFromStream(s) at 159
08-26 17:30:51.346   492   492 W skia    : AGTM parsing failed flags.readFromStream(s) at 159
08-26 17:30:51.346   492   492 W skia    : AGTM parsing failed flags.readFromStream(s) at 159
08-26 17:30:51.347   492   492 W skia    : AGTM parsing failed flags.readFromStream(s) at 159
08-26 17:30:51.347   492   492 W skia    : AGTM parsing failed flags.readFromStream(s) at 159
08-26 17:30:51.381   492   492 W skia    : AGTM parsing failed flags.readFromStream(s) at 159
08-26 17:30:51.381   492   492 W skia    : AGTM parsing failed flags.readFromStream(s) at 159
08-26 17:30:51.381   492   492 W skia    : AGTM parsing failed flags.readFromStream(s) at 159
08-26 17:30:51.381   492   492 W skia    : AGTM parsing failed flags.readFromStream(s) at 159
08-26 17:30:51.381   492   492 W skia    : AGTM parsing failed flags.readFromStream(s) at 159
08-26 17:30:51.381   492   492 W skia    : AGTM parsing failed flags.readFromStream(s) at 159
08-26 17:30:51.406   961  1009 V RecentTasksController: Notify recent tasks changed: 1
08-26 17:30:51.413   961  1009 V RecentTasksController: generateList(getRecentTasks)
08-26 17:30:51.414   961  1009 V RecentTasksController: initializeDesksMap - allDeskIds: []
08-26 17:30:51.414   961  1009 V RecentTasksController: Task 96 is not an active desktop task
08-26 17:30:51.414   961  1009 V RecentTasksController: Added fullscreen task: 96
08-26 17:30:51.414   961  1009 V RecentTasksController: generateList - complete
08-26 17:30:51.415  1099  1099 D SsBaseTemplateCard: Passed-in item info is null
08-26 17:30:51.415  1099  1099 D SsBaseTemplateCard: Passed-in item info is null
08-26 17:30:51.415  1099  1099 D SsBaseTemplateCard: Passed-in item info is null
08-26 17:30:51.415  1099  1099 D SsBaseTemplateCard: Passed-in item info is null
08-26 17:30:51.415  1099  1099 I SsBaseTemplateCard: Secondary card pane is null
08-26 17:30:51.416  1099  1161 D PreloadThumbnailUseCase: Preloading thumbnails for task ids: [[id=96 windowingMode=1 user=0 lastActiveTime=171667135 lastFocusedTime=171464374] null]
08-26 17:30:51.416   657  1224 V WindowManager: Continue transition id=149 for TaskFragmentTransaction=android.os.Binder@81be60b
08-26 17:30:51.417   492   492 W skia    : AGTM parsing failed flags.readFromStream(s) at 159
08-26 17:30:51.428   492   492 W skia    : AGTM parsing failed flags.readFromStream(s) at 159
08-26 17:30:51.428   492   492 W skia    : AGTM parsing failed flags.readFromStream(s) at 159
08-26 17:30:51.428   492   492 W skia    : AGTM parsing failed flags.readFromStream(s) at 159
08-26 17:30:51.428   492   492 W skia    : AGTM parsing failed flags.readFromStream(s) at 159
08-26 17:30:51.439  1099  1099 D RecentTasksList: invalidateLoadedTasks - previous requestLoadId: -1
08-26 17:30:51.442   657   681 V SharedSurfaceAnimation: Checking SharedSurface matching for: ComponentInfo{dev.quickapp.kit.android/dev.quickapp.kit.android.MainActivity}, user= 0
08-26 17:30:51.443   657   681 V SharedSurfaceAnimation:   No matching provider found.
08-26 17:30:51.464   961   974 V WindowManagerShell: onTransitionReady(transaction=2821793525235)
08-26 17:30:51.465   961  1009 V WindowManagerShell: onTransitionReady (#149) android.os.BinderProxy@607b3e4: {id=149 t=CLOSE f=0x0 trk=0 r=[0@Point(0, 0)] c=[
08-26 17:30:51.465   961  1009 V WindowManagerShell:         {m=CLOSE f=FLAG_CHANGED_INTERACTIVE leash=Surface(name=Task=96#1660)/@0xd840702 sb=Rect(0, 0 - 1280, 2856) eb=Rect(0, 0 - 1280, 2856) epz=Point(1280, 2856) d=0 taskParent=-1 winMode=1 userId=0},
08-26 17:30:51.465   961  1009 V WindowManagerShell:         {m=TO_FRONT f=SHOW_WALLPAPER|MOVE_TO_TOP|FLAG_CHANGED_INTERACTIVE leash=Surface(name=Task=1#35)/@0x8e5c813 sb=Rect(0, 0 - 1280, 2856) eb=Rect(0, 0 - 1280, 2856) epz=Point(1280, 2856) d=0 taskParent=-1 winMode=1 userId=0},
08-26 17:30:51.465   961  1009 V WindowManagerShell:         {m=TO_FRONT f=IS_WALLPAPER leash=Surface(name=WallpaperWindowToken{1d04423}#55)/@0xe7e2a50 sb=Rect(0, 0 - 1280, 2856) eb=Rect(0, 0 - 1280, 2856) epz=Point(1280, 2856) d=0}
08-26 17:30:51.465   961  1009 V WindowManagerShell:     ]}
08-26 17:30:51.465   961  1009 V WindowManagerShell: FocusTransitionObserver: Updating focus state for transition #149
08-26 17:30:51.465   961  1009 D WindowManagerShell: FocusTransitionObserver: Focus updated on displayId=0 to taskId=1
08-26 17:30:51.465   961  1009 V WindowManagerShell: FocusTransitionObserver: Notifying local listeners of task focus change: taskId=1, isFocusedOnDisplay=true, isFocusedGlobally=true
08-26 17:30:51.465   961  1009 V RecentTasksController: Notify recent tasks changed: 2
08-26 17:30:51.465   961  1009 V WindowManagerShell: FocusTransitionObserver: Notifying local listeners of task focus change: taskId=96, isFocusedOnDisplay=false, isFocusedGlobally=false
08-26 17:30:51.466   961  1009 V WindowManagerShell: Playing animation for (#149) android.os.BinderProxy@607b3e4@0
08-26 17:30:51.466   961  1009 D ShellSplitScreen: startAnimation: transition=149 isSplitActive=false
08-26 17:30:51.466   961  1009 V ShellRecents: RecentsTransitionHandler.startAnimation: no controller found
08-26 17:30:51.466   961  1009 V ShellDesktopMode: DesktopMixedTransitionHandler: No pending desktop transition
08-26 17:30:51.466   961  1009 V ShellDesktopMode: DesktopHomeScreenPeekTransitionHandler: startAnimation
08-26 17:30:51.466   961  1009 V WindowManagerShell: Transition doesn't have explicit remote, search filters for match for {id=149 t=CLOSE f=0x0 trk=0 r=[0@Point(0, 0)] c=[{m=CLOSE f=FLAG_CHANGED_INTERACTIVE leash=Surface(name=Task=96#1660)/@0xd840702 sb=Rect(0, 0 - 1280, 2856) eb=Rect(0, 0 - 1280, 2856) epz=Point(1280, 2856) d=0 taskParent=-1 winMode=1 userId=0},{m=TO_FRONT f=SHOW_WALLPAPER|MOVE_TO_TOP|FLAG_CHANGED_INTERACTIVE leash=Surface(name=Task=1#35)/@0x8e5c813 sb=Rect(0, 0 - 1280, 2856) eb=Rect(0, 0 - 1280, 2856) epz=Point(1280, 2856) d=0 taskParent=-1 winMode=1 userId=0},{m=TO_FRONT f=IS_WALLPAPER leash=Surface(name=WallpaperWindowToken{1d04423}#55)/@0xe7e2a50 sb=Rect(0, 0 - 1280, 2856) eb=Rect(0, 0 - 1280, 2856) epz=Point(1280, 2856) d=0}]}
08-26 17:30:51.466   961  1009 V WindowManagerShell:  Checking filter Pair{{types=[] flags=0x0 notFlags=0x0 checks=[{atype=undefined independent=true modes=[CLOSE,TO_BACK] flags=IN_TASK_WITH_EMBEDDED_ACTIVITY mustBeTask=false order=ANY topActivity=null launchCookie=null taskFragmentToken=android.os.BinderProxy@9442ef0 windowingMode=undefined isCrossDisplayMove=false}]} RemoteTransition { remoteTransition = android.window.IRemoteTransition$Stub$Proxy@5f54c69, appThread = android.app.IApplicationThread$Stub$Proxy@8efb6ee, debugName = overlayBackTransition, filter = {types=[] flags=0x0 notFlags=0x0 checks=[{atype=undefined independent=true modes=[CLOSE,TO_BACK] flags=IN_TASK_WITH_EMBEDDED_ACTIVITY mustBeTask=false order=ANY topActivity=null launchCookie=null taskFragmentToken=android.os.BinderProxy@9442ef0 windowingMode=undefined isCrossDisplayMove=false}]} }}
08-26 17:30:51.466   961  1009 V WindowManagerShell:  Checking filter Pair{{types=[] flags=0x0 notFlags=0x0 checks=[{atype=dream independent=true modes=[OPEN,TO_FRONT] flags=NONE mustBeTask=false order=ANY topActivity=null launchCookie=null windowingMode=undefined isCrossDisplayMove=false},{atype=home independent=true modes=[CLOSE,TO_BACK] flags=NONE mustBeTask=false order=ANY topActivity=null launchCookie=null windowingMode=undefined isCrossDisplayMove=false}]} RemoteTransition { remoteTransition = android.window.IRemoteTransition$Stub$Proxy@1e1978f, appThread = android.app.IApplicationThread$Stub$Proxy@d54a1c, debugName = LauncherToDream, filter = {types=[] flags=0x0 notFlags=0x0 checks=[{atype=dream independent=true modes=[OPEN,TO_FRONT] flags=NONE mustBeTask=false order=ANY topActivity=null launchCookie=null windowingMode=undefined isCrossDisplayMove=false},{atype=home independent=true modes=[CLOSE,TO_BACK] flags=NONE mustBeTask=false order=ANY topActivity=null launchCookie=null windowingMode=undefined isCrossDisplayMove=false}]} }}
08-26 17:30:51.466   961  1009 V WindowManagerShell:  Checking filter Pair{{types=[] flags=0x0 notFlags=0x0 checks=[{atype=standard independent=false modes=[CHANGE] flags=NONE mustBeTask=true order=ANY topActivity=null launchCookie=null windowingMode=undefined isCrossDisplayMove=true}]} RemoteTransition { remoteTransition = android.window.IRemoteTransition$Stub$Proxy@50d4625, appThread = android.app.IApplicationThread$Stub$Proxy@7a453fa, debugName = QuickstepDisplayMove, filter = {types=[] flags=0x0 notFlags=0x0 checks=[{atype=standard independent=false modes=[CHANGE] flags=NONE mustBeTask=true order=ANY topActivity=null launchCookie=null windowingMode=undefined isCrossDisplayMove=true}]} }}
08-26 17:30:51.466   961  1009 V WindowManagerShell:  Checking filter Pair{{types=[] flags=0x0 notFlags=0x100 checks=[{atype=home independent=true modes=[OPEN,TO_FRONT] flags=NONE mustBeTask=false order=ANY topActivity=ComponentInfo{com.google.android.apps.nexuslauncher/com.google.android.apps.nexuslauncher.NexusLauncherActivity} launchCookie=null windowingMode=undefined isCrossDisplayMove=false},{atype=standard independent=true modes=[CLOSE,TO_BACK] flags=NONE mustBeTask=false order=ANY topActivity=null launchCookie=null windowingMode=undefined isCrossDisplayMove=false},{NOT atype=undefined independent=true modes=[] flags=NONE mustBeTask=true order=ANY topActivity=null launchCookie=null customAnim=true windowingMode=undefined isCrossDisplayMove=false}]} RemoteTransition { remoteTransition = android.window.IRemoteTransition$Stub$Proxy@fea1dab, appThread = android.app.IApplicationThread$Stub$Proxy@8faec08, debugName = QuickstepLaunchHome, filter = {types=[] flags=0x0 notFlags=0x100 checks=[{atype=home independent=true modes=[OPEN,TO_FRONT] flags=NONE mustBeTask=false order=ANY topActivity=ComponentInfo{com.google.android.apps.nexuslauncher/com.google.android.apps.nexuslauncher.NexusLauncherActivity} launchCookie=null windowingMode=undefined isCrossDisplayMove=false},{atype=standard independent=true modes=[CLOSE,TO_BACK] flags=NONE mustBeTask=false order=ANY topActivity=null launchCookie=null windowingMode=undefined isCrossDisplayMove=false},{NOT atype=undefined independent=true modes=[] flags=NONE mustBeTask=true order=ANY topActivity=null launchCookie=null customAnim=true windowingMode=undefined isCrossDisplayMove=false}]} }}
08-26 17:30:51.467   961  1009 D RemoteTransitionHandler: Found filterPair{{types=[] flags=0x0 notFlags=0x100 checks=[{atype=home independent=true modes=[OPEN,TO_FRONT] flags=NONE mustBeTask=false order=ANY topActivity=ComponentInfo{com.google.android.apps.nexuslauncher/com.google.android.apps.nexuslauncher.NexusLauncherActivity} launchCookie=null windowingMode=undefined isCrossDisplayMove=false},{atype=standard independent=true modes=[CLOSE,TO_BACK] flags=NONE mustBeTask=false order=ANY topActivity=null launchCookie=null windowingMode=undefined isCrossDisplayMove=false},{NOT atype=undefined independent=true modes=[] flags=NONE mustBeTask=true order=ANY topActivity=null launchCookie=null customAnim=true windowingMode=undefined isCrossDisplayMove=false}]} RemoteTransition { remoteTransition = android.window.IRemoteTransition$Stub$Proxy@fea1dab, appThread = android.app.IApplicationThread$Stub$Proxy@8faec08, debugName = QuickstepLaunchHome, filter = {types=[] flags=0x0 notFlags=0x100 checks=[{atype=home independent=true modes=[OPEN,TO_FRONT] flags=NONE mustBeTask=false order=ANY topActivity=ComponentInfo{com.google.android.apps.nexuslauncher/com.google.android.apps.nexuslauncher.NexusLauncherActivity} launchCookie=null windowingMode=undefined isCrossDisplayMove=false},{atype=standard independent=true modes=[CLOSE,TO_BACK] flags=NONE mustBeTask=false order=ANY topActivity=null launchCookie=null windowingMode=undefined isCrossDisplayMove=false},{NOT atype=undefined independent=true modes=[] flags=NONE mustBeTask=true order=ANY topActivity=null launchCookie=null customAnim=true windowingMode=undefined isCrossDisplayMove=false}]} }}
08-26 17:30:51.467   961  1009 V WindowManagerShell:  Delegate animation for (#149) to RemoteTransition { remoteTransition = android.window.IRemoteTransition$Stub$Proxy@fea1dab, appThread = android.app.IApplicationThread$Stub$Proxy@8faec08, debugName = QuickstepLaunchHome, filter = {types=[] flags=0x0 notFlags=0x100 checks=[{atype=home independent=true modes=[OPEN,TO_FRONT] flags=NONE mustBeTask=false order=ANY topActivity=ComponentInfo{com.google.android.apps.nexuslauncher/com.google.android.apps.nexuslauncher.NexusLauncherActivity} launchCookie=null windowingMode=undefined isCrossDisplayMove=false},{atype=standard independent=true modes=[CLOSE,TO_BACK] flags=NONE mustBeTask=false order=ANY topActivity=null launchCookie=null windowingMode=undefined isCrossDisplayMove=false},{NOT atype=undefined independent=true modes=[] flags=NONE mustBeTask=true order=ANY topActivity=null launchCookie=null customAnim=true windowingMode=undefined isCrossDisplayMove=false}]} }
08-26 17:30:51.471  1099  1099 D RecentTasksList: invalidateLoadedTasks - previous requestLoadId: -1
08-26 17:30:51.472  1099  1099 D LauncherStateManager: StateManager.cancelAnimation: animation ongoing: false, partial trace:
08-26 17:30:51.472  1099  1099 D LauncherStateManager: 	at com.android.quickstep.util.ScalingWorkspaceRevealAnim.<init>(go/retraceme 64ad04f494114c4e1bfc071cc6fb1f37a0439afc37d567b0460a01861ea99cae:39)
08-26 17:30:51.472  1099  1099 D LauncherStateManager: 	at com.android.launcher3.QuickstepTransitionManager$2.onHomeVisibilityChanged(go/retraceme 64ad04f494114c4e1bfc071cc6fb1f37a0439afc37d567b0460a01861ea99cae:42)
08-26 17:30:51.472  1099  1099 D LauncherStateManager: 	at com.android.quickstep.HomeVisibilityState$init$1$onHomeVisibilityChanged$1.run(go/retraceme 64ad04f494114c4e1bfc071cc6fb1f37a0439afc37d567b0460a01861ea99cae:61)
08-26 17:30:51.472  1099  1099 D LauncherStateManager: StateManager.createAtomicAnimation: fromState: Normal, toState: Normal, partial trace:
08-26 17:30:51.472  1099  1099 D LauncherStateManager: 	at com.android.quickstep.util.ScalingWorkspaceRevealAnim.<init>(go/retraceme 64ad04f494114c4e1bfc071cc6fb1f37a0439afc37d567b0460a01861ea99cae:69)
08-26 17:30:51.472  1099  1099 D LauncherStateManager: 	at com.android.launcher3.QuickstepTransitionManager$2.onHomeVisibilityChanged(go/retraceme 64ad04f494114c4e1bfc071cc6fb1f37a0439afc37d567b0460a01861ea99cae:42)
08-26 17:30:51.472  1099  1099 D LauncherStateManager: 	at com.android.quickstep.HomeVisibilityState$init$1$onHomeVisibilityChanged$1.run(go/retraceme 64ad04f494114c4e1bfc071cc6fb1f37a0439afc37d567b0460a01861ea99cae:61)
08-26 17:30:51.472  1099  1099 D AllAppsTransitionController: shouldProtectHeader: false skipScrim: true state: Normal stateManager.getState(): Normal
08-26 17:30:51.472  1099  1099 D KeyboardInsetsHandler: removePendingImeController: pendingImeController=null
08-26 17:30:51.472  1099  1099 V BaseDepthController: Applying blur: 0 to Surface(name=VRI-com.google.android.apps.nexuslauncher/com.google.android.apps.nexuslauncher.NexusLauncherActivity#1683)/@0xd13d287 applyImmediately: false
08-26 17:30:51.472  1099  1099 D BaseDepthController: shouldBlurWorkspace: false targetState: Normal currentStableState: Normal mCurrentBlur: 0 mLauncher.getDepthBlurTargets(): [com.android.launcher3.Workspace{6fff5b4 V.ED..... ......ID 0,0-1280,2856 #7f0a0498 app:id/workspace}, com.android.launcher3.Hotseat{510a5dd V.ED..... ........ 0,2289-1280,2856 #7f0a01f8 app:id/hotseat}]
08-26 17:30:51.472  1099  1099 V BaseDepthController: Applying blur: 0 to Surface(name=VRI-com.google.android.apps.nexuslauncher/com.google.android.apps.nexuslauncher.NexusLauncherActivity#1683)/@0xd13d287 applyImmediately: false
08-26 17:30:51.472  1099  1099 D BaseDepthController: shouldBlurWorkspace: false targetState: Normal currentStableState: Normal mCurrentBlur: 0 mLauncher.getDepthBlurTargets(): [com.android.launcher3.Workspace{6fff5b4 V.ED..... ......ID 0,0-1280,2856 #7f0a0498 app:id/workspace}, com.android.launcher3.Hotseat{510a5dd V.ED..... ........ 0,2289-1280,2856 #7f0a01f8 app:id/hotseat}]
08-26 17:30:51.473  1099  1099 D LauncherStateManager: StateManager.cancelAnimation: animation ongoing: false, partial trace:
08-26 17:30:51.473  1099  1099 D LauncherStateManager: 	at com.android.launcher3.statemanager.StateManager.setCurrentAnimation(go/retraceme 64ad04f494114c4e1bfc071cc6fb1f37a0439afc37d567b0460a01861ea99cae:80)
08-26 17:30:51.473  1099  1099 D LauncherStateManager: 	at com.android.quickstep.util.ScalingWorkspaceRevealAnim.start(go/retraceme 64ad04f494114c4e1bfc071cc6fb1f37a0439afc37d567b0460a01861ea99cae:10)
08-26 17:30:51.473  1099  1099 D LauncherStateManager: 	at com.android.launcher3.QuickstepTransitionManager$2.onHomeVisibilityChanged(go/retraceme 64ad04f494114c4e1bfc071cc6fb1f37a0439afc37d567b0460a01861ea99cae:61)
08-26 17:30:51.473  1099  1099 D LauncherStateManager: StateManager.cancelAnimation: animation ongoing: false, partial trace:
08-26 17:30:51.473  1099  1099 D LauncherStateManager: 	at com.android.launcher3.statemanager.StateManager.setCurrentAnimation(go/retraceme 64ad04f494114c4e1bfc071cc6fb1f37a0439afc37d567b0460a01861ea99cae:59)
08-26 17:30:51.473  1099  1099 D LauncherStateManager: 	at com.android.launcher3.statemanager.StateManager.setCurrentAnimation(go/retraceme 64ad04f494114c4e1bfc071cc6fb1f37a0439afc37d567b0460a01861ea99cae:81)
08-26 17:30:51.473  1099  1099 D LauncherStateManager: 	at com.android.quickstep.util.ScalingWorkspaceRevealAnim.start(go/retraceme 64ad04f494114c4e1bfc071cc6fb1f37a0439afc37d567b0460a01861ea99cae:10)
08-26 17:30:51.473  1099  1099 D BaseActivity: Launcher flags updated: [state_started|state_resumed|state_deferred_resumed|state_user_active|state_transition_active] +[state_transition_active]
08-26 17:30:51.473  1099  1099 D LauncherStateManager: StateManager.onStateTransitionStart: state: Normal
08-26 17:30:51.473  1099  1099 D ConnectorProvider: Connector disabled by gantry flag.
08-26 17:30:51.477   492   492 W skia    : AGTM parsing failed flags.readFromStream(s) at 159
08-26 17:30:51.477   492   492 W skia    : AGTM parsing failed flags.readFromStream(s) at 159
08-26 17:30:51.477   492   492 W skia    : AGTM parsing failed flags.readFromStream(s) at 159
08-26 17:30:51.477   492   492 W skia    : AGTM parsing failed flags.readFromStream(s) at 159
08-26 17:30:51.477   492   492 W skia    : AGTM parsing failed flags.readFromStream(s) at 159
08-26 17:30:51.505  1099  1099 V BaseDepthController: Applying blur: 0 to Surface(name=VRI-com.google.android.apps.nexuslauncher/com.google.android.apps.nexuslauncher.NexusLauncherActivity#1683)/@0xd13d287 applyImmediately: false
08-26 17:30:51.505  1099  1099 D BaseDepthController: shouldBlurWorkspace: false targetState: Normal currentStableState: Normal mCurrentBlur: 0 mLauncher.getDepthBlurTargets(): [com.android.launcher3.Workspace{6fff5b4 V.ED..... ........ 0,0-1280,2856 #7f0a0498 app:id/workspace}, com.android.launcher3.Hotseat{510a5dd V.ED..... ........ 0,2289-1280,2856 #7f0a01f8 app:id/hotseat}]
08-26 17:30:51.522   492   492 W skia    : AGTM parsing failed flags.readFromStream(s) at 159
08-26 17:30:51.522   492   492 W skia    : AGTM parsing failed flags.readFromStream(s) at 159
08-26 17:30:51.522   492   492 W skia    : AGTM parsing failed flags.readFromStream(s) at 159
08-26 17:30:51.522   492   492 W skia    : AGTM parsing failed flags.readFromStream(s) at 159
08-26 17:30:51.522   492   492 W skia    : AGTM parsing failed flags.readFromStream(s) at 159
08-26 17:30:51.522   492   492 W skia    : AGTM parsing failed flags.readFromStream(s) at 159
08-26 17:30:51.522   492   492 W skia    : AGTM parsing failed flags.readFromStream(s) at 159
08-26 17:30:51.522   492   492 W skia    : AGTM parsing failed flags.readFromStream(s) at 159
08-26 17:30:51.522   492   492 W skia    : AGTM parsing failed flags.readFromStream(s) at 159
08-26 17:30:51.522   492   492 W skia    : AGTM parsing failed flags.readFromStream(s) at 159
08-26 17:30:51.522   492   492 W skia    : AGTM parsing failed flags.readFromStream(s) at 159
08-26 17:30:51.522   492   492 W skia    : AGTM parsing failed flags.readFromStream(s) at 159
08-26 17:30:51.522   492   492 W skia    : AGTM parsing failed flags.readFromStream(s) at 159
08-26 17:30:51.522   492   492 W skia    : AGTM parsing failed flags.readFromStream(s) at 159
08-26 17:30:51.522   492   492 W skia    : AGTM parsing failed flags.readFromStream(s) at 159
08-26 17:30:51.522   492   492 W skia    : AGTM parsing failed flags.readFromStream(s) at 159
08-26 17:30:51.522   492   492 W skia    : AGTM parsing failed flags.readFromStream(s) at 159
08-26 17:30:51.522   492   492 W skia    : AGTM parsing failed flags.readFromStream(s) at 159
08-26 17:30:51.522   492   492 W skia    : AGTM parsing failed flags.readFromStream(s) at 159
08-26 17:30:51.522   492   492 W skia    : AGTM parsing failed flags.readFromStream(s) at 159
08-26 17:30:51.522   492   492 W skia    : AGTM parsing failed flags.readFromStream(s) at 159
08-26 17:30:51.522   492   492 W skia    : AGTM parsing failed flags.readFromStream(s) at 159
08-26 17:30:51.522   492   492 W skia    : AGTM parsing failed flags.readFromStream(s) at 159
08-26 17:30:51.522   492   492 W skia    : AGTM parsing failed flags.readFromStream(s) at 159
08-26 17:30:51.522   492   492 W skia    : AGTM parsing failed flags.readFromStream(s) at 159
08-26 17:30:51.522   492   492 W skia    : AGTM parsing failed flags.readFromStream(s) at 159
08-26 17:30:51.522   492   492 W skia    : AGTM parsing failed flags.readFromStream(s) at 159
08-26 17:30:51.522   492   492 W skia    : AGTM parsing failed flags.readFromStream(s) at 159
08-26 17:30:51.522   492   492 W skia    : AGTM parsing failed flags.readFromStream(s) at 159
08-26 17:30:51.584   492   492 W skia    : AGTM parsing failed flags.readFromStream(s) at 159
08-26 17:30:51.584   492   492 W skia    : AGTM parsing failed flags.readFromStream(s) at 159
08-26 17:30:51.586   492   534 W skia    : AGTM parsing failed flags.readFromStream(s) at 159
08-26 17:30:51.586  1099  1099 D LauncherStateManager: StateManager.cancelAnimation: animation ongoing: true, partial trace:
08-26 17:30:51.586  1099  1099 D LauncherStateManager: 	at com.android.launcher3.statemanager.StateManager.reapplyState(go/retraceme 64ad04f494114c4e1bfc071cc6fb1f37a0439afc37d567b0460a01861ea99cae:39)
08-26 17:30:51.586  1099  1099 D LauncherStateManager: 	at com.android.launcher3.QuickstepTransitionManager.createWallpaperOpenAnimations(go/retraceme 64ad04f494114c4e1bfc071cc6fb1f37a0439afc37d567b0460a01861ea99cae:168)
08-26 17:30:51.586  1099  1099 D LauncherStateManager: 	at com.android.launcher3.QuickstepTransitionManager$WallpaperOpenLauncherAnimationRunner.onAnimationStart(go/retraceme 64ad04f494114c4e1bfc071cc6fb1f37a0439afc37d567b0460a01861ea99cae:135)
08-26 17:30:51.586  1099  1099 D ScalingWorkspaceRevealAnim: onAnimationCancel
08-26 17:30:51.586  1099  1099 D ScalingWorkspaceRevealAnim: onAnimationEnd, workspace and hotseat are visible
08-26 17:30:51.587  1099  1099 V BaseDepthController: Applying blur: 90 to Surface(name=VRI-com.google.android.apps.nexuslauncher/com.google.android.apps.nexuslauncher.NexusLauncherActivity#1683)/@0xd13d287 applyImmediately: false
08-26 17:30:51.587  1099  1099 D BaseDepthController: shouldBlurWorkspace: false targetState: Normal currentStableState: Normal mCurrentBlur: 90 mLauncher.getDepthBlurTargets(): [com.android.launcher3.Workspace{6fff5b4 V.ED..... ......ID 0,0-1280,2856 #7f0a0498 app:id/workspace}, com.android.launcher3.Hotseat{510a5dd V.ED..... ......ID 0,2289-1280,2856 #7f0a01f8 app:id/hotseat}]
08-26 17:30:51.587  1099  1099 D AllAppsTransitionController: shouldProtectHeader: false skipScrim: false state: Normal stateManager.getState(): Normal
08-26 17:30:51.587  1099  1099 V BaseDepthController: Applying blur: 0 to Surface(name=VRI-com.google.android.apps.nexuslauncher/com.google.android.apps.nexuslauncher.NexusLauncherActivity#1683)/@0xd13d287 applyImmediately: false
08-26 17:30:51.587  1099  1099 D BaseDepthController: shouldBlurWorkspace: false targetState: Normal currentStableState: Normal mCurrentBlur: 0 mLauncher.getDepthBlurTargets(): [com.android.launcher3.Workspace{6fff5b4 V.ED..... ......ID 0,0-1280,2856 #7f0a0498 app:id/workspace}, com.android.launcher3.Hotseat{510a5dd V.ED..... ......ID 0,2289-1280,2856 #7f0a01f8 app:id/hotseat}]
08-26 17:30:51.592  1099  1099 D KeyboardInsetsHandler: setState, toState:Normal StateManager(mLastStableState:Normal, mCurrentStableState:Normal, mState:Normal, mRestState:null, isInTransition:false)
08-26 17:30:51.592  1099  1099 D KeyboardInsetsHandler: removePendingImeController: pendingImeController=null
08-26 17:30:51.592  1099  1099 D KeyboardStateManager: hideKeyboard
08-26 17:30:51.592  1099  1099 D KeyboardStateManager: isImeShown: false
08-26 17:30:51.592  1099  1099 D BaseActivity: Launcher flags updated: [state_started|state_resumed|state_deferred_resumed|state_user_active] -[state_transition_active]
08-26 17:30:51.592  1099  1099 D LauncherStateManager: StateManager.onStateTransitionEnd: state: Normal
08-26 17:30:51.592  1099  1099 D RecentsView: reset - mEnableDrawingLiveTile: false, mRecentsAnimationController: null
08-26 17:30:51.592  1099  1099 D ActivityAllAppsContainerView: rebindAdapters: force: false
08-26 17:30:51.592  1099  1099 D ActivityAllAppsContainerView: rebindAdapters: Not needed.
08-26 17:30:51.592  1099  1099 D ConnectorProvider: Connector disabled by gantry flag.
08-26 17:30:51.592  1099  1099 D ConnectorProvider: Connector disabled by gantry flag.
08-26 17:30:51.593  1099  1099 D LauncherStateManager: StateManager.cancelAnimation: animation ongoing: false, partial trace:
08-26 17:30:51.593  1099  1099 D LauncherStateManager: 	at com.android.launcher3.statemanager.StateManager.reapplyState(go/retraceme 64ad04f494114c4e1bfc071cc6fb1f37a0439afc37d567b0460a01861ea99cae:39)
08-26 17:30:51.593  1099  1099 D LauncherStateManager: 	at com.android.quickstep.util.ScalingWorkspaceRevealAnim.<init>(go/retraceme 64ad04f494114c4e1bfc071cc6fb1f37a0439afc37d567b0460a01861ea99cae:43)
08-26 17:30:51.593  1099  1099 D LauncherStateManager: 	at com.android.launcher3.QuickstepTransitionManager.createWallpaperOpenAnimations(go/retraceme 64ad04f494114c4e1bfc071cc6fb1f37a0439afc37d567b0460a01861ea99cae:624)
08-26 17:30:51.593  1099  1099 D AllAppsTransitionController: shouldProtectHeader: false skipScrim: false state: Normal stateManager.getState(): Normal
08-26 17:30:51.593  1099  1099 D KeyboardInsetsHandler: setState, toState:Normal StateManager(mLastStableState:Normal, mCurrentStableState:Normal, mState:Normal, mRestState:null, isInTransition:false)
08-26 17:30:51.593  1099  1099 D KeyboardInsetsHandler: removePendingImeController: pendingImeController=null
08-26 17:30:51.593  1099  1099 D KeyboardStateManager: hideKeyboard
08-26 17:30:51.593  1099  1099 D KeyboardStateManager: isImeShown: false
08-26 17:30:51.593  1099  1099 D LauncherStateManager: StateManager.createAtomicAnimation: fromState: Normal, toState: Normal, partial trace:
08-26 17:30:51.593  1099  1099 D LauncherStateManager: 	at com.android.quickstep.util.ScalingWorkspaceRevealAnim.<init>(go/retraceme 64ad04f494114c4e1bfc071cc6fb1f37a0439afc37d567b0460a01861ea99cae:69)
08-26 17:30:51.593  1099  1099 D LauncherStateManager: 	at com.android.launcher3.QuickstepTransitionManager.createWallpaperOpenAnimations(go/retraceme 64ad04f494114c4e1bfc071cc6fb1f37a0439afc37d567b0460a01861ea99cae:624)
08-26 17:30:51.593  1099  1099 D LauncherStateManager: 	at com.android.launcher3.QuickstepTransitionManager$WallpaperOpenLauncherAnimationRunner.onAnimationStart(go/retraceme 64ad04f494114c4e1bfc071cc6fb1f37a0439afc37d567b0460a01861ea99cae:135)
08-26 17:30:51.593  1099  1099 D AllAppsTransitionController: shouldProtectHeader: false skipScrim: true state: Normal stateManager.getState(): Normal
08-26 17:30:51.593  1099  1099 D KeyboardInsetsHandler: removePendingImeController: pendingImeController=null
08-26 17:30:51.593  1099  1099 V BaseDepthController: Applying blur: 0 to Surface(name=VRI-com.google.android.apps.nexuslauncher/com.google.android.apps.nexuslauncher.NexusLauncherActivity#1683)/@0xd13d287 applyImmediately: false
08-26 17:30:51.593  1099  1099 D BaseDepthController: shouldBlurWorkspace: false targetState: Normal currentStableState: Normal mCurrentBlur: 0 mLauncher.getDepthBlurTargets(): [com.android.launcher3.Workspace{6fff5b4 V.ED..... ......ID 0,0-1280,2856 #7f0a0498 app:id/workspace}, com.android.launcher3.Hotseat{510a5dd V.ED..... ......ID 0,2289-1280,2856 #7f0a01f8 app:id/hotseat}]
08-26 17:30:51.593  1099  1099 V BaseDepthController: Applying blur: 0 to Surface(name=VRI-com.google.android.apps.nexuslauncher/com.google.android.apps.nexuslauncher.NexusLauncherActivity#1683)/@0xd13d287 applyImmediately: false
08-26 17:30:51.593  1099  1099 D BaseDepthController: shouldBlurWorkspace: false targetState: Normal currentStableState: Normal mCurrentBlur: 0 mLauncher.getDepthBlurTargets(): [com.android.launcher3.Workspace{6fff5b4 V.ED..... ......ID 0,0-1280,2856 #7f0a0498 app:id/workspace}, com.android.launcher3.Hotseat{510a5dd V.ED..... ......ID 0,2289-1280,2856 #7f0a01f8 app:id/hotseat}]
08-26 17:30:51.593  1099  1099 D LauncherStateManager: StateManager.cancelAnimation: animation ongoing: false, partial trace:
08-26 17:30:51.593  1099  1099 D LauncherStateManager: 	at com.android.launcher3.statemanager.StateManager.setCurrentAnimation(go/retraceme 64ad04f494114c4e1bfc071cc6fb1f37a0439afc37d567b0460a01861ea99cae:59)
08-26 17:30:51.593  1099  1099 D LauncherStateManager: 	at com.android.launcher3.QuickstepTransitionManager.createWallpaperOpenAnimations(go/retraceme 64ad04f494114c4e1bfc071cc6fb1f37a0439afc37d567b0460a01861ea99cae:757)
08-26 17:30:51.593  1099  1099 D LauncherStateManager: 	at com.android.launcher3.QuickstepTransitionManager$WallpaperOpenLauncherAnimationRunner.onAnimationStart(go/retraceme 64ad04f494114c4e1bfc071cc6fb1f37a0439afc37d567b0460a01861ea99cae:135)
08-26 17:30:51.593  1099  1099 D b/311077782: LauncherAnimationRunner.setAnimation
08-26 17:30:51.593  1099  1099 V BaseDepthController: Applying blur: 0 to Surface(name=VRI-com.google.android.apps.nexuslauncher/com.google.android.apps.nexuslauncher.NexusLauncherActivity#1683)/@0xd13d287 applyImmediately: false
08-26 17:30:51.593  1099  1099 D BaseDepthController: shouldBlurWorkspace: false targetState: Normal currentStableState: Normal mCurrentBlur: 0 mLauncher.getDepthBlurTargets(): [com.android.launcher3.Workspace{6fff5b4 V.ED..... ......ID 0,0-1280,2856 #7f0a0498 app:id/workspace}, com.android.launcher3.Hotseat{510a5dd V.ED..... ......ID 0,2289-1280,2856 #7f0a01f8 app:id/hotseat}]
08-26 17:30:51.593  1099  1099 V BaseDepthController: Applying blur: 0 to Surface(name=VRI-com.google.android.apps.nexuslauncher/com.google.android.apps.nexuslauncher.NexusLauncherActivity#1683)/@0xd13d287 applyImmediately: false
08-26 17:30:51.593  1099  1099 D BaseDepthController: shouldBlurWorkspace: false targetState: Normal currentStableState: Normal mCurrentBlur: 0 mLauncher.getDepthBlurTargets(): [com.android.launcher3.Workspace{6fff5b4 V.ED..... ......ID 0,0-1280,2856 #7f0a0498 app:id/workspace}, com.android.launcher3.Hotseat{510a5dd V.ED..... ......ID 0,2289-1280,2856 #7f0a01f8 app:id/hotseat}]
08-26 17:30:51.594  1099  1099 V BaseDepthController: Applying blur: 0 to Surface(name=VRI-com.google.android.apps.nexuslauncher/com.google.android.apps.nexuslauncher.NexusLauncherActivity#1683)/@0xd13d287 applyImmediately: false
08-26 17:30:51.594  1099  1099 D BaseDepthController: shouldBlurWorkspace: false targetState: Normal currentStableState: Normal mCurrentBlur: 0 mLauncher.getDepthBlurTargets(): [com.android.launcher3.Workspace{6fff5b4 V.ED..... ......ID 0,0-1280,2856 #7f0a0498 app:id/workspace}, com.android.launcher3.Hotseat{510a5dd V.ED..... ......ID 0,2289-1280,2856 #7f0a01f8 app:id/hotseat}]
08-26 17:30:51.594  1099  1099 V BaseDepthController: Applying blur: 0 to Surface(name=VRI-com.google.android.apps.nexuslauncher/com.google.android.apps.nexuslauncher.NexusLauncherActivity#1683)/@0xd13d287 applyImmediately: false
08-26 17:30:51.594  1099  1099 D BaseDepthController: shouldBlurWorkspace: false targetState: Normal currentStableState: Normal mCurrentBlur: 0 mLauncher.getDepthBlurTargets(): [com.android.launcher3.Workspace{6fff5b4 V.ED..... ......ID 0,0-1280,2856 #7f0a0498 app:id/workspace}, com.android.launcher3.Hotseat{510a5dd V.ED..... ......ID 0,2289-1280,2856 #7f0a01f8 app:id/hotseat}]
08-26 17:30:51.594  1099  1099 V BaseDepthController: Applying blur: 0 to Surface(name=VRI-com.google.android.apps.nexuslauncher/com.google.android.apps.nexuslauncher.NexusLauncherActivity#1683)/@0xd13d287 applyImmediately: false
08-26 17:30:51.594  1099  1099 D BaseDepthController: shouldBlurWorkspace: false targetState: Normal currentStableState: Normal mCurrentBlur: 0 mLauncher.getDepthBlurTargets(): [com.android.launcher3.Workspace{6fff5b4 V.ED..... ......ID 0,0-1280,2856 #7f0a0498 app:id/workspace}, com.android.launcher3.Hotseat{510a5dd V.ED..... ......ID 0,2289-1280,2856 #7f0a01f8 app:id/hotseat}]
08-26 17:30:51.606  1099  1099 V BaseDepthController: Applying blur: 0 to Surface(name=VRI-com.google.android.apps.nexuslauncher/com.google.android.apps.nexuslauncher.NexusLauncherActivity#1683)/@0xd13d287 applyImmediately: false
08-26 17:30:51.606  1099  1099 D BaseDepthController: shouldBlurWorkspace: false targetState: Normal currentStableState: Normal mCurrentBlur: 0 mLauncher.getDepthBlurTargets(): [com.android.launcher3.Workspace{6fff5b4 V.ED..... ......ID 0,0-1280,2856 #7f0a0498 app:id/workspace}, com.android.launcher3.Hotseat{510a5dd V.ED..... ......ID 0,2289-1280,2856 #7f0a01f8 app:id/hotseat}]
08-26 17:30:51.633   492   534 W skia    : AGTM parsing failed flags.readFromStream(s) at 159
08-26 17:30:51.637   657   677 V WindowManager: Sent Transition (#149) createdAt=08-26 17:30:51.275 via request=TransitionRequestInfo { type = CLOSE, triggerTask = TaskInfo{userId=0 taskId=96 effectiveUid=10231 seqId=0 displayId=0 isRunning=false baseIntent=Intent { flg=0x10000000 cmp=dev.quickapp.kit.android/.MainActivity } baseActivity=null topActivity=null origActivity=null realActivity=ComponentInfo{dev.quickapp.kit.android/dev.quickapp.kit.android.MainActivity} realActivityIsAppLockEnabled=false numActivities=0 lastActiveTime=171464877 supportsMultiWindow=true supportsMultiWindowWithoutConstraints=true resizeMode=1 isResizeable=true minWidth=-1 minHeight=-1 defaultMinSize=220 token=WCT{RemoteToken{4a1d558 Task{b4ed23f #96 type=standard A=10231:dev.quickapp.kit.android}}} topActivityType=1 pictureInPictureParams=null shouldDockBigOverlays=false launchIntoPipHostTaskId=-1 lastParentTaskIdBeforePip=-1 displayCutoutSafeInsets=Rect(0, 0 - 0, 0) topActivityInfo=null launchCookies=[] positionInParent=Point(0, 0) parentTaskId=-1 isFocused=true isInteractive=true isVisible=true isVisibleRequested=true isTopActivityNoDisplay=false isSleeping=false locusId=null displayAreaFeatureId=1 isTopActivityTransparent=false isActivityStackTransparent=true lastNonFullscreenBounds=null leafTaskBoundsFromOptions= false capturedLink=null capturedLinkTimestamp=0 requestedVisibleTypes=503 topActivityRequestOpenInBrowserEducationTimestamp=0 appCompatTaskInfo=AppCompatTaskInfo { topActivityInSizeCompat=false isLeafTask= true eligibleForLetterboxEducation= false isLetterboxEducationEnabled= false isLetterboxDoubleTapEnabled= false eligibleForUserAspectRatioButton= false topActivityBoundsLetterboxed= false isFromLetterboxDoubleTap= false topActivityLetterboxVerticalPosition= -1 topActivityLetterboxHorizontalPosition= -1 topActivityLetterboxWidth=-1 topActivityLetterboxHeight=-1 topActivityAppBounds=Rect(0, 0 - 0, 0) isUserFullscreenOverrideEnabled=false isSystemFullscreenOverrideEnabled=false hasMinAspectRatioOverride=false topActivityLetterboxBounds=null topNonResizableActivityAspectRatio=-1.0} topActivityMainWindowFrame=null isAppBubble=false}, pipChange = null, remoteTransitionInfo = null, displayChanges = null, requestedLocation = null, userChange = null, windowingLayerChange = null, fullscreenRequestChange = null, flags = 0, debugId = 149 }
08-26 17:30:51.638   657   677 V WindowManager:     startWCT=WindowContainerTransaction { changes= {} hops= [] flags= 0 errorCallbackToken=null taskFragmentOrganizer=null }
08-26 17:30:51.638  1099  1099 D OverviewActionsView: updateForGroupedTask() called with: isGroupedTask = [false]
08-26 17:30:51.638   657   677 V WindowManager:     info={id=149 t=CLOSE f=0x0 trk=0 r=[0@Point(0, 0)] c=[
08-26 17:30:51.638   657   677 V WindowManager:         {WCT{RemoteToken{4a1d558 Task{b4ed23f #96 type=standard A=10231:dev.quickapp.kit.android}}} m=CLOSE f=FLAG_CHANGED_INTERACTIVE leash=Surface(name=Task=96#1660)/@0x50c5ebe sb=Rect(0, 0 - 1280, 2856) eb=Rect(0, 0 - 1280, 2856) epz=Point(1280, 2856) d=0 taskParent=-1 winMode=1 userId=0},
08-26 17:30:51.638   657   677 V WindowManager:         {WCT{RemoteToken{9ab9cb Task{7d5ebf #1 type=home}}} m=TO_FRONT f=SHOW_WALLPAPER|MOVE_TO_TOP|FLAG_CHANGED_INTERACTIVE leash=Surface(name=Task=1#35)/@0x7cd23db sb=Rect(0, 0 - 1280, 2856) eb=Rect(0, 0 - 1280, 2856) epz=Point(1280, 2856) d=0 taskParent=-1 winMode=1 userId=0},
08-26 17:30:51.638   657   677 V WindowManager:         {m=TO_FRONT f=IS_WALLPAPER leash=Surface(name=WallpaperWindowToken{1d04423}#55)/@0xfa5f86 sb=Rect(0, 0 - 1280, 2856) eb=Rect(0, 0 - 1280, 2856) epz=Point(1280, 2856) d=0}
08-26 17:30:51.638   657   677 V WindowManager:     ]}
08-26 17:30:51.638  1099  1099 D OverviewActionsView: updateActionButtonsVisibility() called: showActions = [true]
08-26 17:30:51.645  1099  1099 D BaseActivity: Launcher flags updated: [state_started|state_resumed|state_deferred_resumed|state_window_focused|state_user_active] +[state_window_focused]
08-26 17:30:51.646  1099  1099 D ExtendedEditText: onWindowFocusChanged: hasWindowFocus=true
08-26 17:30:51.647   492   492 W skia    : AGTM parsing failed flags.readFromStream(s) at 159
08-26 17:30:51.647   492   492 W skia    : AGTM parsing failed flags.readFromStream(s) at 159
08-26 17:30:51.647   492   492 W skia    : AGTM parsing failed flags.readFromStream(s) at 159
08-26 17:30:51.647   492   492 W skia    : AGTM parsing failed flags.readFromStream(s) at 159
08-26 17:30:51.647   492   492 W skia    : AGTM parsing failed flags.readFromStream(s) at 159
08-26 17:30:51.647   492   492 W skia    : AGTM parsing failed flags.readFromStream(s) at 159
08-26 17:30:51.647   492   492 W skia    : AGTM parsing failed flags.readFromStream(s) at 159
08-26 17:30:51.650  1099  1099 V BaseDepthController: Applying blur: 0 to Surface(name=VRI-com.google.android.apps.nexuslauncher/com.google.android.apps.nexuslauncher.NexusLauncherActivity#1683)/@0xd13d287 applyImmediately: false
08-26 17:30:51.650  1099  1099 D BaseDepthController: shouldBlurWorkspace: false targetState: Normal currentStableState: Normal mCurrentBlur: 0 mLauncher.getDepthBlurTargets(): [com.android.launcher3.Workspace{6fff5b4 V.ED..... ........ 0,0-1280,2856 #7f0a0498 app:id/workspace}, com.android.launcher3.Hotseat{510a5dd V.ED..... .......D 0,2289-1280,2856 #7f0a01f8 app:id/hotseat}]
08-26 17:30:51.680   492   492 W skia    : AGTM parsing failed flags.readFromStream(s) at 159
08-26 17:30:51.689   657   670 W ActivityTaskManager: setRunningRemoteTransition: no process for null
08-26 17:30:51.689   961  1009 V WindowManagerShell:  animated by com.android.wm.shell.transition.RemoteTransitionHandler@665ffa
08-26 17:30:51.691   657   794 I ImeTracker: com.google.android.apps.nexuslauncher:0dcacbb8: onRequestHide at ORIGIN_SERVER reason HIDE_UNSPECIFIED_WINDOW fromUser false userId 0 displayId 0
08-26 17:30:51.704   657   794 W InputChannel-JNI: Channel already disposed.
08-26 17:30:51.711  5412  5412 I GoogleInputMethodService: GoogleInputMethodService.onFinishInput():2269 
08-26 17:30:51.712   657  2056 I ImeTracker: system_server:9314cdb4: onRequestHide at ORIGIN_SERVER reason IME_REQUESTED_CHANGED_LISTENER fromUser false displayId 0
08-26 17:30:51.720  5412  5412 I Module  : DeviceLockedStatusModuleProvider$Module.updateDeviceLockedStatusInternal():127 repeatCheckTimes = 0, locked = false
08-26 17:30:51.721   492   492 W skia    : AGTM parsing failed flags.readFromStream(s) at 159
08-26 17:30:51.721   492   492 W skia    : AGTM parsing failed flags.readFromStream(s) at 159
08-26 17:30:51.721   492   492 W skia    : AGTM parsing failed flags.readFromStream(s) at 159
08-26 17:30:51.721   492   492 W skia    : AGTM parsing failed flags.readFromStream(s) at 159
08-26 17:30:51.721   492   492 W skia    : AGTM parsing failed flags.readFromStream(s) at 159
08-26 17:30:51.721   492   492 W skia    : AGTM parsing failed flags.readFromStream(s) at 159
08-26 17:30:51.721   492   492 W skia    : AGTM parsing failed flags.readFromStream(s) at 159
08-26 17:30:51.721   492   492 W skia    : AGTM parsing failed flags.readFromStream(s) at 159
08-26 17:30:51.721  5412  5412 I GoogleInputMethodService: GoogleInputMethodService.onStartInput():1454 onStartInput(EditorInfo{EditorInfo{packageName=com.google.android.apps.nexuslauncher, inputType=0, inputTypeString=NULL, enableLearning=false, autoCorrection=false, autoComplete=false, imeOptions=0, privateImeOptions=null, actionName=UNSPECIFIED, actionLabel=null, initialSelStart=-1, initialSelEnd=-1, initialCapsMode=0, label=null, fieldId=0, fieldName=null, extras=null, hintText=null, hintLocales=[]}}, false)
08-26 17:30:51.721   657   680 I ImeTracker: system_server:9314cdb4: onCancelled at PHASE_SERVER_SHOULD_HIDE
08-26 17:30:51.721  5412  5412 I AndroidIME: LatinIMEBase.updateInputViewCoverNavigation():321 Update input view padding, isNavbarOverInputWindow=true, bottom inset=144
08-26 17:30:51.722  5412  5412 I Module  : DeviceLockedStatusModuleProvider$Module.updateDeviceLockedStatusInternal():127 repeatCheckTimes = 1, locked = false
08-26 17:30:51.723   492   534 W skia    : AGTM parsing failed flags.readFromStream(s) at 159
08-26 17:30:51.748   492   492 W skia    : AGTM parsing failed flags.readFromStream(s) at 159
08-26 17:30:51.758  5412  5412 W NotificationCenter: NotificationCenter$NotificationQueue.notifyPendingNotificationsOnExecutor():878 Heavy notify work detected on UI thread: [ntu->lgp, ntu->lgp, ntu->nsl, ntu->mqs, ntu->lgp, ntu->hbb, ntu->lgp, ntu->ldu, ntu->lgp, ntu->pmz, ntu->ias, ntu->nsv, ntu->lgp, ntu->ljo, ntu->gyd, ntu->ndr, ntu->lgp, ntu->lgp, ntu->qcs, ntu->lgp, ntu->lgp, ntu->ish, ntu->lgp] takes 37ms
08-26 17:30:51.760  1099  1099 V BaseDepthController: Applying blur: 0 to Surface(name=VRI-com.google.android.apps.nexuslauncher/com.google.android.apps.nexuslauncher.NexusLauncherActivity#1683)/@0xd13d287 applyImmediately: false
08-26 17:30:51.761  1099  1099 D BaseDepthController: shouldBlurWorkspace: false targetState: Normal currentStableState: Normal mCurrentBlur: 0 mLauncher.getDepthBlurTargets(): [com.android.launcher3.Workspace{6fff5b4 V.ED..... ........ 0,0-1280,2856 #7f0a0498 app:id/workspace}, com.android.launcher3.Hotseat{510a5dd V.ED..... .......D 0,2289-1280,2856 #7f0a01f8 app:id/hotseat}]
08-26 17:30:51.805   492   492 W skia    : AGTM parsing failed flags.readFromStream(s) at 159
08-26 17:30:51.805   492   492 W skia    : AGTM parsing failed flags.readFromStream(s) at 159
08-26 17:30:51.805   492   492 W skia    : AGTM parsing failed flags.readFromStream(s) at 159
08-26 17:30:51.805   492   492 W skia    : AGTM parsing failed flags.readFromStream(s) at 159
08-26 17:30:51.805   492   492 W skia    : AGTM parsing failed flags.readFromStream(s) at 159
08-26 17:30:51.805   492   492 W skia    : AGTM parsing failed flags.readFromStream(s) at 159
08-26 17:30:51.805   492   492 W skia    : AGTM parsing failed flags.readFromStream(s) at 159
08-26 17:30:51.832   492   492 W skia    : AGTM parsing failed flags.readFromStream(s) at 159
08-26 17:30:51.832   492   492 W skia    : AGTM parsing failed flags.readFromStream(s) at 159
08-26 17:30:51.833   492   492 W skia    : AGTM parsing failed flags.readFromStream(s) at 159
08-26 17:30:51.833   492   492 W skia    : AGTM parsing failed flags.readFromStream(s) at 159
08-26 17:30:51.833   492   492 W skia    : AGTM parsing failed flags.readFromStream(s) at 159
08-26 17:30:51.833   492   492 W skia    : AGTM parsing failed flags.readFromStream(s) at 159
08-26 17:30:51.833   492   492 W skia    : AGTM parsing failed flags.readFromStream(s) at 159
08-26 17:30:51.833   492   492 W skia    : AGTM parsing failed flags.readFromStream(s) at 159
08-26 17:30:51.833   492   492 W skia    : AGTM parsing failed flags.readFromStream(s) at 159
08-26 17:30:51.834   451   451 I RanchuHwc: logCompositionFallbackIfChanged: layer 251 CompositionType fallback from 2 to 1
08-26 17:30:51.834   451   451 I RanchuHwc: logCompositionFallbackIfChanged: layer 260 CompositionType fallback from 2 to 1
08-26 17:30:51.834   451   451 I RanchuHwc: logCompositionFallbackIfChanged: layer 261 CompositionType fallback from 2 to 1
08-26 17:30:51.835   492   534 W skia    : AGTM parsing failed flags.readFromStream(s) at 159
08-26 17:30:51.835   492   534 W skia    : AGTM parsing failed flags.readFromStream(s) at 159
08-26 17:30:51.835   492   534 W skia    : AGTM parsing failed flags.readFromStream(s) at 159
08-26 17:30:51.835   492   534 W skia    : AGTM parsing failed flags.readFromStream(s) at 159
08-26 17:30:51.835   492   534 W skia    : AGTM parsing failed flags.readFromStream(s) at 159
08-26 17:30:51.835   492   534 W skia    : AGTM parsing failed flags.readFromStream(s) at 159
08-26 17:30:51.835   492   534 W skia    : AGTM parsing failed flags.readFromStream(s) at 159
08-26 17:30:51.841   657  1937 W PackageConfigPersister: App-specific configuration not found for packageName: com.google.android.apps.nexuslauncher and userId: 0
08-26 17:30:51.886  1059  1059 I HidDeviceService: unregisterAppUid(): uid=10231
08-26 17:30:51.886  1059  1059 W HidDeviceService: unregisterAppUid(): caller UID doesn't match user UID
08-26 17:30:51.891   492   492 W skia    : AGTM parsing failed flags.readFromStream(s) at 159
08-26 17:30:51.891   492   492 W skia    : AGTM parsing failed flags.readFromStream(s) at 159
08-26 17:30:51.891   492   492 W skia    : AGTM parsing failed flags.readFromStream(s) at 159
08-26 17:30:51.891   492   492 W skia    : AGTM parsing failed flags.readFromStream(s) at 159
08-26 17:30:51.891   492   492 W skia    : AGTM parsing failed flags.readFromStream(s) at 159
08-26 17:30:51.891   492   492 W skia    : AGTM parsing failed flags.readFromStream(s) at 159
08-26 17:30:51.891   492   492 W skia    : AGTM parsing failed flags.readFromStream(s) at 159
08-26 17:30:51.891   492   534 W skia    : AGTM parsing failed flags.readFromStream(s) at 159
08-26 17:30:51.891   492   534 W skia    : AGTM parsing failed flags.readFromStream(s) at 159
08-26 17:30:51.891   492   534 W skia    : AGTM parsing failed flags.readFromStream(s) at 159
08-26 17:30:51.891   492   534 W skia    : AGTM parsing failed flags.readFromStream(s) at 159
08-26 17:30:51.891   492   534 W skia    : AGTM parsing failed flags.readFromStream(s) at 159
08-26 17:30:51.891   492   534 W skia    : AGTM parsing failed flags.readFromStream(s) at 159
08-26 17:30:51.891   492   534 W skia    : AGTM parsing failed flags.readFromStream(s) at 159
08-26 17:30:51.903  1099  1099 D InsetsController: hide(ime())
08-26 17:30:51.903  1099  1099 I ImeTracker: com.google.android.apps.nexuslauncher:0dcacbb8: onCancelled at PHASE_CLIENT_ALREADY_HIDDEN
08-26 17:30:51.909  1099  1099 V BaseDepthController: Applying blur: 0 to Surface(name=VRI-com.google.android.apps.nexuslauncher/com.google.android.apps.nexuslauncher.NexusLauncherActivity#1683)/@0xd13d287 applyImmediately: false
08-26 17:30:51.910  1099  1099 D BaseDepthController: setEarlyWakeup: true
08-26 17:30:51.910  1099  1099 D BaseDepthController: shouldBlurWorkspace: false targetState: Normal currentStableState: Normal mCurrentBlur: 0 mLauncher.getDepthBlurTargets(): [com.android.launcher3.Workspace{6fff5b4 V.ED..... ........ 0,0-1280,2856 #7f0a0498 app:id/workspace}, com.android.launcher3.Hotseat{510a5dd V.ED..... ........ 0,2289-1280,2856 #7f0a01f8 app:id/hotseat}]
08-26 17:30:51.969   961   968 W System  : A resource failed to call release. 
08-26 17:30:51.969   961   968 W System  : A resource failed to call release. 
08-26 17:30:51.969   961   968 W System  : A resource failed to call release. 
08-26 17:30:51.969   961   968 W System  : A resource failed to call release. 
08-26 17:30:51.969   961   968 W System  : A resource failed to call release. 
08-26 17:30:51.978   492   492 W skia    : AGTM parsing failed flags.readFromStream(s) at 159
08-26 17:30:51.978   492   492 W skia    : AGTM parsing failed flags.readFromStream(s) at 159
08-26 17:30:51.978   492   492 W skia    : AGTM parsing failed flags.readFromStream(s) at 159
08-26 17:30:51.979   492   492 W skia    : AGTM parsing failed flags.readFromStream(s) at 159
08-26 17:30:51.979   492   492 W skia    : AGTM parsing failed flags.readFromStream(s) at 159
08-26 17:30:51.979   492   492 W skia    : AGTM parsing failed flags.readFromStream(s) at 159
08-26 17:30:51.979   492   492 W skia    : AGTM parsing failed flags.readFromStream(s) at 159
08-26 17:30:51.979   492   492 W skia    : AGTM parsing failed flags.readFromStream(s) at 159
08-26 17:30:51.980   492   534 W skia    : AGTM parsing failed flags.readFromStream(s) at 159
08-26 17:30:51.980   492   534 W skia    : AGTM parsing failed flags.readFromStream(s) at 159
08-26 17:30:51.980   492   534 W skia    : AGTM parsing failed flags.readFromStream(s) at 159
08-26 17:30:51.980   492   534 W skia    : AGTM parsing failed flags.readFromStream(s) at 159
08-26 17:30:51.980   492   534 W skia    : AGTM parsing failed flags.readFromStream(s) at 159
08-26 17:30:51.980   492   534 W skia    : AGTM parsing failed flags.readFromStream(s) at 159
08-26 17:30:51.980   492   534 W skia    : AGTM parsing failed flags.readFromStream(s) at 159
08-26 17:30:52.040   492   492 W skia    : AGTM parsing failed flags.readFromStream(s) at 159
08-26 17:30:52.040   492   492 W skia    : AGTM parsing failed flags.readFromStream(s) at 159
08-26 17:30:52.040   492   492 W skia    : AGTM parsing failed flags.readFromStream(s) at 159
08-26 17:30:52.040   492   492 W skia    : AGTM parsing failed flags.readFromStream(s) at 159
08-26 17:30:52.040   492   492 W skia    : AGTM parsing failed flags.readFromStream(s) at 159
08-26 17:30:52.040   492   492 W skia    : AGTM parsing failed flags.readFromStream(s) at 159
08-26 17:30:52.040   492   492 W skia    : AGTM parsing failed flags.readFromStream(s) at 159
08-26 17:30:52.040   492   492 W skia    : AGTM parsing failed flags.readFromStream(s) at 159
08-26 17:30:52.040   492   534 W skia    : AGTM parsing failed flags.readFromStream(s) at 159
08-26 17:30:52.040   492   534 W skia    : AGTM parsing failed flags.readFromStream(s) at 159
08-26 17:30:52.068  1099  1099 V BaseDepthController: Applying blur: 0 to Surface(name=VRI-com.google.android.apps.nexuslauncher/com.google.android.apps.nexuslauncher.NexusLauncherActivity#1683)/@0xd13d287 applyImmediately: false
08-26 17:30:52.068  1099  1099 D BaseDepthController: shouldBlurWorkspace: false targetState: Normal currentStableState: Normal mCurrentBlur: 0 mLauncher.getDepthBlurTargets(): [com.android.launcher3.Workspace{6fff5b4 V.ED..... ........ 0,0-1280,2856 #7f0a0498 app:id/workspace}, com.android.launcher3.Hotseat{510a5dd V.ED..... ........ 0,2289-1280,2856 #7f0a01f8 app:id/hotseat}]
08-26 17:30:52.094   492   534 W skia    : AGTM parsing failed flags.readFromStream(s) at 159
08-26 17:30:52.094   492   534 W skia    : AGTM parsing failed flags.readFromStream(s) at 159
08-26 17:30:52.097  1099  1099 V BaseDepthController: Applying blur: 0 to Surface(name=VRI-com.google.android.apps.nexuslauncher/com.google.android.apps.nexuslauncher.NexusLauncherActivity#1683)/@0xd13d287 applyImmediately: false
08-26 17:30:52.098  1099  1099 D BaseDepthController: shouldBlurWorkspace: false targetState: Normal currentStableState: Normal mCurrentBlur: 0 mLauncher.getDepthBlurTargets(): [com.android.launcher3.Workspace{6fff5b4 V.ED..... ........ 0,0-1280,2856 #7f0a0498 app:id/workspace}, com.android.launcher3.Hotseat{510a5dd V.ED..... ........ 0,2289-1280,2856 #7f0a01f8 app:id/hotseat}]
08-26 17:30:52.100   492   492 W skia    : AGTM parsing failed flags.readFromStream(s) at 159
08-26 17:30:52.100   492   492 W skia    : AGTM parsing failed flags.readFromStream(s) at 159
08-26 17:30:52.100   492   492 W skia    : AGTM parsing failed flags.readFromStream(s) at 159
08-26 17:30:52.100   492   492 W skia    : AGTM parsing failed flags.readFromStream(s) at 159
08-26 17:30:52.100   492   492 W skia    : AGTM parsing failed flags.readFromStream(s) at 159
08-26 17:30:52.100   492   492 W skia    : AGTM parsing failed flags.readFromStream(s) at 159
08-26 17:30:52.100   492   492 W skia    : AGTM parsing failed flags.readFromStream(s) at 159
08-26 17:30:52.138   492   492 W skia    : AGTM parsing failed flags.readFromStream(s) at 159
08-26 17:30:52.138   492   492 W skia    : AGTM parsing failed flags.readFromStream(s) at 159
08-26 17:30:52.138   492   492 W skia    : AGTM parsing failed flags.readFromStream(s) at 159
08-26 17:30:52.138   492   492 W skia    : AGTM parsing failed flags.readFromStream(s) at 159
08-26 17:30:52.138   492   492 W skia    : AGTM parsing failed flags.readFromStream(s) at 159
08-26 17:30:52.138   492   492 W skia    : AGTM parsing failed flags.readFromStream(s) at 159
08-26 17:30:52.138   492   492 W skia    : AGTM parsing failed flags.readFromStream(s) at 159
08-26 17:30:52.138   492   492 W skia    : AGTM parsing failed flags.readFromStream(s) at 159
08-26 17:30:52.206   492   534 W skia    : AGTM parsing failed flags.readFromStream(s) at 159
08-26 17:30:52.207   492   534 W skia    : AGTM parsing failed flags.readFromStream(s) at 159
08-26 17:30:52.216  1099  1099 V BaseDepthController: Applying blur: 0 to Surface(name=VRI-com.google.android.apps.nexuslauncher/com.google.android.apps.nexuslauncher.NexusLauncherActivity#1683)/@0xd13d287 applyImmediately: false
08-26 17:30:52.218  1099  1099 D BaseDepthController: shouldBlurWorkspace: false targetState: Normal currentStableState: Normal mCurrentBlur: 0 mLauncher.getDepthBlurTargets(): [com.android.launcher3.Workspace{6fff5b4 V.ED..... ........ 0,0-1280,2856 #7f0a0498 app:id/workspace}, com.android.launcher3.Hotseat{510a5dd V.ED..... ........ 0,2289-1280,2856 #7f0a01f8 app:id/hotseat}]
08-26 17:30:52.234   492   492 W skia    : AGTM parsing failed flags.readFromStream(s) at 159
08-26 17:30:52.235   492   492 W skia    : AGTM parsing failed flags.readFromStream(s) at 159
08-26 17:30:52.235   492   492 W skia    : AGTM parsing failed flags.readFromStream(s) at 159
08-26 17:30:52.235   492   492 W skia    : AGTM parsing failed flags.readFromStream(s) at 159
08-26 17:30:52.235   492   492 W skia    : AGTM parsing failed flags.readFromStream(s) at 159
08-26 17:30:52.235   492   492 W skia    : AGTM parsing failed flags.readFromStream(s) at 159
08-26 17:30:52.235   492   492 W skia    : AGTM parsing failed flags.readFromStream(s) at 159
08-26 17:30:52.309   492   492 W skia    : AGTM parsing failed flags.readFromStream(s) at 159
08-26 17:30:52.309   492   492 W skia    : AGTM parsing failed flags.readFromStream(s) at 159
08-26 17:30:52.309   492   492 W skia    : AGTM parsing failed flags.readFromStream(s) at 159
08-26 17:30:52.309   492   492 W skia    : AGTM parsing failed flags.readFromStream(s) at 159
08-26 17:30:52.309   492   492 W skia    : AGTM parsing failed flags.readFromStream(s) at 159
08-26 17:30:52.309   492   492 W skia    : AGTM parsing failed flags.readFromStream(s) at 159
08-26 17:30:52.309   492   492 W skia    : AGTM parsing failed flags.readFromStream(s) at 159
08-26 17:30:52.309   492   492 W skia    : AGTM parsing failed flags.readFromStream(s) at 159
08-26 17:30:52.322   517   517 I adbd    : adbd service requested 'exec:screencap '-p''
08-26 17:30:52.337   492   492 W skia    : AGTM parsing failed flags.readFromStream(s) at 159
08-26 17:30:52.337   492   492 W skia    : AGTM parsing failed flags.readFromStream(s) at 159
08-26 17:30:52.337   492   492 W skia    : AGTM parsing failed flags.readFromStream(s) at 159
08-26 17:30:52.337   492   492 W skia    : AGTM parsing failed flags.readFromStream(s) at 159
08-26 17:30:52.337   492   492 W skia    : AGTM parsing failed flags.readFromStream(s) at 159
08-26 17:30:52.337   492   492 W skia    : AGTM parsing failed flags.readFromStream(s) at 159
08-26 17:30:52.337   492   492 W skia    : AGTM parsing failed flags.readFromStream(s) at 159
08-26 17:30:52.337   492   492 W skia    : AGTM parsing failed flags.readFromStream(s) at 159
08-26 17:30:52.385   492   534 W skia    : AGTM parsing failed flags.readFromStream(s) at 159
08-26 17:30:52.385   492   534 W skia    : AGTM parsing failed flags.readFromStream(s) at 159
08-26 17:30:52.433   492   492 W skia    : AGTM parsing failed flags.readFromStream(s) at 159
08-26 17:30:52.437  1099  1099 V BaseDepthController: Applying blur: 0 to Surface(name=VRI-com.google.android.apps.nexuslauncher/com.google.android.apps.nexuslauncher.NexusLauncherActivity#1683)/@0xd13d287 applyImmediately: false
08-26 17:30:52.437  1099  1099 D BaseDepthController: setEarlyWakeup: false
08-26 17:30:52.437  1099  1099 D BaseDepthController: shouldBlurWorkspace: false targetState: Normal currentStableState: Normal mCurrentBlur: 0 mLauncher.getDepthBlurTargets(): [com.android.launcher3.Workspace{6fff5b4 V.ED..... ........ 0,0-1280,2856 #7f0a0498 app:id/workspace}, com.android.launcher3.Hotseat{510a5dd V.ED..... ........ 0,2289-1280,2856 #7f0a01f8 app:id/hotseat}]
08-26 17:30:52.456 23748 23748 W libbinder.BackendUnifiedServiceManager: Thread Pool max thread count is 0. Cannot cache binder as linkToDeath cannot be implemented. serviceName: SurfaceFlingerAIDL
08-26 17:30:52.457 23748 23748 W libbinder.BpBinder: Linking to death on android.gui.ISurfaceComposer but there are no threads (yet?) listening to incoming transactions. See ProcessState::startThreadPool and ProcessState::setThreadPoolMaxThreadCount. Generally you should setup the binder threadpool before other initialization steps.
08-26 17:30:52.457 23748 23748 W libbinder.ProcessState: Extra binder thread started, but 0 threads requested. Do not use *startThreadPool when zero threads are requested.
08-26 17:30:52.473   492   492 W skia    : AGTM parsing failed flags.readFromStream(s) at 159
08-26 17:30:52.473   492   492 W skia    : AGTM parsing failed flags.readFromStream(s) at 159
08-26 17:30:52.473   492   492 W skia    : AGTM parsing failed flags.readFromStream(s) at 159
08-26 17:30:52.473   492   492 W skia    : AGTM parsing failed flags.readFromStream(s) at 159
08-26 17:30:52.473   492   492 W skia    : AGTM parsing failed flags.readFromStream(s) at 159
08-26 17:30:52.473   492   492 W skia    : AGTM parsing failed flags.readFromStream(s) at 159
08-26 17:30:52.473   492   492 W skia    : AGTM parsing failed flags.readFromStream(s) at 159
08-26 17:30:52.473   492   492 W skia    : AGTM parsing failed flags.readFromStream(s) at 159
08-26 17:30:52.493   492   534 W skia    : AGTM parsing failed flags.readFromStream(s) at 159
08-26 17:30:52.493   492   534 W skia    : AGTM parsing failed flags.readFromStream(s) at 159
08-26 17:30:52.493   492   534 W skia    : AGTM parsing failed flags.readFromStream(s) at 159
08-26 17:30:52.493   492   534 W skia    : AGTM parsing failed flags.readFromStream(s) at 159
08-26 17:30:52.561   492   492 W skia    : AGTM parsing failed flags.readFromStream(s) at 159
08-26 17:30:52.590 23748 23749 W libc    : Access denied finding property "vendor.mesa.virtgpu.kumquat"
08-26 17:30:52.634   492   492 W skia    : AGTM parsing failed flags.readFromStream(s) at 159
08-26 17:30:52.634   492   492 W skia    : AGTM parsing failed flags.readFromStream(s) at 159
08-26 17:30:52.634   492   492 W skia    : AGTM parsing failed flags.readFromStream(s) at 159
08-26 17:30:52.634   492   492 W skia    : AGTM parsing failed flags.readFromStream(s) at 159
08-26 17:30:52.634   492   492 W skia    : AGTM parsing failed flags.readFromStream(s) at 159
08-26 17:30:52.634   492   492 W skia    : AGTM parsing failed flags.readFromStream(s) at 159
08-26 17:30:52.634   492   492 W skia    : AGTM parsing failed flags.readFromStream(s) at 159
08-26 17:30:52.634   492   492 W skia    : AGTM parsing failed flags.readFromStream(s) at 159
08-26 17:30:52.709   492   492 W skia    : AGTM parsing failed flags.readFromStream(s) at 159
08-26 17:30:52.709   492   492 W skia    : AGTM parsing failed flags.readFromStream(s) at 159
08-26 17:30:52.709   492   492 W skia    : AGTM parsing failed flags.readFromStream(s) at 159
08-26 17:30:52.709   492   492 W skia    : AGTM parsing failed flags.readFromStream(s) at 159
08-26 17:30:52.709   492   492 W skia    : AGTM parsing failed flags.readFromStream(s) at 159
08-26 17:30:52.709   492   492 W skia    : AGTM parsing failed flags.readFromStream(s) at 159
08-26 17:30:52.709   492   492 W skia    : AGTM parsing failed flags.readFromStream(s) at 159
08-26 17:30:52.709   492   492 W skia    : AGTM parsing failed flags.readFromStream(s) at 159
08-26 17:30:52.719   492   534 W skia    : AGTM parsing failed flags.readFromStream(s) at 159
08-26 17:30:52.719   492   534 W skia    : AGTM parsing failed flags.readFromStream(s) at 159
08-26 17:30:52.753  1099  1099 D ScalingWorkspaceRevealAnim: onAnimationEnd, workspace and hotseat are visible
08-26 17:30:52.753  1099  1099 V BaseDepthController: Applying blur: 0 to Surface(name=VRI-com.google.android.apps.nexuslauncher/com.google.android.apps.nexuslauncher.NexusLauncherActivity#1683)/@0xd13d287 applyImmediately: false
08-26 17:30:52.753  1099  1099 D BaseDepthController: shouldBlurWorkspace: false targetState: Normal currentStableState: Normal mCurrentBlur: 0 mLauncher.getDepthBlurTargets(): [com.android.launcher3.Workspace{6fff5b4 V.ED..... ......ID 0,0-1280,2856 #7f0a0498 app:id/workspace}, com.android.launcher3.Hotseat{510a5dd V.ED..... ......ID 0,2289-1280,2856 #7f0a01f8 app:id/hotseat}]
08-26 17:30:52.754   961  1566 V WindowManagerShell: Received remote transition finished callback for (#149)
08-26 17:30:52.755   961  1009 V WindowManagerShell: Transition animation finished (aborted=false), notifying core (#149) android.os.BinderProxy@607b3e4@0
08-26 17:30:52.764   657   677 V WindowManager: Finish Transition (#149): created at 08-26 17:30:51.275 collect-started=0.045ms request-sent=0.246ms started=8.998ms ready=140.807ms sent=168.71ms commit=81.791ms finished=1481.082ms
08-26 17:30:52.766   492   492 W skia    : AGTM parsing failed flags.readFromStream(s) at 159
08-26 17:30:52.766   492   492 W skia    : AGTM parsing failed flags.readFromStream(s) at 159
08-26 17:30:52.766   492   492 W skia    : AGTM parsing failed flags.readFromStream(s) at 159
08-26 17:30:52.766   492   492 W skia    : AGTM parsing failed flags.readFromStream(s) at 159
08-26 17:30:52.766   492   492 W skia    : AGTM parsing failed flags.readFromStream(s) at 159
08-26 17:30:52.766   492   492 W skia    : AGTM parsing failed flags.readFromStream(s) at 159
08-26 17:30:52.780 23349 23349 D VRI[MainActivity]: visibilityChanged oldVisibility=true newVisibility=false
08-26 17:30:52.788   961  1009 V WindowManagerShell: Track 0 became idle
08-26 17:30:52.788   961  1009 V WindowManagerShell: All active transition animations finished
08-26 17:30:52.797   492   492 W skia    : AGTM parsing failed flags.readFromStream(s) at 159
08-26 17:30:52.797   492   492 W skia    : AGTM parsing failed flags.readFromStream(s) at 159
08-26 17:30:52.797   492   492 W skia    : AGTM parsing failed flags.readFromStream(s) at 159
08-26 17:30:52.797   492   492 W skia    : AGTM parsing failed flags.readFromStream(s) at 159
08-26 17:30:52.797   492   492 W skia    : AGTM parsing failed flags.readFromStream(s) at 159
08-26 17:30:52.797   492   492 W skia    : AGTM parsing failed flags.readFromStream(s) at 159
08-26 17:30:52.797   492   492 W skia    : AGTM parsing failed flags.readFromStream(s) at 159
08-26 17:30:52.843   492   492 W skia    : AGTM parsing failed flags.readFromStream(s) at 159
08-26 17:30:52.843   492   492 W skia    : AGTM parsing failed flags.readFromStream(s) at 159
08-26 17:30:52.844   492   492 W skia    : AGTM parsing failed flags.readFromStream(s) at 159
08-26 17:30:52.844   492   492 W skia    : AGTM parsing failed flags.readFromStream(s) at 159
08-26 17:30:52.844   492   492 W skia    : AGTM parsing failed flags.readFromStream(s) at 159
08-26 17:30:52.844   492   492 W skia    : AGTM parsing failed flags.readFromStream(s) at 159
08-26 17:30:52.902   657   927 I Surface : Creating surface for consumer unnamed-657-29 with slotExpansion=1 for 64 slots
08-26 17:30:52.902   657   927 I Surface : Creating surface for consumer ImageReader-1024x2284f1m1-657-29 with slotExpansion=1 for 64 slots
08-26 17:30:52.902   657   927 W ImageReader_JNI: Unable to acquire a buffer item, very likely client tried to acquire more than maxImages buffers
08-26 17:30:52.957   492   492 W skia    : AGTM parsing failed flags.readFromStream(s) at 159
08-26 17:30:52.957   492   492 W skia    : AGTM parsing failed flags.readFromStream(s) at 159
08-26 17:30:52.957   492   492 W skia    : AGTM parsing failed flags.readFromStream(s) at 159
08-26 17:30:52.957   492   492 W skia    : AGTM parsing failed flags.readFromStream(s) at 159
08-26 17:30:52.957   492   492 W skia    : AGTM parsing failed flags.readFromStream(s) at 159
08-26 17:30:52.957   492   492 W skia    : AGTM parsing failed flags.readFromStream(s) at 159
08-26 17:30:52.957   492   492 W skia    : AGTM parsing failed flags.readFromStream(s) at 159
08-26 17:30:52.971   492   534 W skia    : AGTM parsing failed flags.readFromStream(s) at 159
08-26 17:30:52.971   492   534 W skia    : AGTM parsing failed flags.readFromStream(s) at 159
08-26 17:30:53.032   657   657 W GrallocUploadTh: type=1400 audit(0.0:353): avc:  denied  { read } for  name="u:object_r:vendor_default_prop:s0" dev="tmpfs" ino=399 scontext=u:r:system_server:s0 tcontext=u:object_r:vendor_default_prop:s0 tclass=file permissive=0
08-26 17:30:52.989   657   927 E ConsumerBase: [ImageReader-1024x2284f1m1-657-29] abandonLocked: ConsumerBase is abandoned!
08-26 17:30:53.021 23349 23349 I QuickAppKit: android.runtime.destroy.begin surfaces=2 nodes=165
08-26 17:30:53.022   657 18549 I GFXSTREAM: [eglDisplay.cpp(297)] Opening libGLESv1_CM_emulation.so
08-26 17:30:53.023   657 18549 I GFXSTREAM: [eglDisplay.cpp(297)] Opening libGLESv2_emulation.so
08-26 17:30:53.025 23349 23424 E libc++abi: terminating
--------- beginning of crash
08-26 17:30:53.025 23349 23424 F libc    : Fatal signal 6 (SIGABRT), code -1 (SI_QUEUE) in tid 23424 (Thread-8), pid 23349 (app.kit.android)
08-26 17:30:53.035   492   492 W skia    : AGTM parsing failed flags.readFromStream(s) at 159
08-26 17:30:53.035   492   492 W skia    : AGTM parsing failed flags.readFromStream(s) at 159
08-26 17:30:53.035   492   492 W skia    : AGTM parsing failed flags.readFromStream(s) at 159
08-26 17:30:53.035   492   492 W skia    : AGTM parsing failed flags.readFromStream(s) at 159
08-26 17:30:53.035   492   492 W skia    : AGTM parsing failed flags.readFromStream(s) at 159
08-26 17:30:53.035   492   492 W skia    : AGTM parsing failed flags.readFromStream(s) at 159
08-26 17:30:53.035   492   492 W skia    : AGTM parsing failed flags.readFromStream(s) at 159
08-26 17:30:53.035   657 18549 W libc    : Access denied finding property "vendor.mesa.virtgpu.kumquat"
08-26 17:30:53.074   657 18549 W HWUI    : Failed to choose config with EGL_SWAP_BEHAVIOR_PRESERVED, retrying without...
08-26 17:30:53.076   657 18549 W HWUI    : Failed to initialize 101010-2 format, error = EGL_SUCCESS
08-26 17:30:53.078   492   534 W skia    : AGTM parsing failed flags.readFromStream(s) at 159
08-26 17:30:53.078   492   534 W skia    : AGTM parsing failed flags.readFromStream(s) at 159
08-26 17:30:53.097   492   492 W skia    : AGTM parsing failed flags.readFromStream(s) at 159
08-26 17:30:53.179   492   492 W skia    : AGTM parsing failed flags.readFromStream(s) at 159
08-26 17:30:53.201 23752 23752 I crash_dump64: obtaining output fd from tombstoned, type: kDebuggerdTombstoneProto
08-26 17:30:53.203   345   345 I tombstoned: received crash request for pid 23424
08-26 17:30:53.204 23752 23752 I crash_dump64: performing dump of process 23349 (target tid = 23424)
08-26 17:30:53.229   492   492 W skia    : AGTM parsing failed flags.readFromStream(s) at 159
08-26 17:30:53.290   492   534 W skia    : AGTM parsing failed flags.readFromStream(s) at 159
08-26 17:30:53.290   492   534 W skia    : AGTM parsing failed flags.readFromStream(s) at 159
08-26 17:30:53.302   492   492 W skia    : AGTM parsing failed flags.readFromStream(s) at 159
08-26 17:30:53.447   492   534 W skia    : AGTM parsing failed flags.readFromStream(s) at 159
08-26 17:30:53.447   492   534 W skia    : AGTM parsing failed flags.readFromStream(s) at 159
08-26 17:30:53.485 23752 23752 F DEBUG   : *** *** *** *** *** *** *** *** *** *** *** *** *** *** *** ***
08-26 17:30:53.485 23752 23752 F DEBUG   : Build fingerprint: 'google/sdk_gphone16k_arm64/emu64a16k:17/CP31.260623.009/15923651:user/dev-keys'
08-26 17:30:53.485 23752 23752 F DEBUG   : Kernel Release: '6.12.69-android16-6-g214d1615c480-ab15053784'
08-26 17:30:53.485 23752 23752 F DEBUG   : Revision: '0'
08-26 17:30:53.485 23752 23752 F DEBUG   : ABI: 'arm64'
08-26 17:30:53.485 23752 23752 F DEBUG   : Timestamp: 2026-08-26 17:30:53.217457126+0800
08-26 17:30:53.485 23752 23752 F DEBUG   : Process uptime: 207s
08-26 17:30:53.485 23752 23752 F DEBUG   : Page size: 16384 bytes
08-26 17:30:53.485 23752 23752 F DEBUG   : Executable: /system/bin/app_process64
08-26 17:30:53.485 23752 23752 F DEBUG   : Cmdline: dev.quickapp.kit.android
08-26 17:30:53.485 23752 23752 F DEBUG   : pid: 23349, ppid: 432, tid: 23424, name: Thread-8  >>> dev.quickapp.kit.android <<<
08-26 17:30:53.485 23752 23752 F DEBUG   : uid: 10231
08-26 17:30:53.485 23752 23752 F DEBUG   : tagged_addr_ctrl: 0000000000000001 (PR_TAGGED_ADDR_ENABLE)
08-26 17:30:53.485 23752 23752 F DEBUG   : pac_enabled_keys: 000000000000000f (PR_PAC_APIAKEY, PR_PAC_APIBKEY, PR_PAC_APDAKEY, PR_PAC_APDBKEY)
08-26 17:30:53.485 23752 23752 F DEBUG   : esr: 0000000092000006 (Data Abort Exception 0x24)
08-26 17:30:53.485 23752 23752 F DEBUG   : signal 6 (SIGABRT), code -1 (SI_QUEUE), fault addr --------
08-26 17:30:53.485 23752 23752 F DEBUG   : Abort message: 'terminating'
08-26 17:30:53.485 23752 23752 F DEBUG   : 
08-26 17:30:53.485 23752 23752 F DEBUG   :     x0  0000000000000000  x1  0000000000005b80  x2  0000000000000006  x3  00007be8d66408a0
08-26 17:30:53.485 23752 23752 F DEBUG   :     x4  fefefefeff666d68  x5  fefefefeff666d68  x6  fefefefeff666d68  x7  7f7f7f7f7f7f7f7f
08-26 17:30:53.485 23752 23752 F DEBUG   :     x8  00000000000000f0  x9  0596f3e2b6fca57d  x10 000000ff00000020  x11 000000003b9ac9ff
08-26 17:30:53.485 23752 23752 F DEBUG   :     x12 000000007fffffff  x13 00000000032c5224  x14 0000154fc71488be  x15 0000000029aaaaab
08-26 17:30:53.485 23752 23752 F DEBUG   :     x16 00007bec86767640  x17 00007bec8674ae40  x18 00007be8d2adc000  x19 0000000000005b35
08-26 17:30:53.485 23752 23752 F DEBUG   :     x20 0000000000005b80  x21 00000000ffffffff  x22 00007be8d66409d0  x23 00007be8d6640a10
08-26 17:30:53.485 23752 23752 F DEBUG   :     x24 00007be8d6640ac0  x25 0000000000005b35  x26 00007be8d6641fd0  x27 00007becc323a340
08-26 17:30:53.485 23752 23752 F DEBUG   :     x28 00007becc4619048  x29 00007be8d6640920
08-26 17:30:53.485 23752 23752 F DEBUG   :     lr  00007bec866e934c  sp  00007be8d66408a0  pc  00007bec866e9370  pst 0000000000001000
08-26 17:30:53.485 23752 23752 F DEBUG   :     esr 0000000092000006  vg  0000000000000000
08-26 17:30:53.485 23752 23752 F DEBUG   : 
08-26 17:30:53.485 23752 23752 F DEBUG   : 14 total frames
08-26 17:30:53.485 23752 23752 F DEBUG   : backtrace:
08-26 17:30:53.485 23752 23752 F DEBUG   :       #00 pc 000000000007d370  /apex/com.android.runtime/lib64/bionic/libc.so (abort+160) (BuildId: 0d3b5783cbffbdfc266e8cf07088d547)
08-26 17:30:53.485 23752 23752 F DEBUG   :       #01 pc 000000000009ddec  /data/app/~~UDXroQ3EEYYuvaKxl7g-bA==/dev.quickapp.kit.android-1Vsmv6tgHnXyrGgc2EEFrQ==/base.apk!libc++_shared.so (offset 0x270000) (BuildId: 7befe631535aa853c4f4ac1293e49dcea34c9b6e)
08-26 17:30:53.485 23752 23752 F DEBUG   :       #02 pc 000000000009c9c4  /data/app/~~UDXroQ3EEYYuvaKxl7g-bA==/dev.quickapp.kit.android-1Vsmv6tgHnXyrGgc2EEFrQ==/base.apk!libc++_shared.so (offset 0x270000) (BuildId: 7befe631535aa853c4f4ac1293e49dcea34c9b6e)
08-26 17:30:53.485 23752 23752 F DEBUG   :       #03 pc 000000000009cf78  /data/app/~~UDXroQ3EEYYuvaKxl7g-bA==/dev.quickapp.kit.android-1Vsmv6tgHnXyrGgc2EEFrQ==/base.apk!libc++_shared.so (offset 0x270000) (BuildId: 7befe631535aa853c4f4ac1293e49dcea34c9b6e)
08-26 17:30:53.485 23752 23752 F DEBUG   :       #04 pc 000000000009cf04  /data/app/~~UDXroQ3EEYYuvaKxl7g-bA==/dev.quickapp.kit.android-1Vsmv6tgHnXyrGgc2EEFrQ==/base.apk!libc++_shared.so (offset 0x270000) (std::terminate()+36) (BuildId: 7befe631535aa853c4f4ac1293e49dcea34c9b6e)
08-26 17:30:53.485 23752 23752 F DEBUG   :       #05 pc 00000000008e8a70  /data/app/~~UDXroQ3EEYYuvaKxl7g-bA==/dev.quickapp.kit.android-1Vsmv6tgHnXyrGgc2EEFrQ==/base.apk!libquickapp_android_runtime.so (offset 0x176c000) (quickapp::js::vm::VmLifecycleService::~VmLifecycleService()+36) (BuildId: 6e395e61e4356d1771154825d8ca96259a708f65)
08-26 17:30:53.485 23752 23752 F DEBUG   :       #06 pc 00000000005a45bc  /data/app/~~UDXroQ3EEYYuvaKxl7g-bA==/dev.quickapp.kit.android-1Vsmv6tgHnXyrGgc2EEFrQ==/base.apk!libquickapp_android_runtime.so (offset 0x176c000) (quickapp::android::RuntimeSpine::Impl::cleanup()+500) (BuildId: 6e395e61e4356d1771154825d8ca96259a708f65)
08-26 17:30:53.485 23752 23752 F DEBUG   :       #07 pc 00000000005a0e40  /data/app/~~UDXroQ3EEYYuvaKxl7g-bA==/dev.quickapp.kit.android-1Vsmv6tgHnXyrGgc2EEFrQ==/base.apk!libquickapp_android_runtime.so (offset 0x176c000) (quickapp::android::RuntimeSpine::Impl::run(std::__ndk1::basic_string<char, std::__ndk1::char_traits<char>, std::__ndk1::allocator<char>>)+7464) (BuildId: 6e395e61e4356d1771154825d8ca96259a708f65)
08-26 17:30:53.485 23752 23752 F DEBUG   :       #08 pc 000000000059eee4  /data/app/~~UDXroQ3EEYYuvaKxl7g-bA==/dev.quickapp.kit.android-1Vsmv6tgHnXyrGgc2EEFrQ==/base.apk!libquickapp_android_runtime.so (offset 0x176c000) (quickapp::android::RuntimeSpine::Impl::start(std::__ndk1::basic_string<char, std::__ndk1::char_traits<char>, std::__ndk1::allocator<char>>)::'lambda'()::operator()()+64) (BuildId: 6e395e61e4356d1771154825d8ca96259a708f65)
08-26 17:30:53.485 23752 23752 F DEBUG   :       #09 pc 000000000059ee6c  /data/app/~~UDXroQ3EEYYuvaKxl7g-bA==/dev.quickapp.kit.android-1Vsmv6tgHnXyrGgc2EEFrQ==/base.apk!libquickapp_android_runtime.so (offset 0x176c000) (BuildId: 6e395e61e4356d1771154825d8ca96259a708f65)
08-26 17:30:53.485 23752 23752 F DEBUG   :       #10 pc 000000000059ee08  /data/app/~~UDXroQ3EEYYuvaKxl7g-bA==/dev.quickapp.kit.android-1Vsmv6tgHnXyrGgc2EEFrQ==/base.apk!libquickapp_android_runtime.so (offset 0x176c000) (BuildId: 6e395e61e4356d1771154825d8ca96259a708f65)
08-26 17:30:53.485 23752 23752 F DEBUG   :       #11 pc 000000000059e8b8  /data/app/~~UDXroQ3EEYYuvaKxl7g-bA==/dev.quickapp.kit.android-1Vsmv6tgHnXyrGgc2EEFrQ==/base.apk!libquickapp_android_runtime.so (offset 0x176c000) (BuildId: 6e395e61e4356d1771154825d8ca96259a708f65)
08-26 17:30:53.485 23752 23752 F DEBUG   :       #12 pc 000000000008f804  /apex/com.android.runtime/lib64/bionic/libc.so (__pthread_start(void*) (.__uniq.67847048707805468364044055584648682506)+184) (BuildId: 0d3b5783cbffbdfc266e8cf07088d547)
08-26 17:30:53.485 23752 23752 F DEBUG   :       #13 pc 0000000000080f0c  /apex/com.android.runtime/lib64/bionic/libc.so (__start_thread+68) (BuildId: 0d3b5783cbffbdfc266e8cf07088d547)
08-26 17:30:53.485 23752 23752 F DEBUG   : 
08-26 17:30:53.485 23752 23752 F DEBUG   : Note: To display stack pointer information, use the pbtombstone tool:
08-26 17:30:53.485 23752 23752 F DEBUG   :         pbtombstone --display-sp tombstone_XX.pb
08-26 17:30:53.491   345   345 E tombstoned: Tombstone written to: tombstone_12
08-26 17:30:53.491   657   767 I BootReceiver: Filtering tombstone file: tombstone_12.pb
08-26 17:30:53.493   657   767 I BootReceiver: Generated tombstone file: tombstone_12.pb1961387767332939366.pb.tmp
08-26 17:30:53.493   657   767 I BootReceiver: Adding tombstone tombstone_12.pb1961387767332939366.pb.tmp to dropbox
08-26 17:30:53.493   657   767 I DropBoxManagerService: add tag=SYSTEM_TOMBSTONE_PROTO_WITH_HEADERS isTagEnabled=true flags=0x4
08-26 17:30:53.495   657 23756 I DropBoxManagerService: add tag=data_app_native_crash isTagEnabled=true flags=0x2
08-26 17:30:53.500   517   517 I adbd    : Remote process closed the socket (on MSG_PEEK)
08-26 17:30:53.500   657  1937 I ActivityManager: Process dev.quickapp.kit.android (pid 23349) has died: cch CRE 
08-26 17:30:53.500   432   432 I Zygote  : Process 23349 exited due to signal 6 (Aborted)
08-26 17:30:53.501   657  2110 I WindowManager: WIN DEATH: Window{b378e17 u0 dev.quickapp.kit.android/dev.quickapp.kit.android.MainActivity}
08-26 17:30:53.502  5412  5412 W InputChannel-JNI: Channel already disposed.
08-26 17:30:53.503   657  1937 E TransitionChain: Can't collect into a chain with no transition
08-26 17:30:53.503   657  1937 E TransitionChain: Can't collect into a chain with no transition
08-26 17:30:53.504   657   680 W ActivityManager: setHasOverlayUi called on unknown pid: 23349
08-26 17:30:53.504  1099  1099 D RecentsView: onTaskRemoved: 96, not handling task stack changes
08-26 17:30:53.504  1099  1099 D RecentsView: onTaskRemoved: 96, not handling task stack changes
08-26 17:30:53.505  1059  1059 I HidDeviceService: unregisterAppUid(): uid=10231
08-26 17:30:53.505  1059  1059 W HidDeviceService: unregisterAppUid(): caller UID doesn't match user UID
08-26 17:30:53.507   657   688 I libprocessgroup: Removed cgroup /sys/fs/cgroup/apps/uid_10231/pid_23349
08-26 17:30:53.507   657   767 I BootReceiver: Adding text tombstone version of tombstone_12.pb1961387767332939366.pb.tmp to dropbox
08-26 17:30:53.514   961  1009 V ShellTaskOrganizer: Task vanished taskId=96
08-26 17:30:53.514   961  1009 V ShellTaskOrganizer: Fullscreen Task Vanished: #96
08-26 17:30:53.514   961  1009 V ShellDesktopMode: Task Vanished: #96 closed=true
08-26 17:30:53.514   961  1009 V RecentTasksController: Notify recent tasks changed: 1
08-26 17:30:53.515   961  1009 D ShellDesktopMode: AppToWebRepository: Task 96 is vanishing. Removing task data from repository
08-26 17:30:53.515  1099  1099 D RecentTasksList: invalidateLoadedTasks - previous requestLoadId: -1
08-26 17:30:53.515   961  1009 V AppCompat: SingleSurfaceLetterboxController: []
08-26 17:30:53.515   961  1009 V AppCompat: MultiSurfaceLetterboxController: []
08-26 17:30:53.515   961  1009 V AppCompat: LetterboxInputController: []
08-26 17:30:53.515   961  1009 V AppCompat: RoundedCornersLetterboxController: {}
08-26 17:30:53.552   492   492 W skia    : AGTM parsing failed flags.readFromStream(s) at 159
08-26 17:30:53.552   492   492 W skia    : AGTM parsing failed flags.readFromStream(s) at 159
08-26 17:30:53.552   492   492 W skia    : AGTM parsing failed flags.readFromStream(s) at 159
08-26 17:30:53.552   492   492 W skia    : AGTM parsing failed flags.readFromStream(s) at 159
08-26 17:30:53.552   492   492 W skia    : AGTM parsing failed flags.readFromStream(s) at 159
08-26 17:30:53.552   492   492 W skia    : AGTM parsing failed flags.readFromStream(s) at 159
08-26 17:30:53.582   492   492 W skia    : AGTM parsing failed flags.readFromStream(s) at 159
08-26 17:30:53.583   492   492 W skia    : AGTM parsing failed flags.readFromStream(s) at 159
08-26 17:30:53.583   492   492 W skia    : AGTM parsing failed flags.readFromStream(s) at 159
08-26 17:30:53.583   492   492 W skia    : AGTM parsing failed flags.readFromStream(s) at 159
08-26 17:30:53.583   492   492 W skia    : AGTM parsing failed flags.readFromStream(s) at 159
08-26 17:30:53.583   492   492 W skia    : AGTM parsing failed flags.readFromStream(s) at 159
08-26 17:30:53.583   492   492 E BpTransactionCompletedListener: Failed to transact (-32)
08-26 17:30:53.616   657   767 I BootReceiver: Copying /data/tombstones/tombstone_12.pb1961387767332939366.pb.tmp4987354554440179182.pb.txt.tmp to DropBox (SYSTEM_TOMBSTONE)
08-26 17:30:53.616   657   767 I DropBoxManagerService: add tag=SYSTEM_TOMBSTONE isTagEnabled=true flags=0x6
08-26 17:30:53.625   492   534 W skia    : AGTM parsing failed flags.readFromStream(s) at 159
08-26 17:30:53.625   492   534 W skia    : AGTM parsing failed flags.readFromStream(s) at 159
08-26 17:30:54.015  5147 23762 I DropBoxUtil: (REDACTED) Reading dropbox entry with tag %s and timestamp %d
08-26 17:30:54.189   517   517 I adbd    : adbd service requested 'shell,v2,TERM=dumb,raw:uiautomator dump /sdcard/jsabi-home-back-1.xml'
08-26 17:30:54.226 23763 23763 D AndroidRuntime: >>>>>> START com.android.internal.os.RuntimeInit uid 2000 <<<<<<
08-26 17:30:54.228 23763 23763 I AndroidRuntime: Using default boot image
08-26 17:30:54.228 23763 23763 I AndroidRuntime: Leaving lock profiling enabled
08-26 17:30:54.229 23763 23763 I app_process: Core platform API enforcement reporting only by runtime option
08-26 17:30:54.229 23763 23763 I app_process: Using generational CollectorTypeCMC GC.
08-26 17:30:54.251 23763 23763 D nativeloader: InitDefaultPublicLibraries for_preload=1: libandroid.so:libaaudio.so:libamidi.so:libbinder_ndk.so:libc.so:libcamera2ndk.so:libdl.so:libEGL.so:libGLESv1_CM.so:libGLESv2.so:libGLESv3.so:libicu.so:libicui18n.so:libicuuc.so:libjnigraphics.so:liblog.so:libmediandk.so:libm.so:libnativehelper.so:libnativewindow.so:libOpenMAXAL.so:libOpenSLES.so:libRS.so:libstdc++.so:libsync.so:libvulkan.so:libwebviewchromium_plat_support.so:libz.so
08-26 17:30:54.256 23763 23763 D nativeloader: Load libicu_jni.so using APEX ns com_android_art for caller /apex/com.android.art/javalib/core-oj.jar: ok
08-26 17:30:54.256 23763 23763 D app_process: u_setTimeZoneFilesDirectory("/apex/com.android.tzdata/etc/tz/versioned/10/icu") succeeded. 
08-26 17:30:54.256 23763 23763 D app_process: I18n APEX ICU file found: /apex/com.android.i18n/etc/icu/icudt78l.dat
08-26 17:30:54.256 23763 23763 D nativeloader: Load libjavacore.so using APEX ns com_android_art for caller /apex/com.android.art/javalib/core-oj.jar: ok
08-26 17:30:54.257 23763 23763 D nativeloader: Load libopenjdk.so using APEX ns com_android_art for caller /apex/com.android.art/javalib/core-oj.jar: ok
08-26 17:30:54.257 23763 23763 I app_process: Priority-to-niceness mapping: 19, 16, 13, 10, 0, -2, -4, -5, -6, -8
08-26 17:30:54.258 23763 23763 W app_process: ClassLoaderContext shared library size mismatch. Expected=2, found=0 (PCL[]{PCL[/system/framework/android.test.base.jar*1579129895]#PCL[/system/framework/android.test.mock.jar*1147775851]} | PCL[])
08-26 17:30:54.258 23763 23763 W app_process: ClassLoaderContext classpath size mismatch. expected=0, found=1 (PCL[]{PCL[/system/framework/android.test.runner.jar*2652887513]{PCL[/system/framework/android.test.base.jar*1579129895]#PCL[/system/framework/android.test.mock.jar*1147775851]}#PCL[/system/framework/android.test.base.jar*1579129895]} | PCL[/system/framework/android.test.runner.jar*2652887513])
08-26 17:30:54.272 23763 23763 D nativeloader: Load libframework-connectivity-tiramisu-jni.so using APEX ns com_android_tethering for caller /apex/com.android.tethering/javalib/framework-connectivity-t.jar: ok
08-26 17:30:54.272 23763 23763 D AndroidRuntime: Calling main entry com.android.commands.uiautomator.Launcher
08-26 17:30:54.274 23763 23763 I AconfigPackage: android.media.swcodec.flags is mapped to com.android.media.swcodec
08-26 17:30:54.274 23763 23763 I AconfigPackage: com.android.permission.flags is mapped to com.android.permission
08-26 17:30:54.274 23763 23763 I AconfigPackage: com.android.permissioncontroller.flags is mapped to com.android.permission
08-26 17:30:54.274 23763 23763 I AconfigPackage: com.google.android.widevine.flags is mapped to com.google.android.widevine
08-26 17:30:54.274 23763 23763 I AconfigPackage: com.android.icu is mapped to com.android.i18n
08-26 17:30:54.274 23763 23763 I AconfigPackage: com.android.appsearch.flags is mapped to com.android.appsearch
08-26 17:30:54.274 23763 23763 I AconfigPackage: com.android.uprobestats.flags is mapped to com.android.uprobestats
08-26 17:30:54.274 23763 23763 I AconfigPackage: android.uprobestats.mainline.flags is mapped to com.android.uprobestats
08-26 17:30:54.274 23763 23763 I AconfigPackage: com.android.crashrecovery.flags is mapped to com.android.crashrecovery
08-26 17:30:54.274 23763 23763 I AconfigPackage: android.provider.flags is mapped to com.android.configinfrastructure
08-26 17:30:54.274 23763 23763 I AconfigPackage: com.android.server.deviceconfig is mapped to com.android.configinfrastructure
08-26 17:30:54.274 23763 23763 I AconfigPackage: com.android.art.flags is mapped to com.android.art
08-26 17:30:54.274 23763 23763 I AconfigPackage: com.android.art.rw.flags is mapped to com.android.art
08-26 17:30:54.274 23763 23763 I AconfigPackage: com.android.libcore is mapped to com.android.art
08-26 17:30:54.274 23763 23763 I AconfigPackage: android.telecom.flags is mapped to com.android.telephonycore
08-26 17:30:54.274 23763 23763 I AconfigPackage: com.android.internal.telecom.flags is mapped to com.android.telephonycore
08-26 17:30:54.274 23763 23763 I AconfigPackage: com.android.telephony.flags is mapped to com.android.telephonycore
08-26 17:30:54.274 23763 23763 I AconfigPackage: com.android.media.extractor.flags is mapped to com.android.media
08-26 17:30:54.274 23763 23763 I AconfigPackage: com.android.media.metrics.flags is mapped to com.android.media
08-26 17:30:54.274 23763 23763 I AconfigPackage: com.android.media.mainline.flags is mapped to com.android.media
08-26 17:30:54.274 23763 23763 I AconfigPackage: com.android.wifi.flags is mapped to com.android.wifi
08-26 17:30:54.274 23763 23763 I AconfigPackage: com.android.org.conscrypt.flags is mapped to com.android.conscrypt
08-26 17:30:54.274 23763 23763 I AconfigPackage: com.android.org.conscrypt.net.flags is mapped to com.android.conscrypt
08-26 17:30:54.274 23763 23763 I AconfigPackage: com.android.healthfitness.flags is mapped to com.android.healthfitness
08-26 17:30:54.274 23763 23763 I AconfigPackage: com.android.healthfitness.beta is mapped to com.android.healthfitness
08-26 17:30:54.274 23763 23763 I AconfigPackage: com.android.ipsec.flags is mapped to com.android.ipsec
08-26 17:30:54.274 23763 23763 I AconfigPackage: com.android.nfc.module.flags is mapped to com.android.nfcservices
08-26 17:30:54.274 23763 23763 I AconfigPackage: com.android.nfc.module.nonexported.flags is mapped to com.android.nfcservices
08-26 17:30:54.274 23763 23763 I AconfigPackage: com.android.adservices.ondevicepersonalization.flags is mapped to com.android.ondevicepersonalization
08-26 17:30:54.275 23763 23763 I AconfigPackage: com.android.scheduling.flags is mapped to com.android.scheduling
08-26 17:30:54.275 23763 23763 I AconfigPackage: com.android.adbd.flags is mapped to com.android.adbd
08-26 17:30:54.275 23763 23763 I AconfigPackage: com.android.bluetooth.beta.flags is mapped to com.android.bt
08-26 17:30:54.275 23763 23763 I AconfigPackage: com.android.bluetooth.flags is mapped to com.android.bt
08-26 17:30:54.275 23763 23763 I AconfigPackage: com.android.devicelock.flags is mapped to com.android.devicelock
08-26 17:30:54.275 23763 23763 I AconfigPackage: android.os.profiling is mapped to com.android.profiling
08-26 17:30:54.275 23763 23763 I AconfigPackage: android.os.profiling.anomaly.beta.flags is mapped to com.android.profiling
08-26 17:30:54.275 23763 23763 I AconfigPackage: android.os.profiling.anomaly.flags is mapped to com.android.profiling
08-26 17:30:54.275 23763 23763 I AconfigPackage: com.android.os.statsd.flags is mapped to com.android.os.statsd
08-26 17:30:54.275 23763 23763 I AconfigPackage: com.android.webapp.flags is mapped to com.android.webapp
08-26 17:30:54.275 23763 23763 I AconfigPackage: com.android.rkpd.flags is mapped to com.android.rkpd
08-26 17:30:54.275 23763 23763 I AconfigPackage: com.android.cellbroadcastreceiver.flags is mapped to com.android.cellbroadcast
08-26 17:30:54.275 23763 23763 I AconfigPackage: com.android.adservices.flags is mapped to com.android.adservices
08-26 17:30:54.275 23763 23763 I AconfigPackage: com.android.sdksandbox.flags is mapped to com.android.adservices
08-26 17:30:54.275 23763 23763 I AconfigPackage: android.app.sdksandbox.flags is mapped to com.android.adservices
08-26 17:30:54.275 23763 23763 I AconfigPackage: com.android.uwb.flags is mapped to com.android.uwb
08-26 17:30:54.275 23763 23763 I AconfigPackage: com.android.ranging.flags is mapped to com.android.uwb
08-26 17:30:54.275 23763 23763 I AconfigPackage: com.android.npumanager is mapped to com.android.npumanager
08-26 17:30:54.275 23763 23763 I AconfigPackage: com.android.signature.flags is mapped to com.android.mediaprovider
08-26 17:30:54.275 23763 23763 I AconfigPackage: com.android.providers.media.flags is mapped to com.android.mediaprovider
08-26 17:30:54.275 23763 23763 I AconfigPackage: android.graphics.pdf.flags is mapped to com.android.mediaprovider
08-26 17:30:54.275 23763 23763 I AconfigPackage: android.graphics.pdf.flags.readonly is mapped to com.android.mediaprovider
08-26 17:30:54.275 23763 23763 I AconfigPackage: com.android.tethering.mainline.beta is mapped to com.android.tethering
08-26 17:30:54.275 23763 23763 I AconfigPackage: android.net.http is mapped to com.android.tethering
08-26 17:30:54.275 23763 23763 I AconfigPackage: com.android.tethering.readonly.flags is mapped to com.android.tethering
08-26 17:30:54.275 23763 23763 I AconfigPackage: android.net.vcn is mapped to com.android.tethering
08-26 17:30:54.275 23763 23763 I AconfigPackage: com.android.net.flags is mapped to com.android.tethering
08-26 17:30:54.275 23763 23763 I AconfigPackage: com.android.tethering.flags is mapped to com.android.tethering
08-26 17:30:54.275 23763 23763 I AconfigPackage: com.android.tethering.beta.test is mapped to com.android.tethering
08-26 17:30:54.275 23763 23763 I AconfigPackage: com.android.nearby.flags is mapped to com.android.tethering
08-26 17:30:54.275 23763 23763 I AconfigPackage: com.android.net.thread.flags is mapped to com.android.tethering
08-26 17:30:54.275 23763 23763 I AconfigPackage: android.net.http.flags is mapped to com.android.tethering
08-26 17:30:54.275 23763 23763 I AconfigPackage: com.android.system.virtualmachine.flags is mapped to com.android.virt
08-26 17:30:54.275 23763 23763 E FeatureFlagsImplExport: android.os.flagging.AconfigStorageReadException: ERROR_PACKAGE_NOT_FOUND: package android.xr cannot be found on the device
08-26 17:30:54.277 23763 23763 D UiAutomationConnection: Created on user UserHandle{0}
08-26 17:30:54.277 23763 23763 I UiAutomation: Initialized for user 0 on display 0
08-26 17:30:54.277 23763 23763 W UiAutomation: Created with deprecatead constructor, assumes DEFAULT_DISPLAY
08-26 17:30:54.277   657   670 D AccessibilityManagerService: changeCurrentUserForTestAutomationIfNeededLocked(0): ignoring because device doesn't support visible background users
08-26 17:30:54.277   657   670 I UiAutomationManager: Registering UiTestAutomationService (id=com.android.server.accessibility/UiAutomation, flags=0x0) when called by user 0
08-26 17:30:54.277   657   670 V AccessibilityManagerService: onUserStateChangedLocked for userId: 0, forceUpdate: false
08-26 17:30:54.278  1777  8087 I AiAiEcho: Settings changed for uri: content://settings/secure/accessibility_enabled
08-26 17:30:54.278   657   670 V AccessibilityUserState: updateShortcutTargets: type:accessibility_shortcut_target_service, current:{}, new:{}
08-26 17:30:54.278   657   670 V AccessibilityUserState: updateShortcutTargets: type:accessibility_button_targets, current:{}, new:{}
08-26 17:30:54.278   657   670 V AccessibilityUserState: updateShortcutTargets: type:accessibility_gesture_targets, current:{}, new:{}
08-26 17:30:54.278   657   670 V AccessibilityUserState: updateShortcutTargets: type:accessibility_qs_targets, current:{}, new:{}
08-26 17:30:54.278   657   670 V AccessibilityUserState: updateShortcutTargets: type:accessibility_key_gesture_targets, current:{}, new:{}
08-26 17:30:54.278   657   670 V AccessibilityUserState: updateShortcutTargets: type:accessibility_top_row_key_targets, current:{}, new:{}
08-26 17:30:54.278   657   670 V AccessibilityUserState: updateShortcutTargets: type:accessibility_quick_access_targets, current:{}, new:{}
08-26 17:30:54.278   657   670 W MagnificationConnectionManager: requestConnection duplicated request: connect=false, mConnectionState=DISCONNECTED
08-26 17:30:54.279  1777  1991 I AiAiEcho: Predicting[0]:  [CONTEXT sampling_count=5 ]
08-26 17:30:54.279  1777  1991 I AiAiEcho: EchoTargets: 
08-26 17:30:54.279  1777  1991 I AiAiEcho: Filtered by AiAi flag check: 
08-26 17:30:54.279  1777  1991 I AiAiEcho: [CONTEXT ratelimit_period="10 SECONDS" ]
08-26 17:30:54.279  1777  1991 I AiAiEcho: #remoteViewsTwiddler: feature disabled.
08-26 17:30:54.279   492   492 W skia    : AGTM parsing failed flags.readFromStream(s) at 159
08-26 17:30:54.279   492   492 W skia    : AGTM parsing failed flags.readFromStream(s) at 159
08-26 17:30:54.279   492   492 W skia    : AGTM parsing failed flags.readFromStream(s) at 159
08-26 17:30:54.279   492   492 W skia    : AGTM parsing failed flags.readFromStream(s) at 159
08-26 17:30:54.279   492   492 W skia    : AGTM parsing failed flags.readFromStream(s) at 159
08-26 17:30:54.279   492   492 W skia    : AGTM parsing failed flags.readFromStream(s) at 159
08-26 17:30:54.279  1777  1991 I AiAiEcho: #postPredictionTargets: Sending updates to UISurface home with targets# 0 (types=[])
08-26 17:30:54.280   657   657 W libbinder.IPCThreadState: Sending oneway calls to frozen process.
08-26 17:30:54.281   657   657 W libbinder.IPCThreadState: Sending oneway calls to frozen process.
08-26 17:30:54.281   657   657 W libbinder.IPCThreadState: Sending oneway calls to frozen process.
08-26 17:30:54.281   657   657 W libbinder.IPCThreadState: Sending oneway calls to frozen process.
08-26 17:30:54.281   657   657 W libbinder.IPCThreadState: Sending oneway calls to frozen process.
08-26 17:30:54.281   657   657 W libbinder.IPCThreadState: Sending oneway calls to frozen process.
08-26 17:30:54.281   657   657 W libbinder.IPCThreadState: Sending oneway calls to frozen process.
08-26 17:30:54.281   657   657 W libbinder.IPCThreadState: Sending oneway calls to frozen process.
08-26 17:30:54.281   657   657 W libbinder.IPCThreadState: Sending oneway calls to frozen process.
08-26 17:30:54.281   657   657 W libbinder.IPCThreadState: Sending oneway calls to frozen process.
08-26 17:30:54.281   657   657 W libbinder.IPCThreadState: Sending oneway calls to frozen process.
08-26 17:30:54.281   657   657 W libbinder.IPCThreadState: Sending oneway calls to frozen process.
08-26 17:30:54.281   657   657 W libbinder.IPCThreadState: Sending oneway calls to frozen process.
08-26 17:30:54.281   657   657 W libbinder.IPCThreadState: Sending oneway calls to frozen process.
08-26 17:30:54.281   657   657 W libbinder.IPCThreadState: Sending oneway calls to frozen process.
08-26 17:30:54.281   657   657 W libbinder.IPCThreadState: Sending oneway calls to frozen process.
08-26 17:30:54.281   492   534 W skia    : AGTM parsing failed flags.readFromStream(s) at 159
08-26 17:30:54.281   657   657 W libbinder.IPCThreadState: Sending oneway calls to frozen process.
08-26 17:30:54.281   657   657 W libbinder.IPCThreadState: Sending oneway calls to frozen process.
08-26 17:30:54.281   492   534 W skia    : AGTM parsing failed flags.readFromStream(s) at 159
08-26 17:30:54.281   657   657 W libbinder.IPCThreadState: Sending oneway calls to frozen process.
08-26 17:30:54.281   657   657 W libbinder.IPCThreadState: Sending oneway calls to frozen process.
08-26 17:30:54.281   657   657 W libbinder.IPCThreadState: Sending oneway calls to frozen process.
08-26 17:30:54.281   657   657 D BatterySaverPolicy: accessibility changed to true, updating policy.
08-26 17:30:54.292   657   670 V AccessibilityManagerService: onUserStateChangedLocked for userId: 0, forceUpdate: false
08-26 17:30:54.294   657   670 V AccessibilityUserState: updateShortcutTargets: type:accessibility_shortcut_target_service, current:{}, new:{}
08-26 17:30:54.294   657   670 V AccessibilityUserState: updateShortcutTargets: type:accessibility_button_targets, current:{}, new:{}
08-26 17:30:54.294   657   670 V AccessibilityUserState: updateShortcutTargets: type:accessibility_gesture_targets, current:{}, new:{}
08-26 17:30:54.294   657   670 V AccessibilityUserState: updateShortcutTargets: type:accessibility_qs_targets, current:{}, new:{}
08-26 17:30:54.294   657   670 V AccessibilityUserState: updateShortcutTargets: type:accessibility_key_gesture_targets, current:{}, new:{}
08-26 17:30:54.294   657   670 V AccessibilityUserState: updateShortcutTargets: type:accessibility_top_row_key_targets, current:{}, new:{}
08-26 17:30:54.294   657   670 V AccessibilityUserState: updateShortcutTargets: type:accessibility_quick_access_targets, current:{}, new:{}
08-26 17:30:54.294   657   670 W MagnificationConnectionManager: requestConnection duplicated request: connect=false, mConnectionState=DISCONNECTED
08-26 17:30:54.300   657   657 W libbinder.IPCThreadState: Sending oneway calls to frozen process.
08-26 17:30:54.300   657   657 W libbinder.IPCThreadState: Sending oneway calls to frozen process.
08-26 17:30:54.300  1777  8087 I AiAiEcho: Settings changed for uri: content://settings/secure/accessibility_enabled
08-26 17:30:54.300   657   657 W libbinder.IPCThreadState: Sending oneway calls to frozen process.
08-26 17:30:54.300   657   657 W libbinder.IPCThreadState: Sending oneway calls to frozen process.
08-26 17:30:54.300   657   657 W libbinder.IPCThreadState: Sending oneway calls to frozen process.
08-26 17:30:54.300   657   657 W libbinder.IPCThreadState: Sending oneway calls to frozen process.
08-26 17:30:54.300   657   657 W libbinder.IPCThreadState: Sending oneway calls to frozen process.
08-26 17:30:54.300   657   657 W libbinder.IPCThreadState: Sending oneway calls to frozen process.
08-26 17:30:54.300   657   657 W libbinder.IPCThreadState: Sending oneway calls to frozen process.
08-26 17:30:54.300   657   657 W libbinder.IPCThreadState: Sending oneway calls to frozen process.
08-26 17:30:54.300   657   657 W libbinder.IPCThreadState: Sending oneway calls to frozen process.
08-26 17:30:54.300   657   657 W libbinder.IPCThreadState: Sending oneway calls to frozen process.
08-26 17:30:54.300   657   657 W libbinder.IPCThreadState: Sending oneway calls to frozen process.
08-26 17:30:54.300   657   657 W libbinder.IPCThreadState: Sending oneway calls to frozen process.
08-26 17:30:54.301   657  1933 D AccessibilityManagerService: .getAccessibilityShortcutTargets {shortcutType=32, userId=0}
08-26 17:30:54.302  1777  1991 I AiAiEcho: Predicting[0]:  [CONTEXT sampling_count=5 ]
08-26 17:30:54.302  1777  1991 I AiAiEcho: EchoTargets: 
08-26 17:30:54.302  1777  1991 I AiAiEcho: Filtered by AiAi flag check: 
08-26 17:30:54.302  1777  1991 I AiAiEcho: [CONTEXT ratelimit_period="10 SECONDS" ]
08-26 17:30:54.302  1777  1991 I AiAiEcho: #remoteViewsTwiddler: feature disabled.
08-26 17:30:54.302  1777  1991 I AiAiEcho: #postPredictionTargets: Sending updates to UISurface home with targets# 0 (types=[])
08-26 17:30:54.317   492   492 W skia    : AGTM parsing failed flags.readFromStream(s) at 159
08-26 17:30:54.317   492   492 W skia    : AGTM parsing failed flags.readFromStream(s) at 159
08-26 17:30:54.317   492   492 W skia    : AGTM parsing failed flags.readFromStream(s) at 159
08-26 17:30:54.317   492   492 W skia    : AGTM parsing failed flags.readFromStream(s) at 159
08-26 17:30:54.317   492   492 W skia    : AGTM parsing failed flags.readFromStream(s) at 159
08-26 17:30:54.317   492   492 W skia    : AGTM parsing failed flags.readFromStream(s) at 159
08-26 17:30:54.317  1099  1099 D SsBaseTemplateCard: Passed-in item info is null
08-26 17:30:54.317  1099  1099 D SsBaseTemplateCard: Passed-in item info is null
08-26 17:30:54.317  1099  1099 D SsBaseTemplateCard: Passed-in item info is null
08-26 17:30:54.317  1099  1099 D SsBaseTemplateCard: Passed-in item info is null
08-26 17:30:54.317  1099  1099 I SsBaseTemplateCard: Secondary card pane is null
08-26 17:30:54.339  1099  1099 D SsBaseTemplateCard: Passed-in item info is null
08-26 17:30:54.339  1099  1099 D SsBaseTemplateCard: Passed-in item info is null
08-26 17:30:54.339  1099  1099 D SsBaseTemplateCard: Passed-in item info is null
08-26 17:30:54.339  1099  1099 D SsBaseTemplateCard: Passed-in item info is null
08-26 17:30:54.339  1099  1099 I SsBaseTemplateCard: Secondary card pane is null
08-26 17:30:54.356   492   492 W skia    : AGTM parsing failed flags.readFromStream(s) at 159
08-26 17:30:54.356   492   492 W skia    : AGTM parsing failed flags.readFromStream(s) at 159
08-26 17:30:54.356   492   492 W skia    : AGTM parsing failed flags.readFromStream(s) at 159
08-26 17:30:54.356   492   492 W skia    : AGTM parsing failed flags.readFromStream(s) at 159
08-26 17:30:54.356   492   492 W skia    : AGTM parsing failed flags.readFromStream(s) at 159
08-26 17:30:54.356   492   492 W skia    : AGTM parsing failed flags.readFromStream(s) at 159
08-26 17:30:54.419   492   492 W skia    : AGTM parsing failed flags.readFromStream(s) at 159
08-26 17:30:54.478   492   492 W skia    : AGTM parsing failed flags.readFromStream(s) at 159
08-26 17:30:54.480   492   534 W skia    : AGTM parsing failed flags.readFromStream(s) at 159
08-26 17:30:54.480   492   534 W skia    : AGTM parsing failed flags.readFromStream(s) at 159
08-26 17:30:55.434  1099  1099 I HomeScreenFilesUtils: Paste not supported by feature flag
08-26 17:30:55.440  1099  1099 W ApplicationInfo: Large ApplicationInfo parcel: size=19876 package=com.google.android.googlequicksearchbox sharedLibs=3 resDirs=2 overlayPaths=2
08-26 17:30:55.442  1725  1896 W MediaProvider: isAppCloneUserPair for user 0: false
08-26 17:30:55.449  1099  1099 I HomeScreenFilesUtils: Paste not supported by feature flag
08-26 17:30:55.453  1099  1099 W ApplicationInfo: Large ApplicationInfo parcel: size=19876 package=com.google.android.googlequicksearchbox sharedLibs=3 resDirs=2 overlayPaths=2
08-26 17:30:55.457 23763 23763 I AccessibilityNodeInfoDumper: Skipping invisible child: android.view.accessibility.AccessibilityNodeInfo@79a05; boundsInParent: Rect(0, 0 - 0, 144); boundsInScreen: Rect(896, 2563 - 896, 2707); boundsInWindow: Rect(896, 2563 - 896, 2707); packageName: com.google.android.googlequicksearchbox; className: android.widget.FrameLayout; text: null; error: null; maxTextLength: -1; stateDescription: null; contentDescription: null; tooltipText: null; containerTitle: null; viewIdResName: null; uniqueId: null; checkable: false; checked: false; focusable: false; focused: false; selected: false; clickable: false; longClickable: false; contextClickable: false; enabled: true; password: false; scrollable: false; granularScrollingSupported: false; importantForAccessibility: false; visible: false; actions: [AccessibilityAction: ACTION_SELECT - null, AccessibilityAction: ACTION_CLEAR_SELECTION - null, AccessibilityAction: ACTION_ACCESSIBILITY_FOCUS - null, AccessibilityAction: ACTION_SHOW_ON_SCREEN - null]; isTextSelectable: false
08-26 17:30:55.461 23763 23763 W AccessibilityNodeInfoDumper: Fetch time: 23ms
08-26 17:30:55.463   657  1933 V AccessibilityManagerService: onUserStateChangedLocked for userId: 0, forceUpdate: false
08-26 17:30:55.464   657  1933 V AccessibilityUserState: updateShortcutTargets: type:accessibility_shortcut_target_service, current:{}, new:{}
08-26 17:30:55.464   657  1933 V AccessibilityUserState: updateShortcutTargets: type:accessibility_button_targets, current:{}, new:{}
08-26 17:30:55.464   657  1933 V AccessibilityUserState: updateShortcutTargets: type:accessibility_gesture_targets, current:{}, new:{}
08-26 17:30:55.464   657  1933 V AccessibilityUserState: updateShortcutTargets: type:accessibility_qs_targets, current:{}, new:{}
08-26 17:30:55.464   657  1933 V AccessibilityUserState: updateShortcutTargets: type:accessibility_key_gesture_targets, current:{}, new:{}
08-26 17:30:55.464   657  1933 V AccessibilityUserState: updateShortcutTargets: type:accessibility_top_row_key_targets, current:{}, new:{}
08-26 17:30:55.464   657  1933 V AccessibilityUserState: updateShortcutTargets: type:accessibility_quick_access_targets, current:{}, new:{}
08-26 17:30:55.464   657  1933 W MagnificationConnectionManager: requestConnection duplicated request: connect=false, mConnectionState=DISCONNECTED
08-26 17:30:55.464   657  1933 D AccessibilityManagerService: restoreCurrentUserForTestAutomationIfNeededLocked(): ignoring because device doesn't support visible background users
08-26 17:30:55.464   657   657 W libbinder.IPCThreadState: Sending oneway calls to frozen process.
08-26 17:30:55.464   657   657 W libbinder.IPCThreadState: Sending oneway calls to frozen process.
08-26 17:30:55.464   657   657 W libbinder.IPCThreadState: Sending oneway calls to frozen process.
08-26 17:30:55.464   657   657 W libbinder.IPCThreadState: Sending oneway calls to frozen process.
08-26 17:30:55.464  1777  8087 I AiAiEcho: Settings changed for uri: content://settings/secure/accessibility_enabled
08-26 17:30:55.464   657   657 W libbinder.IPCThreadState: Sending oneway calls to frozen process.
08-26 17:30:55.464  1777  1991 I AiAiEcho: Predicting[0]:  [CONTEXT sampling_count=5 ]
08-26 17:30:55.464   657   657 W libbinder.IPCThreadState: Sending oneway calls to frozen process.
08-26 17:30:55.464   657   657 W libbinder.IPCThreadState: Sending oneway calls to frozen process.
08-26 17:30:55.464  1777  1991 I AiAiEcho: EchoTargets: 
08-26 17:30:55.464  1777  1991 I AiAiEcho: Filtered by AiAi flag check: 
08-26 17:30:55.464  1777  1991 I AiAiEcho: [CONTEXT ratelimit_period="10 SECONDS" ]
08-26 17:30:55.465   657   657 W libbinder.IPCThreadState: Sending oneway calls to frozen process.
08-26 17:30:55.465   657   657 W libbinder.IPCThreadState: Sending oneway calls to frozen process.
08-26 17:30:55.465  1777  1991 I AiAiEcho: #remoteViewsTwiddler: feature disabled.
08-26 17:30:55.465   657   657 W libbinder.IPCThreadState: Sending oneway calls to frozen process.
08-26 17:30:55.465   657   657 W libbinder.IPCThreadState: Sending oneway calls to frozen process.
08-26 17:30:55.465   657   657 W libbinder.IPCThreadState: Sending oneway calls to frozen process.
08-26 17:30:55.465   657   657 W libbinder.IPCThreadState: Sending oneway calls to frozen process.
08-26 17:30:55.465  1777  1991 I AiAiEcho: #postPredictionTargets: Sending updates to UISurface home with targets# 0 (types=[])
08-26 17:30:55.465   657   657 W libbinder.IPCThreadState: Sending oneway calls to frozen process.
08-26 17:30:55.465   657   657 W libbinder.IPCThreadState: Sending oneway calls to frozen process.
08-26 17:30:55.465   657   657 W libbinder.IPCThreadState: Sending oneway calls to frozen process.
08-26 17:30:55.466 23763 23763 D AndroidRuntime: Shutting down VM
08-26 17:30:55.467 23763 23776 W libbinder.IPCThreadState: call to talkWithDriver in joinThreadPool returned error: -9 (Bad file descriptor), FD: -1
08-26 17:30:55.467 23763 23772 W libbinder.IPCThreadState: call to talkWithDriver in joinThreadPool returned error: -9 (Bad file descriptor), FD: -1
08-26 17:30:55.468 23763 23773 W libbinder.IPCThreadState: call to talkWithDriver in joinThreadPool returned error: -9 (Bad file descriptor), FD: -1
08-26 17:30:55.468   657   657 W libbinder.IPCThreadState: Sending oneway calls to frozen process.
08-26 17:30:55.468   657   657 W libbinder.IPCThreadState: Sending oneway calls to frozen process.
08-26 17:30:55.468   657   657 W libbinder.IPCThreadState: Sending oneway calls to frozen process.
08-26 17:30:55.468   657   657 W libbinder.IPCThreadState: Sending oneway calls to frozen process.
08-26 17:30:55.468   657   657 W libbinder.IPCThreadState: Sending oneway calls to frozen process.
08-26 17:30:55.468   657   657 D BatterySaverPolicy: accessibility changed to false, updating policy.
08-26 17:30:55.480   492   492 W skia    : AGTM parsing failed flags.readFromStream(s) at 159
08-26 17:30:55.480   492   492 W skia    : AGTM parsing failed flags.readFromStream(s) at 159
08-26 17:30:55.480   492   492 W skia    : AGTM parsing failed flags.readFromStream(s) at 159
08-26 17:30:55.480   492   492 W skia    : AGTM parsing failed flags.readFromStream(s) at 159
08-26 17:30:55.480   492   492 W skia    : AGTM parsing failed flags.readFromStream(s) at 159
08-26 17:30:55.480   492   492 W skia    : AGTM parsing failed flags.readFromStream(s) at 159
08-26 17:30:55.484   492   534 W skia    : AGTM parsing failed flags.readFromStream(s) at 159
08-26 17:30:55.484   492   534 W skia    : AGTM parsing failed flags.readFromStream(s) at 159
08-26 17:30:55.519   492   492 W skia    : AGTM parsing failed flags.readFromStream(s) at 159
08-26 17:30:55.519   492   492 W skia    : AGTM parsing failed flags.readFromStream(s) at 159
08-26 17:30:55.519   492   492 W skia    : AGTM parsing failed flags.readFromStream(s) at 159
08-26 17:30:55.519   492   492 W skia    : AGTM parsing failed flags.readFromStream(s) at 159
08-26 17:30:55.519   492   492 W skia    : AGTM parsing failed flags.readFromStream(s) at 159
08-26 17:30:55.519   492   492 W skia    : AGTM parsing failed flags.readFromStream(s) at 159
08-26 17:30:55.521  1099  1099 D SsBaseTemplateCard: Passed-in item info is null
08-26 17:30:55.521  1099  1099 D SsBaseTemplateCard: Passed-in item info is null
08-26 17:30:55.521  1099  1099 D SsBaseTemplateCard: Passed-in item info is null
08-26 17:30:55.521  1099  1099 D SsBaseTemplateCard: Passed-in item info is null
08-26 17:30:55.521  1099  1099 I SsBaseTemplateCard: Secondary card pane is null
08-26 17:30:55.547   492   492 W skia    : AGTM parsing failed flags.readFromStream(s) at 159
08-26 17:30:55.547   492   492 W skia    : AGTM parsing failed flags.readFromStream(s) at 159
08-26 17:30:55.547   492   492 W skia    : AGTM parsing failed flags.readFromStream(s) at 159
08-26 17:30:55.547   492   492 W skia    : AGTM parsing failed flags.readFromStream(s) at 159
08-26 17:30:55.547   492   492 W skia    : AGTM parsing failed flags.readFromStream(s) at 159
08-26 17:30:55.547   492   492 W skia    : AGTM parsing failed flags.readFromStream(s) at 159
08-26 17:30:55.547   492   492 W skia    : AGTM parsing failed flags.readFromStream(s) at 159
08-26 17:30:55.594   492   534 W skia    : AGTM parsing failed flags.readFromStream(s) at 159
08-26 17:30:55.594   492   534 W skia    : AGTM parsing failed flags.readFromStream(s) at 159
08-26 17:30:55.697   492   534 W skia    : AGTM parsing failed flags.readFromStream(s) at 159
08-26 17:30:55.698   492   534 W skia    : AGTM parsing failed flags.readFromStream(s) at 159
08-26 17:30:55.708  1095  1243 E SatelliteController: isSatelliteEnabled: mIsSatelliteEnabled=null
08-26 17:30:55.708  1095  1243 D SatelliteController: isInCarrierRoamingNbIotNtn: satellite is disabled
08-26 17:30:55.708  1095  1243 D SatelliteController: getCarrierRoamingNtnConnectType: Checking connect type from PLMN config for subId: 1
08-26 17:30:55.708  1095  1243 D TelephonyConfigUpdateInstallReceiver: getConfigParser: domain=satellite
08-26 17:30:55.708  1095  1243 V SatelliteController: satelliteConfigParser is not ready
08-26 17:30:55.708  1095  1243 D SatelliteController: isSatelliteAttachSupportedViaConfigupdater: return null (satelliteConfig is null)
08-26 17:30:55.708   657   671 W libbinder.IPCThreadState: Sending oneway calls to frozen process.
08-26 17:30:55.708  1095  1243 D SatelliteController: getConfigForSubId: subId= 1, config= PersistableBundle[{satellite_esos_supported_bool=false, satellite_connection_hysteresis_sec_int=180, satellite_supported_disaster_plmn_string_array=[], regional_satellite_earfcn_bundle=PersistableBundle[{}], satellite_entitlement_supported_bool=false, satellite_supported_emergency_plmn_string_array=[], satellite_configs_per_plmn_bundle=PersistableBundle[{}], satellite_sos_max_datagram_size_bytes_int=255, satellite_supported_msg_apps_string_array=[com.google.android.apps.messaging], satellite_connected_notification_throttle_millis_int=604800000, satellite_display_name_string=, satellite_roaming_p2p_sms_inactivity_timeout_sec_int=180, satellite_roaming_turn_off_session_for_emergency_call_bool=true, emergency_messaging_supported_bool=false, carrier_roaming_satellite_emergency_messaging_provider_per_country_bundle=PersistableBundle[{}], satellite_data_support_mode_int=0, carrier_roaming_ntn_connect_type_int=0, satellite_attach_supported_bool=false, carrier_roaming_satellite_emergency_messaging_redirection_destination_string=, satellite_nidd_apn_name_string=, carrier_supported_satellite_services_per_provider_bundle=PersistableBundle[{310830=[2, 3, 6]}], satellite_roaming_esos_inactivity_timeout_sec_int=300, carrier_supported_satellite_notification_hysteresis_sec_int=180, carrier_config_applied_bool=true, carrier_roaming_ntn_emergency_call_to_satellite_handover_type_int=2, carrier_roaming_satellite_default_services_int_array=[2, 3, 6], imsserviceentitlement.entitlement_server_url_string=, emergency_call_to_satellite_t911_handover_timeout_millis_int=30000, satellite_roaming_p2p_sms_supported_bool=false, carrier_config_version_string=, satellite_roaming_screen_off_inactivity_timeout_sec_int=30}]
08-26 17:30:55.709  1095  1243 D SatelliteController: isSatelliteSupportedViaCarrier: using CarrierConfig for subId=1, isAttachSupported=false
08-26 17:30:55.709  1095  1243 D SatelliteController: getSatellitePerPlmnConfiguration: invalid subId or not supported via carrier.
08-26 17:30:55.709  1095  1243 D SatelliteController: getCarrierRoamingNtnConnectType: config: null
08-26 17:30:55.709  1095  1243 D TelephonyConfigUpdateInstallReceiver: getConfigParser: domain=satellite
08-26 17:30:55.709  1095  1243 V SatelliteController: satelliteConfigParser is not ready
08-26 17:30:55.709  1095  1243 D SatelliteController: getCarrierRoamingNtnConnectTypeViaConfigUpdater: return null (satelliteConfig is null)
08-26 17:30:55.709  1095  1243 D SatelliteController: getConfigForSubId: subId= 1, config= PersistableBundle[{satellite_esos_supported_bool=false, satellite_connection_hysteresis_sec_int=180, satellite_supported_disaster_plmn_string_array=[], regional_satellite_earfcn_bundle=PersistableBundle[{}], satellite_entitlement_supported_bool=false, satellite_supported_emergency_plmn_string_array=[], satellite_configs_per_plmn_bundle=PersistableBundle[{}], satellite_sos_max_datagram_size_bytes_int=255, satellite_supported_msg_apps_string_array=[com.google.android.apps.messaging], satellite_connected_notification_throttle_millis_int=604800000, satellite_display_name_string=, satellite_roaming_p2p_sms_inactivity_timeout_sec_int=180, satellite_roaming_turn_off_session_for_emergency_call_bool=true, emergency_messaging_supported_bool=false, carrier_roaming_satellite_emergency_messaging_provider_per_country_bundle=PersistableBundle[{}], satellite_data_support_mode_int=0, carrier_roaming_ntn_connect_type_int=0, satellite_attach_supported_bool=false, carrier_roaming_satellite_emergency_messaging_redirection_destination_string=, satellite_nidd_apn_name_string=, carrier_supported_satellite_services_per_provider_bundle=PersistableBundle[{310830=[2, 3, 6]}], satellite_roaming_esos_inactivity_timeout_sec_int=300, carrier_supported_satellite_notification_hysteresis_sec_int=180, carrier_config_applied_bool=true, carrier_roaming_ntn_emergency_call_to_satellite_handover_type_int=2, carrier_roaming_satellite_default_services_int_array=[2, 3, 6], imsserviceentitlement.entitlement_server_url_string=, emergency_call_to_satellite_t911_handover_timeout_millis_int=30000, satellite_roaming_p2p_sms_supported_bool=false, carrier_config_version_string=, satellite_roaming_screen_off_inactivity_timeout_sec_int=30}]
08-26 17:30:55.709  1095  1243 D SatelliteController: getCarrierRoamingNtnConnectType: Falling back to global carrier config connect type: 0
08-26 17:30:55.709  1095  1243 D TelephonyConfigUpdateInstallReceiver: getConfigParser: domain=satellite
08-26 17:30:55.709  1095  1243 V SatelliteController: satelliteConfigParser is not ready
08-26 17:30:55.709  1095  1243 D SatelliteController: isSatelliteAttachSupportedViaConfigupdater: return null (satelliteConfig is null)
08-26 17:30:55.709  1095  1243 D SatelliteController: getConfigForSubId: subId= 1, config= PersistableBundle[{satellite_esos_supported_bool=false, satellite_connection_hysteresis_sec_int=180, satellite_supported_disaster_plmn_string_array=[], regional_satellite_earfcn_bundle=PersistableBundle[{}], satellite_entitlement_supported_bool=false, satellite_supported_emergency_plmn_string_array=[], satellite_configs_per_plmn_bundle=PersistableBundle[{}], satellite_sos_max_datagram_size_bytes_int=255, satellite_supported_msg_apps_string_array=[com.google.android.apps.messaging], satellite_connected_notification_throttle_millis_int=604800000, satellite_display_name_string=, satellite_roaming_p2p_sms_inactivity_timeout_sec_int=180, satellite_roaming_turn_off_session_for_emergency_call_bool=true, emergency_messaging_supported_bool=false, carrier_roaming_satellite_emergency_messaging_provider_per_country_bundle=PersistableBundle[{}], satellite_data_support_mode_int=0, carrier_roaming_ntn_connect_type_int=0, satellite_attach_supported_bool=false, carrier_roaming_satellite_emergency_messaging_redirection_destination_string=, satellite_nidd_apn_name_string=, carrier_supported_satellite_services_per_provider_bundle=PersistableBundle[{310830=[2, 3, 6]}], satellite_roaming_esos_inactivity_timeout_sec_int=300, carrier_supported_satellite_notification_hysteresis_sec_int=180, carrier_config_applied_bool=true, carrier_roaming_ntn_emergency_call_to_satellite_handover_type_int=2, carrier_roaming_satellite_default_services_int_array=[2, 3, 6], imsserviceentitlement.entitlement_server_url_string=, emergency_call_to_satellite_t911_handover_timeout_millis_int=30000, satellite_roaming_p2p_sms_supported_bool=false, carrier_config_version_string=, satellite_roaming_screen_off_inactivity_timeout_sec_int=30}]
08-26 17:30:55.709  1095  1243 D SatelliteController: isSatelliteSupportedViaCarrier: using CarrierConfig for subId=1, isAttachSupported=false
08-26 17:30:55.709  1095  1243 D SatelliteController: isInSatelliteModeForCarrierRoaming: subId=1, connectType=0, result=false
08-26 17:30:55.709  1095  1243 D SatelliteController: getCarrierRoamingNtnConnectType: Checking connect type from PLMN config for subId: 1
08-26 17:30:55.709  1095  1243 D TelephonyConfigUpdateInstallReceiver: getConfigParser: domain=satellite
08-26 17:30:55.709  1095  1243 V SatelliteController: satelliteConfigParser is not ready
08-26 17:30:55.709  1095  1243 D SatelliteController: isSatelliteAttachSupportedViaConfigupdater: return null (satelliteConfig is null)
08-26 17:30:55.709  1095  1243 D SatelliteController: getConfigForSubId: subId= 1, config= PersistableBundle[{satellite_esos_supported_bool=false, satellite_connection_hysteresis_sec_int=180, satellite_supported_disaster_plmn_string_array=[], regional_satellite_earfcn_bundle=PersistableBundle[{}], satellite_entitlement_supported_bool=false, satellite_supported_emergency_plmn_string_array=[], satellite_configs_per_plmn_bundle=PersistableBundle[{}], satellite_sos_max_datagram_size_bytes_int=255, satellite_supported_msg_apps_string_array=[com.google.android.apps.messaging], satellite_connected_notification_throttle_millis_int=604800000, satellite_display_name_string=, satellite_roaming_p2p_sms_inactivity_timeout_sec_int=180, satellite_roaming_turn_off_session_for_emergency_call_bool=true, emergency_messaging_supported_bool=false, carrier_roaming_satellite_emergency_messaging_provider_per_country_bundle=PersistableBundle[{}], satellite_data_support_mode_int=0, carrier_roaming_ntn_connect_type_int=0, satellite_attach_supported_bool=false, carrier_roaming_satellite_emergency_messaging_redirection_destination_string=, satellite_nidd_apn_name_string=, carrier_supported_satellite_services_per_provider_bundle=PersistableBundle[{310830=[2, 3, 6]}], satellite_roaming_esos_inactivity_timeout_sec_int=300, carrier_supported_satellite_notification_hysteresis_sec_int=180, carrier_config_applied_bool=true, carrier_roaming_ntn_emergency_call_to_satellite_handover_type_int=2, carrier_roaming_satellite_default_services_int_array=[2, 3, 6], imsserviceentitlement.entitlement_server_url_string=, emergency_call_to_satellite_t911_handover_timeout_millis_int=30000, satellite_roaming_p2p_sms_supported_bool=false, carrier_config_version_string=, satellite_roaming_screen_off_inactivity_timeout_sec_int=30}]
08-26 17:30:55.709  1095  1243 D SatelliteController: isSatelliteSupportedViaCarrier: using CarrierConfig for subId=1, isAttachSupported=false
08-26 17:30:55.709  1095  1243 D SatelliteController: getSatellitePerPlmnConfiguration: invalid subId or not supported via carrier.
08-26 17:30:55.709  1095  1243 D SatelliteController: getCarrierRoamingNtnConnectType: config: null
08-26 17:30:55.709  1095  1243 D TelephonyConfigUpdateInstallReceiver: getConfigParser: domain=satellite
08-26 17:30:55.709  1095  1243 V SatelliteController: satelliteConfigParser is not ready
08-26 17:30:55.709  1095  1243 D SatelliteController: getCarrierRoamingNtnConnectTypeViaConfigUpdater: return null (satelliteConfig is null)
08-26 17:30:55.709  1095  1243 D SatelliteController: getConfigForSubId: subId= 1, config= PersistableBundle[{satellite_esos_supported_bool=false, satellite_connection_hysteresis_sec_int=180, satellite_supported_disaster_plmn_string_array=[], regional_satellite_earfcn_bundle=PersistableBundle[{}], satellite_entitlement_supported_bool=false, satellite_supported_emergency_plmn_string_array=[], satellite_configs_per_plmn_bundle=PersistableBundle[{}], satellite_sos_max_datagram_size_bytes_int=255, satellite_supported_msg_apps_string_array=[com.google.android.apps.messaging], satellite_connected_notification_throttle_millis_int=604800000, satellite_display_name_string=, satellite_roaming_p2p_sms_inactivity_timeout_sec_int=180, satellite_roaming_turn_off_session_for_emergency_call_bool=true, emergency_messaging_supported_bool=false, carrier_roaming_satellite_emergency_messaging_provider_per_country_bundle=PersistableBundle[{}], satellite_data_support_mode_int=0, carrier_roaming_ntn_connect_type_int=0, satellite_attach_supported_bool=false, carrier_roaming_satellite_emergency_messaging_redirection_destination_string=, satellite_nidd_apn_name_string=, carrier_supported_satellite_services_per_provider_bundle=PersistableBundle[{310830=[2, 3, 6]}], satellite_roaming_esos_inactivity_timeout_sec_int=300, carrier_supported_satellite_notification_hysteresis_sec_int=180, carrier_config_applied_bool=true, carrier_roaming_ntn_emergency_call_to_satellite_handover_type_int=2, carrier_roaming_satellite_default_services_int_array=[2, 3, 6], imsserviceentitlement.entitlement_server_url_string=, emergency_call_to_satellite_t911_handover_timeout_millis_int=30000, satellite_roaming_p2p_sms_supported_bool=false, carrier_config_version_string=, satellite_roaming_screen_off_inactivity_timeout_sec_int=30}]
08-26 17:30:55.709  1095  1243 D SatelliteController: getCarrierRoamingNtnConnectType: Falling back to global carrier config connect type: 0
08-26 17:30:55.709  1095  1243 D TelephonyConfigUpdateInstallReceiver: getConfigParser: domain=satellite
08-26 17:30:55.709  1095  1243 V SatelliteController: satelliteConfigParser is not ready
08-26 17:30:55.709  1095  1243 D SatelliteController: isSatelliteAttachSupportedViaConfigupdater: return null (satelliteConfig is null)
08-26 17:30:55.709  1095  1243 D SatelliteController: getConfigForSubId: subId= 1, config= PersistableBundle[{satellite_esos_supported_bool=false, satellite_connection_hysteresis_sec_int=180, satellite_supported_disaster_plmn_string_array=[], regional_satellite_earfcn_bundle=PersistableBundle[{}], satellite_entitlement_supported_bool=false, satellite_supported_emergency_plmn_string_array=[], satellite_configs_per_plmn_bundle=PersistableBundle[{}], satellite_sos_max_datagram_size_bytes_int=255, satellite_supported_msg_apps_string_array=[com.google.android.apps.messaging], satellite_connected_notification_throttle_millis_int=604800000, satellite_display_name_string=, satellite_roaming_p2p_sms_inactivity_timeout_sec_int=180, satellite_roaming_turn_off_session_for_emergency_call_bool=true, emergency_messaging_supported_bool=false, carrier_roaming_satellite_emergency_messaging_provider_per_country_bundle=PersistableBundle[{}], satellite_data_support_mode_int=0, carrier_roaming_ntn_connect_type_int=0, satellite_attach_supported_bool=false, carrier_roaming_satellite_emergency_messaging_redirection_destination_string=, satellite_nidd_apn_name_string=, carrier_supported_satellite_services_per_provider_bundle=PersistableBundle[{310830=[2, 3, 6]}], satellite_roaming_esos_inactivity_timeout_sec_int=300, carrier_supported_satellite_notification_hysteresis_sec_int=180, carrier_config_applied_bool=true, carrier_roaming_ntn_emergency_call_to_satellite_handover_type_int=2, carrier_roaming_satellite_default_services_int_array=[2, 3, 6], imsserviceentitlement.entitlement_server_url_string=, emergency_call_to_satellite_t911_handover_timeout_millis_int=30000, satellite_roaming_p2p_sms_supported_bool=false, carrier_config_version_string=, satellite_roaming_screen_off_inactivity_timeout_sec_int=30}]
08-26 17:30:55.709  1095  1243 D SatelliteController: isSatelliteSupportedViaCarrier: using CarrierConfig for subId=1, isAttachSupported=false
08-26 17:30:55.709  1095  1243 D SatelliteController: isInSatelliteModeForCarrierRoaming: subId=1, connectType=0, result=false
08-26 17:30:56.324   517   517 I adbd    : adbd service requested 'shell,v2,TERM=dumb,raw:cat /sdcard/jsabi-home-back-1.xml'
08-26 17:30:56.363   517   517 I adbd    : adbd service requested 'shell,v2,TERM=dumb,raw:input tap 954 1062'
08-26 17:30:56.515   657  1821 E TaskPersister: File error accessing recents directory (directory doesn't exist?).
08-26 17:30:57.433   517   517 I adbd    : adbd service requested 'exec:screencap '-p''
08-26 17:30:57.509 23786 23786 W libbinder.BackendUnifiedServiceManager: Thread Pool max thread count is 0. Cannot cache binder as linkToDeath cannot be implemented. serviceName: SurfaceFlingerAIDL
08-26 17:30:57.509 23786 23786 W libbinder.BpBinder: Linking to death on android.gui.ISurfaceComposer but there are no threads (yet?) listening to incoming transactions. See ProcessState::startThreadPool and ProcessState::setThreadPoolMaxThreadCount. Generally you should setup the binder threadpool before other initialization steps.
08-26 17:30:57.510 23786 23786 W libbinder.ProcessState: Extra binder thread started, but 0 threads requested. Do not use *startThreadPool when zero threads are requested.
08-26 17:30:57.513   492   534 W skia    : AGTM parsing failed flags.readFromStream(s) at 159
08-26 17:30:57.513   492   534 W skia    : AGTM parsing failed flags.readFromStream(s) at 159
08-26 17:30:57.513   492   534 W skia    : AGTM parsing failed flags.readFromStream(s) at 159
08-26 17:30:57.513   492   534 W skia    : AGTM parsing failed flags.readFromStream(s) at 159
08-26 17:30:57.539 23786 23787 W libc    : Access denied finding property "vendor.mesa.virtgpu.kumquat"
08-26 17:30:58.318   517   517 I adbd    : adbd service requested 'shell,v2,TERM=dumb,raw:uiautomator dump /sdcard/jsabi-detail-2.xml'
08-26 17:30:58.356 23788 23788 D AndroidRuntime: >>>>>> START com.android.internal.os.RuntimeInit uid 2000 <<<<<<
08-26 17:30:58.357 23788 23788 I AndroidRuntime: Using default boot image
08-26 17:30:58.357 23788 23788 I AndroidRuntime: Leaving lock profiling enabled
08-26 17:30:58.358 23788 23788 I app_process: Core platform API enforcement reporting only by runtime option
08-26 17:30:58.358 23788 23788 I app_process: Using generational CollectorTypeCMC GC.
08-26 17:30:58.382 23788 23788 D nativeloader: InitDefaultPublicLibraries for_preload=1: libandroid.so:libaaudio.so:libamidi.so:libbinder_ndk.so:libc.so:libcamera2ndk.so:libdl.so:libEGL.so:libGLESv1_CM.so:libGLESv2.so:libGLESv3.so:libicu.so:libicui18n.so:libicuuc.so:libjnigraphics.so:liblog.so:libmediandk.so:libm.so:libnativehelper.so:libnativewindow.so:libOpenMAXAL.so:libOpenSLES.so:libRS.so:libstdc++.so:libsync.so:libvulkan.so:libwebviewchromium_plat_support.so:libz.so
08-26 17:30:58.386 23788 23788 D nativeloader: Load libicu_jni.so using APEX ns com_android_art for caller /apex/com.android.art/javalib/core-oj.jar: ok
08-26 17:30:58.386 23788 23788 D app_process: u_setTimeZoneFilesDirectory("/apex/com.android.tzdata/etc/tz/versioned/10/icu") succeeded. 
08-26 17:30:58.386 23788 23788 D app_process: I18n APEX ICU file found: /apex/com.android.i18n/etc/icu/icudt78l.dat
08-26 17:30:58.387 23788 23788 D nativeloader: Load libjavacore.so using APEX ns com_android_art for caller /apex/com.android.art/javalib/core-oj.jar: ok
08-26 17:30:58.387 23788 23788 D nativeloader: Load libopenjdk.so using APEX ns com_android_art for caller /apex/com.android.art/javalib/core-oj.jar: ok
08-26 17:30:58.388 23788 23788 I app_process: Priority-to-niceness mapping: 19, 16, 13, 10, 0, -2, -4, -5, -6, -8
08-26 17:30:58.388 23788 23788 W app_process: ClassLoaderContext shared library size mismatch. Expected=2, found=0 (PCL[]{PCL[/system/framework/android.test.base.jar*1579129895]#PCL[/system/framework/android.test.mock.jar*1147775851]} | PCL[])
08-26 17:30:58.389 23788 23788 W app_process: ClassLoaderContext classpath size mismatch. expected=0, found=1 (PCL[]{PCL[/system/framework/android.test.runner.jar*2652887513]{PCL[/system/framework/android.test.base.jar*1579129895]#PCL[/system/framework/android.test.mock.jar*1147775851]}#PCL[/system/framework/android.test.base.jar*1579129895]} | PCL[/system/framework/android.test.runner.jar*2652887513])
08-26 17:30:58.399 23788 23788 D nativeloader: Load libframework-connectivity-tiramisu-jni.so using APEX ns com_android_tethering for caller /apex/com.android.tethering/javalib/framework-connectivity-t.jar: ok
08-26 17:30:58.399 23788 23788 D AndroidRuntime: Calling main entry com.android.commands.uiautomator.Launcher
08-26 17:30:58.401 23788 23788 I AconfigPackage: android.media.swcodec.flags is mapped to com.android.media.swcodec
08-26 17:30:58.401 23788 23788 I AconfigPackage: com.android.permission.flags is mapped to com.android.permission
08-26 17:30:58.401 23788 23788 I AconfigPackage: com.android.permissioncontroller.flags is mapped to com.android.permission
08-26 17:30:58.401 23788 23788 I AconfigPackage: com.google.android.widevine.flags is mapped to com.google.android.widevine
08-26 17:30:58.401 23788 23788 I AconfigPackage: com.android.icu is mapped to com.android.i18n
08-26 17:30:58.401 23788 23788 I AconfigPackage: com.android.appsearch.flags is mapped to com.android.appsearch
08-26 17:30:58.401 23788 23788 I AconfigPackage: com.android.uprobestats.flags is mapped to com.android.uprobestats
08-26 17:30:58.401 23788 23788 I AconfigPackage: android.uprobestats.mainline.flags is mapped to com.android.uprobestats
08-26 17:30:58.401 23788 23788 I AconfigPackage: com.android.crashrecovery.flags is mapped to com.android.crashrecovery
08-26 17:30:58.401 23788 23788 I AconfigPackage: android.provider.flags is mapped to com.android.configinfrastructure
08-26 17:30:58.401 23788 23788 I AconfigPackage: com.android.server.deviceconfig is mapped to com.android.configinfrastructure
08-26 17:30:58.401 23788 23788 I AconfigPackage: com.android.art.flags is mapped to com.android.art
08-26 17:30:58.401 23788 23788 I AconfigPackage: com.android.art.rw.flags is mapped to com.android.art
08-26 17:30:58.401 23788 23788 I AconfigPackage: com.android.libcore is mapped to com.android.art
08-26 17:30:58.401 23788 23788 I AconfigPackage: android.telecom.flags is mapped to com.android.telephonycore
08-26 17:30:58.401 23788 23788 I AconfigPackage: com.android.internal.telecom.flags is mapped to com.android.telephonycore
08-26 17:30:58.401 23788 23788 I AconfigPackage: com.android.telephony.flags is mapped to com.android.telephonycore
08-26 17:30:58.401 23788 23788 I AconfigPackage: com.android.media.extractor.flags is mapped to com.android.media
08-26 17:30:58.401 23788 23788 I AconfigPackage: com.android.media.metrics.flags is mapped to com.android.media
08-26 17:30:58.401 23788 23788 I AconfigPackage: com.android.media.mainline.flags is mapped to com.android.media
08-26 17:30:58.401 23788 23788 I AconfigPackage: com.android.wifi.flags is mapped to com.android.wifi
08-26 17:30:58.401 23788 23788 I AconfigPackage: com.android.org.conscrypt.flags is mapped to com.android.conscrypt
08-26 17:30:58.401 23788 23788 I AconfigPackage: com.android.org.conscrypt.net.flags is mapped to com.android.conscrypt
08-26 17:30:58.401 23788 23788 I AconfigPackage: com.android.healthfitness.flags is mapped to com.android.healthfitness
08-26 17:30:58.401 23788 23788 I AconfigPackage: com.android.healthfitness.beta is mapped to com.android.healthfitness
08-26 17:30:58.401 23788 23788 I AconfigPackage: com.android.ipsec.flags is mapped to com.android.ipsec
08-26 17:30:58.402 23788 23788 I AconfigPackage: com.android.nfc.module.flags is mapped to com.android.nfcservices
08-26 17:30:58.402 23788 23788 I AconfigPackage: com.android.nfc.module.nonexported.flags is mapped to com.android.nfcservices
08-26 17:30:58.402 23788 23788 I AconfigPackage: com.android.adservices.ondevicepersonalization.flags is mapped to com.android.ondevicepersonalization
08-26 17:30:58.402 23788 23788 I AconfigPackage: com.android.scheduling.flags is mapped to com.android.scheduling
08-26 17:30:58.402 23788 23788 I AconfigPackage: com.android.adbd.flags is mapped to com.android.adbd
08-26 17:30:58.402 23788 23788 I AconfigPackage: com.android.bluetooth.beta.flags is mapped to com.android.bt
08-26 17:30:58.402 23788 23788 I AconfigPackage: com.android.bluetooth.flags is mapped to com.android.bt
08-26 17:30:58.402 23788 23788 I AconfigPackage: com.android.devicelock.flags is mapped to com.android.devicelock
08-26 17:30:58.402 23788 23788 I AconfigPackage: android.os.profiling is mapped to com.android.profiling
08-26 17:30:58.402 23788 23788 I AconfigPackage: android.os.profiling.anomaly.beta.flags is mapped to com.android.profiling
08-26 17:30:58.402 23788 23788 I AconfigPackage: android.os.profiling.anomaly.flags is mapped to com.android.profiling
08-26 17:30:58.402 23788 23788 I AconfigPackage: com.android.os.statsd.flags is mapped to com.android.os.statsd
08-26 17:30:58.402 23788 23788 I AconfigPackage: com.android.webapp.flags is mapped to com.android.webapp
08-26 17:30:58.402 23788 23788 I AconfigPackage: com.android.rkpd.flags is mapped to com.android.rkpd
08-26 17:30:58.402 23788 23788 I AconfigPackage: com.android.cellbroadcastreceiver.flags is mapped to com.android.cellbroadcast
08-26 17:30:58.402 23788 23788 I AconfigPackage: com.android.adservices.flags is mapped to com.android.adservices
08-26 17:30:58.402 23788 23788 I AconfigPackage: com.android.sdksandbox.flags is mapped to com.android.adservices
08-26 17:30:58.402 23788 23788 I AconfigPackage: android.app.sdksandbox.flags is mapped to com.android.adservices
08-26 17:30:58.402 23788 23788 I AconfigPackage: com.android.uwb.flags is mapped to com.android.uwb
08-26 17:30:58.402 23788 23788 I AconfigPackage: com.android.ranging.flags is mapped to com.android.uwb
08-26 17:30:58.402 23788 23788 I AconfigPackage: com.android.npumanager is mapped to com.android.npumanager
08-26 17:30:58.402 23788 23788 I AconfigPackage: com.android.signature.flags is mapped to com.android.mediaprovider
08-26 17:30:58.402 23788 23788 I AconfigPackage: com.android.providers.media.flags is mapped to com.android.mediaprovider
08-26 17:30:58.402 23788 23788 I AconfigPackage: android.graphics.pdf.flags is mapped to com.android.mediaprovider
08-26 17:30:58.402 23788 23788 I AconfigPackage: android.graphics.pdf.flags.readonly is mapped to com.android.mediaprovider
08-26 17:30:58.402 23788 23788 I AconfigPackage: com.android.tethering.mainline.beta is mapped to com.android.tethering
08-26 17:30:58.402 23788 23788 I AconfigPackage: android.net.http is mapped to com.android.tethering
08-26 17:30:58.402 23788 23788 I AconfigPackage: com.android.tethering.readonly.flags is mapped to com.android.tethering
08-26 17:30:58.402 23788 23788 I AconfigPackage: android.net.vcn is mapped to com.android.tethering
08-26 17:30:58.402 23788 23788 I AconfigPackage: com.android.net.flags is mapped to com.android.tethering
08-26 17:30:58.402 23788 23788 I AconfigPackage: com.android.tethering.flags is mapped to com.android.tethering
08-26 17:30:58.402 23788 23788 I AconfigPackage: com.android.tethering.beta.test is mapped to com.android.tethering
08-26 17:30:58.402 23788 23788 I AconfigPackage: com.android.nearby.flags is mapped to com.android.tethering
08-26 17:30:58.402 23788 23788 I AconfigPackage: com.android.net.thread.flags is mapped to com.android.tethering
08-26 17:30:58.402 23788 23788 I AconfigPackage: android.net.http.flags is mapped to com.android.tethering
08-26 17:30:58.402 23788 23788 I AconfigPackage: com.android.system.virtualmachine.flags is mapped to com.android.virt
08-26 17:30:58.402 23788 23788 E FeatureFlagsImplExport: android.os.flagging.AconfigStorageReadException: ERROR_PACKAGE_NOT_FOUND: package android.xr cannot be found on the device
08-26 17:30:58.404 23788 23788 D UiAutomationConnection: Created on user UserHandle{0}
08-26 17:30:58.404 23788 23788 I UiAutomation: Initialized for user 0 on display 0
08-26 17:30:58.404 23788 23788 W UiAutomation: Created with deprecatead constructor, assumes DEFAULT_DISPLAY
08-26 17:30:58.404   657   671 D AccessibilityManagerService: changeCurrentUserForTestAutomationIfNeededLocked(0): ignoring because device doesn't support visible background users
08-26 17:30:58.404   657   671 I UiAutomationManager: Registering UiTestAutomationService (id=com.android.server.accessibility/UiAutomation, flags=0x0) when called by user 0
08-26 17:30:58.405   657   671 V AccessibilityManagerService: onUserStateChangedLocked for userId: 0, forceUpdate: false
08-26 17:30:58.405   657   671 V AccessibilityUserState: updateShortcutTargets: type:accessibility_shortcut_target_service, current:{}, new:{}
08-26 17:30:58.405   657   671 V AccessibilityUserState: updateShortcutTargets: type:accessibility_button_targets, current:{}, new:{}
08-26 17:30:58.405   657   671 V AccessibilityUserState: updateShortcutTargets: type:accessibility_gesture_targets, current:{}, new:{}
08-26 17:30:58.405   657   671 V AccessibilityUserState: updateShortcutTargets: type:accessibility_qs_targets, current:{}, new:{}
08-26 17:30:58.405   657   671 V AccessibilityUserState: updateShortcutTargets: type:accessibility_key_gesture_targets, current:{}, new:{}
08-26 17:30:58.405   657   671 V AccessibilityUserState: updateShortcutTargets: type:accessibility_top_row_key_targets, current:{}, new:{}
08-26 17:30:58.405   657   671 V AccessibilityUserState: updateShortcutTargets: type:accessibility_quick_access_targets, current:{}, new:{}
08-26 17:30:58.405  1777  1810 I AiAiEcho: Settings changed for uri: content://settings/secure/accessibility_enabled
08-26 17:30:58.405   657   671 W MagnificationConnectionManager: requestConnection duplicated request: connect=false, mConnectionState=DISCONNECTED
08-26 17:30:58.406  1777  1991 I AiAiEcho: Predicting[0]:  [CONTEXT sampling_count=5 ]
08-26 17:30:58.406  1777  1991 I AiAiEcho: EchoTargets: 
08-26 17:30:58.406  1777  1991 I AiAiEcho: Filtered by AiAi flag check: 
08-26 17:30:58.406  1777  1991 I AiAiEcho: [CONTEXT ratelimit_period="10 SECONDS" ]
08-26 17:30:58.406  1777  1991 I AiAiEcho: #remoteViewsTwiddler: feature disabled.
08-26 17:30:58.406  1777  1991 I AiAiEcho: #postPredictionTargets: Sending updates to UISurface home with targets# 0 (types=[])
08-26 17:30:58.406   657   657 W libbinder.IPCThreadState: Sending oneway calls to frozen process.
08-26 17:30:58.407   657   657 W libbinder.IPCThreadState: Sending oneway calls to frozen process.
08-26 17:30:58.407   657   657 W libbinder.IPCThreadState: Sending oneway calls to frozen process.
08-26 17:30:58.408   657   657 W libbinder.IPCThreadState: Sending oneway calls to frozen process.
08-26 17:30:58.408   657   657 W libbinder.IPCThreadState: Sending oneway calls to frozen process.
08-26 17:30:58.408   657   657 W libbinder.IPCThreadState: Sending oneway calls to frozen process.
08-26 17:30:58.408   657   657 W libbinder.IPCThreadState: Sending oneway calls to frozen process.
08-26 17:30:58.408   657   671 V AccessibilityManagerService: onUserStateChangedLocked for userId: 0, forceUpdate: false
08-26 17:30:58.408   657   671 V AccessibilityUserState: updateShortcutTargets: type:accessibility_shortcut_target_service, current:{}, new:{}
08-26 17:30:58.408   657   671 V AccessibilityUserState: updateShortcutTargets: type:accessibility_button_targets, current:{}, new:{}
08-26 17:30:58.408   657   671 V AccessibilityUserState: updateShortcutTargets: type:accessibility_gesture_targets, current:{}, new:{}
08-26 17:30:58.408   657   671 V AccessibilityUserState: updateShortcutTargets: type:accessibility_qs_targets, current:{}, new:{}
08-26 17:30:58.408   657   671 V AccessibilityUserState: updateShortcutTargets: type:accessibility_key_gesture_targets, current:{}, new:{}
08-26 17:30:58.408   657   671 V AccessibilityUserState: updateShortcutTargets: type:accessibility_top_row_key_targets, current:{}, new:{}
08-26 17:30:58.408   657   671 V AccessibilityUserState: updateShortcutTargets: type:accessibility_quick_access_targets, current:{}, new:{}
08-26 17:30:58.408   657   671 W MagnificationConnectionManager: requestConnection duplicated request: connect=false, mConnectionState=DISCONNECTED
08-26 17:30:58.408   657   657 W libbinder.IPCThreadState: Sending oneway calls to frozen process.
08-26 17:30:58.408   657   657 W libbinder.IPCThreadState: Sending oneway calls to frozen process.
08-26 17:30:58.408   657   657 W libbinder.IPCThreadState: Sending oneway calls to frozen process.
08-26 17:30:58.408   657   657 W libbinder.IPCThreadState: Sending oneway calls to frozen process.
08-26 17:30:58.408   657   657 W libbinder.IPCThreadState: Sending oneway calls to frozen process.
08-26 17:30:58.408   657   657 W libbinder.IPCThreadState: Sending oneway calls to frozen process.
08-26 17:30:58.408   657   657 W libbinder.IPCThreadState: Sending oneway calls to frozen process.
08-26 17:30:58.409   657   657 W libbinder.IPCThreadState: Sending oneway calls to frozen process.
08-26 17:30:58.409   657   657 W libbinder.IPCThreadState: Sending oneway calls to frozen process.
08-26 17:30:58.409   657   657 W libbinder.IPCThreadState: Sending oneway calls to frozen process.
08-26 17:30:58.409   657   657 W libbinder.IPCThreadState: Sending oneway calls to frozen process.
08-26 17:30:58.409   657   657 W libbinder.IPCThreadState: Sending oneway calls to frozen process.
08-26 17:30:58.409   657   657 W libbinder.IPCThreadState: Sending oneway calls to frozen process.
08-26 17:30:58.409   657   657 W libbinder.IPCThreadState: Sending oneway calls to frozen process.
08-26 17:30:58.409   657   657 W libbinder.IPCThreadState: Sending oneway calls to frozen process.
08-26 17:30:58.409   657   657 W libbinder.IPCThreadState: Sending oneway calls to frozen process.
08-26 17:30:58.410   657   657 W libbinder.IPCThreadState: Sending oneway calls to frozen process.
08-26 17:30:58.410   657   657 W libbinder.IPCThreadState: Sending oneway calls to frozen process.
08-26 17:30:58.410   657   657 W libbinder.IPCThreadState: Sending oneway calls to frozen process.
08-26 17:30:58.410   657   657 W libbinder.IPCThreadState: Sending oneway calls to frozen process.
08-26 17:30:58.410   657   657 W libbinder.IPCThreadState: Sending oneway calls to frozen process.
08-26 17:30:58.410   657   657 W libbinder.IPCThreadState: Sending oneway calls to frozen process.
08-26 17:30:58.410   657   657 W libbinder.IPCThreadState: Sending oneway calls to frozen process.
08-26 17:30:58.411   657   657 W libbinder.IPCThreadState: Sending oneway calls to frozen process.
08-26 17:30:58.411   657   657 W libbinder.IPCThreadState: Sending oneway calls to frozen process.
08-26 17:30:58.411   657   657 W libbinder.IPCThreadState: Sending oneway calls to frozen process.
08-26 17:30:58.411   657   657 W libbinder.IPCThreadState: Sending oneway calls to frozen process.
08-26 17:30:58.411   657   657 W libbinder.IPCThreadState: Sending oneway calls to frozen process.
08-26 17:30:58.411   657   657 D BatterySaverPolicy: accessibility changed to true, updating policy.
08-26 17:30:58.411   657   671 D AccessibilityManagerService: .getAccessibilityShortcutTargets {shortcutType=32, userId=0}
08-26 17:30:58.412  1777  2586 I AiAiEcho: Settings changed for uri: content://settings/secure/accessibility_enabled
08-26 17:30:58.412  1777  1991 I AiAiEcho: Predicting[0]:  [CONTEXT sampling_count=5 ]
08-26 17:30:58.412  1777  1991 I AiAiEcho: EchoTargets: 
08-26 17:30:58.412  1777  1991 I AiAiEcho: Filtered by AiAi flag check: 
08-26 17:30:58.412  1777  1991 I AiAiEcho: [CONTEXT ratelimit_period="10 SECONDS" ]
08-26 17:30:58.412  1777  1991 I AiAiEcho: #remoteViewsTwiddler: feature disabled.
08-26 17:30:58.412  1777  1991 I AiAiEcho: #postPredictionTargets: Sending updates to UISurface home with targets# 0 (types=[])
08-26 17:30:58.413   492   492 W skia    : AGTM parsing failed flags.readFromStream(s) at 159
08-26 17:30:58.413   492   492 W skia    : AGTM parsing failed flags.readFromStream(s) at 159
08-26 17:30:58.413   492   492 W skia    : AGTM parsing failed flags.readFromStream(s) at 159
08-26 17:30:58.413   492   492 W skia    : AGTM parsing failed flags.readFromStream(s) at 159
08-26 17:30:58.413   492   492 W skia    : AGTM parsing failed flags.readFromStream(s) at 159
08-26 17:30:58.413   492   492 W skia    : AGTM parsing failed flags.readFromStream(s) at 159
08-26 17:30:58.413  1099  1099 D SsBaseTemplateCard: Passed-in item info is null
08-26 17:30:58.413  1099  1099 D SsBaseTemplateCard: Passed-in item info is null
08-26 17:30:58.413  1099  1099 D SsBaseTemplateCard: Passed-in item info is null
08-26 17:30:58.413  1099  1099 D SsBaseTemplateCard: Passed-in item info is null
08-26 17:30:58.413  1099  1099 I SsBaseTemplateCard: Secondary card pane is null
08-26 17:30:58.414   492   534 W skia    : AGTM parsing failed flags.readFromStream(s) at 159
08-26 17:30:58.414   492   534 W skia    : AGTM parsing failed flags.readFromStream(s) at 159
08-26 17:30:58.449   492   492 W skia    : AGTM parsing failed flags.readFromStream(s) at 159
08-26 17:30:58.449   492   492 W skia    : AGTM parsing failed flags.readFromStream(s) at 159
08-26 17:30:58.449   492   492 W skia    : AGTM parsing failed flags.readFromStream(s) at 159
08-26 17:30:58.449   492   492 W skia    : AGTM parsing failed flags.readFromStream(s) at 159
08-26 17:30:58.449   492   492 W skia    : AGTM parsing failed flags.readFromStream(s) at 159
08-26 17:30:58.449   492   492 W skia    : AGTM parsing failed flags.readFromStream(s) at 159
08-26 17:30:58.502   492   492 W skia    : AGTM parsing failed flags.readFromStream(s) at 159
08-26 17:30:58.506   492   492 W skia    : AGTM parsing failed flags.readFromStream(s) at 159
08-26 17:30:58.506   492   492 W skia    : AGTM parsing failed flags.readFromStream(s) at 159
08-26 17:30:58.506   492   492 W skia    : AGTM parsing failed flags.readFromStream(s) at 159
08-26 17:30:58.506   492   492 W skia    : AGTM parsing failed flags.readFromStream(s) at 159
08-26 17:30:58.506   492   492 W skia    : AGTM parsing failed flags.readFromStream(s) at 159
08-26 17:30:58.506  1099  1099 D SsBaseTemplateCard: Passed-in item info is null
08-26 17:30:58.506  1099  1099 D SsBaseTemplateCard: Passed-in item info is null
08-26 17:30:58.506  1099  1099 D SsBaseTemplateCard: Passed-in item info is null
08-26 17:30:58.506  1099  1099 D SsBaseTemplateCard: Passed-in item info is null
08-26 17:30:58.506  1099  1099 I SsBaseTemplateCard: Secondary card pane is null
08-26 17:30:58.534   492   492 W skia    : AGTM parsing failed flags.readFromStream(s) at 159
08-26 17:30:58.628   492   492 W skia    : AGTM parsing failed flags.readFromStream(s) at 159
08-26 17:30:58.629   492   534 W skia    : AGTM parsing failed flags.readFromStream(s) at 159
08-26 17:30:58.629   492   534 W skia    : AGTM parsing failed flags.readFromStream(s) at 159
08-26 17:30:58.690   492   534 W skia    : AGTM parsing failed flags.readFromStream(s) at 159
08-26 17:30:58.690   492   534 W skia    : AGTM parsing failed flags.readFromStream(s) at 159
08-26 17:30:59.249   657   685 W libbinder.IPCThreadState: Sending oneway calls to frozen process.
08-26 17:30:59.265   657   685 W libbinder.IPCThreadState: Sending oneway calls to frozen process.
08-26 17:30:59.578  1099  1099 I HomeScreenFilesUtils: Paste not supported by feature flag
08-26 17:30:59.581  1099  1099 W ApplicationInfo: Large ApplicationInfo parcel: size=19876 package=com.google.android.googlequicksearchbox sharedLibs=3 resDirs=2 overlayPaths=2
08-26 17:30:59.601  1725 10884 W MediaProvider: isAppCloneUserPair for user 0: false
08-26 17:30:59.612 23788 23788 I AccessibilityNodeInfoDumper: Skipping invisible child: android.view.accessibility.AccessibilityNodeInfo@79a0f; boundsInParent: Rect(0, 0 - 0, 144); boundsInScreen: Rect(896, 2563 - 896, 2707); boundsInWindow: Rect(896, 2563 - 896, 2707); packageName: com.google.android.googlequicksearchbox; className: android.widget.FrameLayout; text: null; error: null; maxTextLength: -1; stateDescription: null; contentDescription: null; tooltipText: null; containerTitle: null; viewIdResName: null; uniqueId: null; checkable: false; checked: false; focusable: false; focused: false; selected: false; clickable: false; longClickable: false; contextClickable: false; enabled: true; password: false; scrollable: false; granularScrollingSupported: false; importantForAccessibility: false; visible: false; actions: [AccessibilityAction: ACTION_SELECT - null, AccessibilityAction: ACTION_CLEAR_SELECTION - null, AccessibilityAction: ACTION_ACCESSIBILITY_FOCUS - null, AccessibilityAction: ACTION_SHOW_ON_SCREEN - null]; isTextSelectable: false
08-26 17:30:59.615 23788 23788 W AccessibilityNodeInfoDumper: Fetch time: 25ms
08-26 17:30:59.618   657  1857 V AccessibilityManagerService: onUserStateChangedLocked for userId: 0, forceUpdate: false
08-26 17:30:59.618   657  1857 V AccessibilityUserState: updateShortcutTargets: type:accessibility_shortcut_target_service, current:{}, new:{}
08-26 17:30:59.618   657  1857 V AccessibilityUserState: updateShortcutTargets: type:accessibility_button_targets, current:{}, new:{}
08-26 17:30:59.618   657  1857 V AccessibilityUserState: updateShortcutTargets: type:accessibility_gesture_targets, current:{}, new:{}
08-26 17:30:59.618   657  1857 V AccessibilityUserState: updateShortcutTargets: type:accessibility_qs_targets, current:{}, new:{}
08-26 17:30:59.618   657  1857 V AccessibilityUserState: updateShortcutTargets: type:accessibility_key_gesture_targets, current:{}, new:{}
08-26 17:30:59.619   657  1857 V AccessibilityUserState: updateShortcutTargets: type:accessibility_top_row_key_targets, current:{}, new:{}
08-26 17:30:59.619   657  1857 V AccessibilityUserState: updateShortcutTargets: type:accessibility_quick_access_targets, current:{}, new:{}
08-26 17:30:59.619   657  1857 W MagnificationConnectionManager: requestConnection duplicated request: connect=false, mConnectionState=DISCONNECTED
08-26 17:30:59.619   657  1857 D AccessibilityManagerService: restoreCurrentUserForTestAutomationIfNeededLocked(): ignoring because device doesn't support visible background users
08-26 17:30:59.619   657   657 W libbinder.IPCThreadState: Sending oneway calls to frozen process.
08-26 17:30:59.619   657   657 W libbinder.IPCThreadState: Sending oneway calls to frozen process.
08-26 17:30:59.619  1777  2586 I AiAiEcho: Settings changed for uri: content://settings/secure/accessibility_enabled
08-26 17:30:59.620   657   657 W libbinder.IPCThreadState: Sending oneway calls to frozen process.
08-26 17:30:59.620   657   657 W libbinder.IPCThreadState: Sending oneway calls to frozen process.
08-26 17:30:59.620   657   657 W libbinder.IPCThreadState: Sending oneway calls to frozen process.
08-26 17:30:59.620   657   657 W libbinder.IPCThreadState: Sending oneway calls to frozen process.
08-26 17:30:59.620   657   657 W libbinder.IPCThreadState: Sending oneway calls to frozen process.
08-26 17:30:59.620  1777  1991 I AiAiEcho: Predicting[0]:  [CONTEXT sampling_count=5 ]
08-26 17:30:59.620  1777  1991 I AiAiEcho: EchoTargets: 
08-26 17:30:59.620  1777  1991 I AiAiEcho: Filtered by AiAi flag check: 
08-26 17:30:59.620  1777  1991 I AiAiEcho: [CONTEXT ratelimit_period="10 SECONDS" ]
08-26 17:30:59.620   657   657 W libbinder.IPCThreadState: Sending oneway calls to frozen process.
08-26 17:30:59.620   657   657 W libbinder.IPCThreadState: Sending oneway calls to frozen process.
08-26 17:30:59.620  1777  1991 I AiAiEcho: #remoteViewsTwiddler: feature disabled.
08-26 17:30:59.620  1777  1991 I AiAiEcho: #postPredictionTargets: Sending updates to UISurface home with targets# 0 (types=[])
08-26 17:30:59.621   657   657 W libbinder.IPCThreadState: Sending oneway calls to frozen process.
08-26 17:30:59.621   657   657 W libbinder.IPCThreadState: Sending oneway calls to frozen process.
08-26 17:30:59.621   657   657 W libbinder.IPCThreadState: Sending oneway calls to frozen process.
08-26 17:30:59.621   657   657 W libbinder.IPCThreadState: Sending oneway calls to frozen process.
08-26 17:30:59.621   657   657 W libbinder.IPCThreadState: Sending oneway calls to frozen process.
08-26 17:30:59.621   657   657 W libbinder.IPCThreadState: Sending oneway calls to frozen process.
08-26 17:30:59.621   657   657 W libbinder.IPCThreadState: Sending oneway calls to frozen process.
08-26 17:30:59.621   657   657 W libbinder.IPCThreadState: Sending oneway calls to frozen process.
08-26 17:30:59.621   657   657 W libbinder.IPCThreadState: Sending oneway calls to frozen process.
08-26 17:30:59.621   657   657 W libbinder.IPCThreadState: Sending oneway calls to frozen process.
08-26 17:30:59.621   657   657 W libbinder.IPCThreadState: Sending oneway calls to frozen process.
08-26 17:30:59.621   657   657 W libbinder.IPCThreadState: Sending oneway calls to frozen process.
08-26 17:30:59.621   657   657 D BatterySaverPolicy: accessibility changed to false, updating policy.
08-26 17:30:59.622 23788 23797 W libbinder.IPCThreadState: call to talkWithDriver in joinThreadPool returned error: -9 (Bad file descriptor), FD: -1
08-26 17:30:59.622 23788 23798 W libbinder.IPCThreadState: call to talkWithDriver in joinThreadPool returned error: -9 (Bad file descriptor), FD: -1
08-26 17:30:59.622 23788 23801 W libbinder.IPCThreadState: call to talkWithDriver in joinThreadPool returned error: -9 (Bad file descriptor), FD: -1
08-26 17:30:59.622 23788 23788 D AndroidRuntime: Shutting down VM
08-26 17:30:59.630   492   492 W skia    : AGTM parsing failed flags.readFromStream(s) at 159
08-26 17:30:59.630   492   492 W skia    : AGTM parsing failed flags.readFromStream(s) at 159
08-26 17:30:59.630   492   492 W skia    : AGTM parsing failed flags.readFromStream(s) at 159
08-26 17:30:59.630   492   492 W skia    : AGTM parsing failed flags.readFromStream(s) at 159
08-26 17:30:59.630   492   492 W skia    : AGTM parsing failed flags.readFromStream(s) at 159
08-26 17:30:59.630   492   492 W skia    : AGTM parsing failed flags.readFromStream(s) at 159
08-26 17:30:59.632   517   517 I adbd    : adbd service requested 'shell,v2,raw:dumpsys package com.google.android.gms'
08-26 17:30:59.656  1099  1099 D SsBaseTemplateCard: Passed-in item info is null
08-26 17:30:59.656  1099  1099 D SsBaseTemplateCard: Passed-in item info is null
08-26 17:30:59.656  1099  1099 D SsBaseTemplateCard: Passed-in item info is null
08-26 17:30:59.656  1099  1099 D SsBaseTemplateCard: Passed-in item info is null
08-26 17:30:59.656  1099  1099 I SsBaseTemplateCard: Secondary card pane is null
08-26 17:30:59.687   492   492 W skia    : AGTM parsing failed flags.readFromStream(s) at 159
08-26 17:30:59.687   492   492 W skia    : AGTM parsing failed flags.readFromStream(s) at 159
08-26 17:30:59.687   492   492 W skia    : AGTM parsing failed flags.readFromStream(s) at 159
08-26 17:30:59.687   492   492 W skia    : AGTM parsing failed flags.readFromStream(s) at 159
08-26 17:30:59.687   492   492 W skia    : AGTM parsing failed flags.readFromStream(s) at 159
08-26 17:30:59.687   492   492 W skia    : AGTM parsing failed flags.readFromStream(s) at 159
08-26 17:30:59.713   492   492 W skia    : AGTM parsing failed flags.readFromStream(s) at 159
08-26 17:30:59.713   492   492 W skia    : AGTM parsing failed flags.readFromStream(s) at 159
08-26 17:30:59.713   492   492 W skia    : AGTM parsing failed flags.readFromStream(s) at 159
08-26 17:30:59.713   492   492 W skia    : AGTM parsing failed flags.readFromStream(s) at 159
08-26 17:30:59.713   492   492 W skia    : AGTM parsing failed flags.readFromStream(s) at 159
08-26 17:30:59.713   492   492 W skia    : AGTM parsing failed flags.readFromStream(s) at 159
08-26 17:30:59.713   492   492 W skia    : AGTM parsing failed flags.readFromStream(s) at 159
08-26 17:30:59.760   492   534 W skia    : AGTM parsing failed flags.readFromStream(s) at 159
08-26 17:30:59.760   492   534 W skia    : AGTM parsing failed flags.readFromStream(s) at 159
08-26 17:30:59.814  2635  2719 I artd    : GetBestInfo: odex next to the dex file (/data/app/~~bX9OEGQ8NofBOJHm0BYQkg==/com.google.android.gms-Gv8nBSt27pvHbuElOejyNw==/oat/arm64/base.odex) is kOatUpToDate with filter 'verify' executable 'false'
08-26 17:30:59.814  2635  2719 I artd    : GetBestInfo: odex next to the dex file (/data/app/~~bX9OEGQ8NofBOJHm0BYQkg==/com.google.android.gms-Gv8nBSt27pvHbuElOejyNw==/oat/arm64/base.odex) is kOatUpToDate with filter 'verify' executable 'false'
08-26 17:30:59.814  2635  2719 I artd    : GetBestInfo: dm (/data/app/~~bX9OEGQ8NofBOJHm0BYQkg==/com.google.android.gms-Gv8nBSt27pvHbuElOejyNw==/split_AdsDynamite_installtime.dm) is kOatUpToDate with filter 'verify' executable 'false'
08-26 17:30:59.815  2635  2719 I artd    : GetBestInfo: odex next to the dex file (/data/app/~~bX9OEGQ8NofBOJHm0BYQkg==/com.google.android.gms-Gv8nBSt27pvHbuElOejyNw==/oat/arm64/split_CronetDynamite_installtime.odex) is kOatUpToDate with filter 'speed-profile' executable 'false'
08-26 17:30:59.815  2635  2719 I artd    : GetBestInfo: odex next to the dex file (/data/app/~~bX9OEGQ8NofBOJHm0BYQkg==/com.google.android.gms-Gv8nBSt27pvHbuElOejyNw==/oat/arm64/split_CronetDynamite_installtime.odex) is kOatUpToDate with filter 'speed-profile' executable 'false'
08-26 17:30:59.816  2635  2719 I artd    : GetBestInfo: dm (/data/app/~~bX9OEGQ8NofBOJHm0BYQkg==/com.google.android.gms-Gv8nBSt27pvHbuElOejyNw==/split_DynamiteLoader_installtime.dm) is kOatUpToDate with filter 'verify' executable 'false'
08-26 17:30:59.817  2635  2719 I artd    : GetBestInfo: dm (/data/app/~~bX9OEGQ8NofBOJHm0BYQkg==/com.google.android.gms-Gv8nBSt27pvHbuElOejyNw==/split_DynamiteModulesA_installtime.dm) is kOatUpToDate with filter 'verify' executable 'false'
08-26 17:30:59.818  2635  2719 I artd    : GetBestInfo: dm (/data/app/~~bX9OEGQ8NofBOJHm0BYQkg==/com.google.android.gms-Gv8nBSt27pvHbuElOejyNw==/split_DynamiteModulesC_installtime.dm) is kOatUpToDate with filter 'verify' executable 'false'
08-26 17:30:59.818  2635  2719 I artd    : GetBestInfo: dm (/data/app/~~bX9OEGQ8NofBOJHm0BYQkg==/com.google.android.gms-Gv8nBSt27pvHbuElOejyNw==/split_GoogleCertificates_installtime.dm) is kOatUpToDate with filter 'verify' executable 'false'
08-26 17:30:59.819  2635  2719 I artd    : GetBestInfo: dm (/data/app/~~bX9OEGQ8NofBOJHm0BYQkg==/com.google.android.gms-Gv8nBSt27pvHbuElOejyNw==/split_MapsDynamite_installtime.dm) is kOatUpToDate with filter 'verify' executable 'false'
08-26 17:30:59.820  2635  2719 I artd    : GetBestInfo: dm (/data/app/~~bX9OEGQ8NofBOJHm0BYQkg==/com.google.android.gms-Gv8nBSt27pvHbuElOejyNw==/split_MeasurementDynamite_installtime.dm) is kOatUpToDate with filter 'verify' executable 'false'
08-26 17:30:59.821  2635 20535 I artd    : GetBestInfo: dm (/data/app/~~bX9OEGQ8NofBOJHm0BYQkg==/com.google.android.gms-Gv8nBSt27pvHbuElOejyNw==/split_all_locale_splits.dm) is kOatUpToDate with filter 'verify' executable 'false'
08-26 17:30:59.823  2635 20535 I artd    : GetBestInfo: /data/user_de/0/com.google.android.gms/app_chimera/m/0000000c/dl-TfliteDynamiteDynamite.integ_252130102100400.apk has no usable artifacts
08-26 17:30:59.823  2635 20535 I artd    : GetBestInfo: /data/user_de/0/com.google.android.gms/app_chimera/m/00000001/CronetDynamite.apk has no usable artifacts
08-26 17:30:59.824  2635 20535 I artd    : GetBestInfo: vdex next to the dex file (/data/user/0/com.google.android.gms/app_dg_cache/F43216EC192C66BFB5A30C3CDD57E8C5C9005730/oat/arm64/the.vdex) is kOatUpToDate with filter 'verify' executable 'false'
08-26 17:30:59.824  2635 20535 I artd    : GetBestInfo: /data/user_de/0/com.google.android.gms/app_chimera/m/00000002/DynamiteLoader.apk has no usable artifacts
08-26 17:30:59.825  2635 20535 I artd    : GetBestInfo: /data/user_de/0/com.google.android.gms/app_chimera/m/00000012/dl-MlkitBarcodeUi.optional_263234100400.apk has no usable artifacts
08-26 17:30:59.825  2635 20535 I artd    : GetBestInfo: /data/user_de/0/com.google.android.gms/app_chimera/m/00000005/GoogleCertificates.apk has no usable artifacts
08-26 17:30:59.826  2635 20535 I artd    : GetBestInfo: /data/user_de/0/com.google.android.gms/app_chimera/m/00000015/dl-TfliteDynamiteDynamite.integ_260580502100400.apk has no usable artifacts
08-26 17:30:59.827  2635 20535 I artd    : GetBestInfo: /data/user_de/0/com.google.android.gms/app_chimera/m/0000000f/dl-MlkitBarcodeUi.optional_262236100400.apk has no usable artifacts
08-26 17:30:59.827  2635 20535 I artd    : GetBestInfo: /data/user_de/0/com.google.android.gms/app_chimera/m/00000016/dl-PlayCloudSearch.optional_263234100000.apk has no usable artifacts
08-26 17:30:59.828  2635 20535 I artd    : GetBestInfo: /data/user_de/0/com.google.android.gms/app_chimera/m/00000010/dl-PlayCloudSearch.optional_262236100000.apk has no usable artifacts
08-26 17:30:59.829  2635 20535 I artd    : GetBestInfo: vdex next to the dex file (/data/user/0/com.google.android.gms/app_dg_cache/708EA63B31A09E17FD6C7CDE0FE83B45EA4CEC30/oat/arm64/the.vdex) is kOatUpToDate with filter 'verify' executable 'false'
08-26 17:30:59.830  2635 20535 I artd    : GetBestInfo: /data/user_de/0/com.google.android.gms/app_chimera/m/00000008/dl-VisionOcr.optional_262236100000.apk has no usable artifacts
08-26 17:30:59.831  2635 20535 I artd    : GetBestInfo: vdex next to the dex file (/data/user/0/com.google.android.gms/app_dg_cache/D04EBEF623804AD1CEE87B2156DE98F2840B89F7/oat/arm64/the.vdex) is kOatUpToDate with filter 'verify' executable 'false'
08-26 17:30:59.831  2635 20535 I artd    : GetBestInfo: /data/user_de/0/com.google.android.gms/app_chimera/m/0000000b/dl-MlkitOcrCommon.optional_262236100400.apk has no usable artifacts
08-26 17:30:59.832  2635 20535 I artd    : GetBestInfo: /data/user_de/0/com.google.android.gms/app_chimera/m/00000014/dl-MlkitOcrCommon.optional_263234100400.apk has no usable artifacts
08-26 17:30:59.833  2635 20535 I artd    : GetBestInfo: /data/user_de/0/com.google.android.gms/app_chimera/m/00000009/dl-Appsearch.optional_262236100400.apk has no usable artifacts
08-26 17:30:59.833  2635 20535 I artd    : GetBestInfo: /data/user_de/0/com.google.android.gms/app_chimera/m/00000017/dl-VisionOcr.optional_263234100000.apk has no usable artifacts
08-26 17:30:59.834  2635 20535 I artd    : GetBestInfo: /data/user_de/0/com.google.android.gms/app_chimera/m/00000007/MeasurementDynamite.apk has no usable artifacts
08-26 17:30:59.834  2635 20535 I artd    : GetBestInfo: /data/user_de/0/com.google.android.gms/app_chimera/m/00000011/dl-Appsearch.optional_263234100400.apk has no usable artifacts
08-26 17:31:00.029   492   492 W skia    : AGTM parsing failed flags.readFromStream(s) at 159
08-26 17:31:00.033   492   534 W skia    : AGTM parsing failed flags.readFromStream(s) at 159
08-26 17:31:00.033   492   534 W skia    : AGTM parsing failed flags.readFromStream(s) at 159
08-26 17:31:00.323   657   685 W libbinder.IPCThreadState: Sending oneway calls to frozen process.
08-26 17:31:00.499   517   517 I adbd    : adbd service requested 'shell,v2,TERM=dumb,raw:cat /sdcard/jsabi-detail-2.xml'
08-26 17:31:00.548   517   517 I adbd    : adbd service requested 'shell,v2,TERM=dumb,raw:input keyevent 4'
08-26 17:31:01.616   517   517 I adbd    : adbd service requested 'exec:screencap '-p''
08-26 17:31:01.692 23816 23816 W libbinder.BackendUnifiedServiceManager: Thread Pool max thread count is 0. Cannot cache binder as linkToDeath cannot be implemented. serviceName: SurfaceFlingerAIDL
08-26 17:31:01.693 23816 23816 W libbinder.BpBinder: Linking to death on android.gui.ISurfaceComposer but there are no threads (yet?) listening to incoming transactions. See ProcessState::startThreadPool and ProcessState::setThreadPoolMaxThreadCount. Generally you should setup the binder threadpool before other initialization steps.
08-26 17:31:01.693 23816 23816 W libbinder.ProcessState: Extra binder thread started, but 0 threads requested. Do not use *startThreadPool when zero threads are requested.
08-26 17:31:01.700   492   534 W skia    : AGTM parsing failed flags.readFromStream(s) at 159
08-26 17:31:01.700   492   534 W skia    : AGTM parsing failed flags.readFromStream(s) at 159
08-26 17:31:01.700   492   534 W skia    : AGTM parsing failed flags.readFromStream(s) at 159
08-26 17:31:01.700   492   534 W skia    : AGTM parsing failed flags.readFromStream(s) at 159
08-26 17:31:01.728 23816 23817 W libc    : Access denied finding property "vendor.mesa.virtgpu.kumquat"
08-26 17:31:02.466   517   517 I adbd    : adbd service requested 'shell,v2,TERM=dumb,raw:uiautomator dump /sdcard/jsabi-home-back-2.xml'
08-26 17:31:02.502 23818 23818 D AndroidRuntime: >>>>>> START com.android.internal.os.RuntimeInit uid 2000 <<<<<<
08-26 17:31:02.504 23818 23818 I AndroidRuntime: Using default boot image
08-26 17:31:02.504 23818 23818 I AndroidRuntime: Leaving lock profiling enabled
08-26 17:31:02.505 23818 23818 I app_process: Core platform API enforcement reporting only by runtime option
08-26 17:31:02.505 23818 23818 I app_process: Using generational CollectorTypeCMC GC.
08-26 17:31:02.528 23818 23818 D nativeloader: InitDefaultPublicLibraries for_preload=1: libandroid.so:libaaudio.so:libamidi.so:libbinder_ndk.so:libc.so:libcamera2ndk.so:libdl.so:libEGL.so:libGLESv1_CM.so:libGLESv2.so:libGLESv3.so:libicu.so:libicui18n.so:libicuuc.so:libjnigraphics.so:liblog.so:libmediandk.so:libm.so:libnativehelper.so:libnativewindow.so:libOpenMAXAL.so:libOpenSLES.so:libRS.so:libstdc++.so:libsync.so:libvulkan.so:libwebviewchromium_plat_support.so:libz.so
08-26 17:31:02.532 23818 23818 D nativeloader: Load libicu_jni.so using APEX ns com_android_art for caller /apex/com.android.art/javalib/core-oj.jar: ok
08-26 17:31:02.532 23818 23818 D app_process: u_setTimeZoneFilesDirectory("/apex/com.android.tzdata/etc/tz/versioned/10/icu") succeeded. 
08-26 17:31:02.532 23818 23818 D app_process: I18n APEX ICU file found: /apex/com.android.i18n/etc/icu/icudt78l.dat
08-26 17:31:02.532 23818 23818 D nativeloader: Load libjavacore.so using APEX ns com_android_art for caller /apex/com.android.art/javalib/core-oj.jar: ok
08-26 17:31:02.533 23818 23818 D nativeloader: Load libopenjdk.so using APEX ns com_android_art for caller /apex/com.android.art/javalib/core-oj.jar: ok
08-26 17:31:02.533 23818 23818 I app_process: Priority-to-niceness mapping: 19, 16, 13, 10, 0, -2, -4, -5, -6, -8
08-26 17:31:02.534 23818 23818 W app_process: ClassLoaderContext shared library size mismatch. Expected=2, found=0 (PCL[]{PCL[/system/framework/android.test.base.jar*1579129895]#PCL[/system/framework/android.test.mock.jar*1147775851]} | PCL[])
08-26 17:31:02.534 23818 23818 W app_process: ClassLoaderContext classpath size mismatch. expected=0, found=1 (PCL[]{PCL[/system/framework/android.test.runner.jar*2652887513]{PCL[/system/framework/android.test.base.jar*1579129895]#PCL[/system/framework/android.test.mock.jar*1147775851]}#PCL[/system/framework/android.test.base.jar*1579129895]} | PCL[/system/framework/android.test.runner.jar*2652887513])
08-26 17:31:02.544 23818 23818 D nativeloader: Load libframework-connectivity-tiramisu-jni.so using APEX ns com_android_tethering for caller /apex/com.android.tethering/javalib/framework-connectivity-t.jar: ok
08-26 17:31:02.544 23818 23818 D AndroidRuntime: Calling main entry com.android.commands.uiautomator.Launcher
08-26 17:31:02.546 23818 23818 I AconfigPackage: android.media.swcodec.flags is mapped to com.android.media.swcodec
08-26 17:31:02.546 23818 23818 I AconfigPackage: com.android.permission.flags is mapped to com.android.permission
08-26 17:31:02.546 23818 23818 I AconfigPackage: com.android.permissioncontroller.flags is mapped to com.android.permission
08-26 17:31:02.546 23818 23818 I AconfigPackage: com.google.android.widevine.flags is mapped to com.google.android.widevine
08-26 17:31:02.546 23818 23818 I AconfigPackage: com.android.icu is mapped to com.android.i18n
08-26 17:31:02.546 23818 23818 I AconfigPackage: com.android.appsearch.flags is mapped to com.android.appsearch
08-26 17:31:02.546 23818 23818 I AconfigPackage: com.android.uprobestats.flags is mapped to com.android.uprobestats
08-26 17:31:02.546 23818 23818 I AconfigPackage: android.uprobestats.mainline.flags is mapped to com.android.uprobestats
08-26 17:31:02.546 23818 23818 I AconfigPackage: com.android.crashrecovery.flags is mapped to com.android.crashrecovery
08-26 17:31:02.546 23818 23818 I AconfigPackage: android.provider.flags is mapped to com.android.configinfrastructure
08-26 17:31:02.546 23818 23818 I AconfigPackage: com.android.server.deviceconfig is mapped to com.android.configinfrastructure
08-26 17:31:02.546 23818 23818 I AconfigPackage: com.android.art.flags is mapped to com.android.art
08-26 17:31:02.546 23818 23818 I AconfigPackage: com.android.art.rw.flags is mapped to com.android.art
08-26 17:31:02.546 23818 23818 I AconfigPackage: com.android.libcore is mapped to com.android.art
08-26 17:31:02.546 23818 23818 I AconfigPackage: android.telecom.flags is mapped to com.android.telephonycore
08-26 17:31:02.546 23818 23818 I AconfigPackage: com.android.internal.telecom.flags is mapped to com.android.telephonycore
08-26 17:31:02.546 23818 23818 I AconfigPackage: com.android.telephony.flags is mapped to com.android.telephonycore
08-26 17:31:02.546 23818 23818 I AconfigPackage: com.android.media.extractor.flags is mapped to com.android.media
08-26 17:31:02.546 23818 23818 I AconfigPackage: com.android.media.metrics.flags is mapped to com.android.media
08-26 17:31:02.546 23818 23818 I AconfigPackage: com.android.media.mainline.flags is mapped to com.android.media
08-26 17:31:02.546 23818 23818 I AconfigPackage: com.android.wifi.flags is mapped to com.android.wifi
08-26 17:31:02.546 23818 23818 I AconfigPackage: com.android.org.conscrypt.flags is mapped to com.android.conscrypt
08-26 17:31:02.546 23818 23818 I AconfigPackage: com.android.org.conscrypt.net.flags is mapped to com.android.conscrypt
08-26 17:31:02.547 23818 23818 I AconfigPackage: com.android.healthfitness.flags is mapped to com.android.healthfitness
08-26 17:31:02.547 23818 23818 I AconfigPackage: com.android.healthfitness.beta is mapped to com.android.healthfitness
08-26 17:31:02.547 23818 23818 I AconfigPackage: com.android.ipsec.flags is mapped to com.android.ipsec
08-26 17:31:02.547 23818 23818 I AconfigPackage: com.android.nfc.module.flags is mapped to com.android.nfcservices
08-26 17:31:02.547 23818 23818 I AconfigPackage: com.android.nfc.module.nonexported.flags is mapped to com.android.nfcservices
08-26 17:31:02.547 23818 23818 I AconfigPackage: com.android.adservices.ondevicepersonalization.flags is mapped to com.android.ondevicepersonalization
08-26 17:31:02.547 23818 23818 I AconfigPackage: com.android.scheduling.flags is mapped to com.android.scheduling
08-26 17:31:02.547 23818 23818 I AconfigPackage: com.android.adbd.flags is mapped to com.android.adbd
08-26 17:31:02.547 23818 23818 I AconfigPackage: com.android.bluetooth.beta.flags is mapped to com.android.bt
08-26 17:31:02.547 23818 23818 I AconfigPackage: com.android.bluetooth.flags is mapped to com.android.bt
08-26 17:31:02.547 23818 23818 I AconfigPackage: com.android.devicelock.flags is mapped to com.android.devicelock
08-26 17:31:02.547 23818 23818 I AconfigPackage: android.os.profiling is mapped to com.android.profiling
08-26 17:31:02.547 23818 23818 I AconfigPackage: android.os.profiling.anomaly.beta.flags is mapped to com.android.profiling
08-26 17:31:02.547 23818 23818 I AconfigPackage: android.os.profiling.anomaly.flags is mapped to com.android.profiling
08-26 17:31:02.547 23818 23818 I AconfigPackage: com.android.os.statsd.flags is mapped to com.android.os.statsd
08-26 17:31:02.547 23818 23818 I AconfigPackage: com.android.webapp.flags is mapped to com.android.webapp
08-26 17:31:02.547 23818 23818 I AconfigPackage: com.android.rkpd.flags is mapped to com.android.rkpd
08-26 17:31:02.547 23818 23818 I AconfigPackage: com.android.cellbroadcastreceiver.flags is mapped to com.android.cellbroadcast
08-26 17:31:02.547 23818 23818 I AconfigPackage: com.android.adservices.flags is mapped to com.android.adservices
08-26 17:31:02.547 23818 23818 I AconfigPackage: com.android.sdksandbox.flags is mapped to com.android.adservices
08-26 17:31:02.547 23818 23818 I AconfigPackage: android.app.sdksandbox.flags is mapped to com.android.adservices
08-26 17:31:02.547 23818 23818 I AconfigPackage: com.android.uwb.flags is mapped to com.android.uwb
08-26 17:31:02.547 23818 23818 I AconfigPackage: com.android.ranging.flags is mapped to com.android.uwb
08-26 17:31:02.547 23818 23818 I AconfigPackage: com.android.npumanager is mapped to com.android.npumanager
08-26 17:31:02.547 23818 23818 I AconfigPackage: com.android.signature.flags is mapped to com.android.mediaprovider
08-26 17:31:02.547 23818 23818 I AconfigPackage: com.android.providers.media.flags is mapped to com.android.mediaprovider
08-26 17:31:02.547 23818 23818 I AconfigPackage: android.graphics.pdf.flags is mapped to com.android.mediaprovider
08-26 17:31:02.547 23818 23818 I AconfigPackage: android.graphics.pdf.flags.readonly is mapped to com.android.mediaprovider
08-26 17:31:02.548 23818 23818 I AconfigPackage: com.android.tethering.mainline.beta is mapped to com.android.tethering
08-26 17:31:02.548 23818 23818 I AconfigPackage: android.net.http is mapped to com.android.tethering
08-26 17:31:02.548 23818 23818 I AconfigPackage: com.android.tethering.readonly.flags is mapped to com.android.tethering
08-26 17:31:02.548 23818 23818 I AconfigPackage: android.net.vcn is mapped to com.android.tethering
08-26 17:31:02.548 23818 23818 I AconfigPackage: com.android.net.flags is mapped to com.android.tethering
08-26 17:31:02.548 23818 23818 I AconfigPackage: com.android.tethering.flags is mapped to com.android.tethering
08-26 17:31:02.548 23818 23818 I AconfigPackage: com.android.tethering.beta.test is mapped to com.android.tethering
08-26 17:31:02.548 23818 23818 I AconfigPackage: com.android.nearby.flags is mapped to com.android.tethering
08-26 17:31:02.548 23818 23818 I AconfigPackage: com.android.net.thread.flags is mapped to com.android.tethering
08-26 17:31:02.548 23818 23818 I AconfigPackage: android.net.http.flags is mapped to com.android.tethering
08-26 17:31:02.548 23818 23818 I AconfigPackage: com.android.system.virtualmachine.flags is mapped to com.android.virt
08-26 17:31:02.548 23818 23818 E FeatureFlagsImplExport: android.os.flagging.AconfigStorageReadException: ERROR_PACKAGE_NOT_FOUND: package android.xr cannot be found on the device
08-26 17:31:02.549 23818 23818 D UiAutomationConnection: Created on user UserHandle{0}
08-26 17:31:02.549 23818 23818 I UiAutomation: Initialized for user 0 on display 0
08-26 17:31:02.549 23818 23818 W UiAutomation: Created with deprecatead constructor, assumes DEFAULT_DISPLAY
08-26 17:31:02.549   657  1857 D AccessibilityManagerService: changeCurrentUserForTestAutomationIfNeededLocked(0): ignoring because device doesn't support visible background users
08-26 17:31:02.549   657  1857 I UiAutomationManager: Registering UiTestAutomationService (id=com.android.server.accessibility/UiAutomation, flags=0x0) when called by user 0
08-26 17:31:02.549   657  1857 V AccessibilityManagerService: onUserStateChangedLocked for userId: 0, forceUpdate: false
08-26 17:31:02.550   657  1857 V AccessibilityUserState: updateShortcutTargets: type:accessibility_shortcut_target_service, current:{}, new:{}
08-26 17:31:02.550   657  1857 V AccessibilityUserState: updateShortcutTargets: type:accessibility_button_targets, current:{}, new:{}
08-26 17:31:02.550   657  1857 V AccessibilityUserState: updateShortcutTargets: type:accessibility_gesture_targets, current:{}, new:{}
08-26 17:31:02.550   657  1857 V AccessibilityUserState: updateShortcutTargets: type:accessibility_qs_targets, current:{}, new:{}
08-26 17:31:02.550   657  1857 V AccessibilityUserState: updateShortcutTargets: type:accessibility_key_gesture_targets, current:{}, new:{}
08-26 17:31:02.550   657  1857 V AccessibilityUserState: updateShortcutTargets: type:accessibility_top_row_key_targets, current:{}, new:{}
08-26 17:31:02.550   657  1857 V AccessibilityUserState: updateShortcutTargets: type:accessibility_quick_access_targets, current:{}, new:{}
08-26 17:31:02.550   657  1857 W MagnificationConnectionManager: requestConnection duplicated request: connect=false, mConnectionState=DISCONNECTED
08-26 17:31:02.550  1777  2586 I AiAiEcho: Settings changed for uri: content://settings/secure/accessibility_enabled
08-26 17:31:02.550  1777  1991 I AiAiEcho: Predicting[0]:  [CONTEXT sampling_count=5 ]
08-26 17:31:02.550  1777  1991 I AiAiEcho: EchoTargets: 
08-26 17:31:02.550  1777  1991 I AiAiEcho: Filtered by AiAi flag check: 
08-26 17:31:02.550  1777  1991 I AiAiEcho: [CONTEXT ratelimit_period="10 SECONDS" ]
08-26 17:31:02.551  1777  1991 I AiAiEcho: #remoteViewsTwiddler: feature disabled.
08-26 17:31:02.551  1777  1991 I AiAiEcho: #postPredictionTargets: Sending updates to UISurface home with targets# 0 (types=[])
08-26 17:31:02.551   657   657 W libbinder.IPCThreadState: Sending oneway calls to frozen process.
08-26 17:31:02.551   657   657 W libbinder.IPCThreadState: Sending oneway calls to frozen process.
08-26 17:31:02.551   657   657 W libbinder.IPCThreadState: Sending oneway calls to frozen process.
08-26 17:31:02.551   657   657 W libbinder.IPCThreadState: Sending oneway calls to frozen process.
08-26 17:31:02.551   657   657 W libbinder.IPCThreadState: Sending oneway calls to frozen process.
08-26 17:31:02.551   657   657 W libbinder.IPCThreadState: Sending oneway calls to frozen process.
08-26 17:31:02.551   657   657 W libbinder.IPCThreadState: Sending oneway calls to frozen process.
08-26 17:31:02.551   657   657 W libbinder.IPCThreadState: Sending oneway calls to frozen process.
08-26 17:31:02.551   657   657 W libbinder.IPCThreadState: Sending oneway calls to frozen process.
08-26 17:31:02.551   657   657 W libbinder.IPCThreadState: Sending oneway calls to frozen process.
08-26 17:31:02.551   657   657 W libbinder.IPCThreadState: Sending oneway calls to frozen process.
08-26 17:31:02.551   657   657 W libbinder.IPCThreadState: Sending oneway calls to frozen process.
08-26 17:31:02.551   657   657 W libbinder.IPCThreadState: Sending oneway calls to frozen process.
08-26 17:31:02.551   657   657 W libbinder.IPCThreadState: Sending oneway calls to frozen process.
08-26 17:31:02.551   657   657 W libbinder.IPCThreadState: Sending oneway calls to frozen process.
08-26 17:31:02.551   657   657 W libbinder.IPCThreadState: Sending oneway calls to frozen process.
08-26 17:31:02.551   657   657 W libbinder.IPCThreadState: Sending oneway calls to frozen process.
08-26 17:31:02.551   657   657 W libbinder.IPCThreadState: Sending oneway calls to frozen process.
08-26 17:31:02.551   657   657 W libbinder.IPCThreadState: Sending oneway calls to frozen process.
08-26 17:31:02.551   657   657 W libbinder.IPCThreadState: Sending oneway calls to frozen process.
08-26 17:31:02.551   657   657 W libbinder.IPCThreadState: Sending oneway calls to frozen process.
08-26 17:31:02.551   657   657 D BatterySaverPolicy: accessibility changed to true, updating policy.
08-26 17:31:02.552   657   923 V AccessibilityManagerService: onUserStateChangedLocked for userId: 0, forceUpdate: false
08-26 17:31:02.553   657   923 V AccessibilityUserState: updateShortcutTargets: type:accessibility_shortcut_target_service, current:{}, new:{}
08-26 17:31:02.553   657   923 V AccessibilityUserState: updateShortcutTargets: type:accessibility_button_targets, current:{}, new:{}
08-26 17:31:02.553   657   923 V AccessibilityUserState: updateShortcutTargets: type:accessibility_gesture_targets, current:{}, new:{}
08-26 17:31:02.553   657   923 V AccessibilityUserState: updateShortcutTargets: type:accessibility_qs_targets, current:{}, new:{}
08-26 17:31:02.553   657   923 V AccessibilityUserState: updateShortcutTargets: type:accessibility_key_gesture_targets, current:{}, new:{}
08-26 17:31:02.553   657   923 V AccessibilityUserState: updateShortcutTargets: type:accessibility_top_row_key_targets, current:{}, new:{}
08-26 17:31:02.553   657   923 V AccessibilityUserState: updateShortcutTargets: type:accessibility_quick_access_targets, current:{}, new:{}
08-26 17:31:02.553   657   923 W MagnificationConnectionManager: requestConnection duplicated request: connect=false, mConnectionState=DISCONNECTED
08-26 17:31:02.553  1777  2586 I AiAiEcho: Settings changed for uri: content://settings/secure/accessibility_enabled
08-26 17:31:02.553  1777  1991 I AiAiEcho: Predicting[0]:  [CONTEXT sampling_count=5 ]
08-26 17:31:02.553  1777  1991 I AiAiEcho: EchoTargets: 
08-26 17:31:02.553  1777  1991 I AiAiEcho: Filtered by AiAi flag check: 
08-26 17:31:02.553  1777  1991 I AiAiEcho: [CONTEXT ratelimit_period="10 SECONDS" ]
08-26 17:31:02.553  1777  1991 I AiAiEcho: #remoteViewsTwiddler: feature disabled.
08-26 17:31:02.553  1777  1991 I AiAiEcho: #postPredictionTargets: Sending updates to UISurface home with targets# 0 (types=[])
08-26 17:31:02.554   657   657 W libbinder.IPCThreadState: Sending oneway calls to frozen process.
08-26 17:31:02.554   657   657 W libbinder.IPCThreadState: Sending oneway calls to frozen process.
08-26 17:31:02.554   657   657 W libbinder.IPCThreadState: Sending oneway calls to frozen process.
08-26 17:31:02.554   657   657 W libbinder.IPCThreadState: Sending oneway calls to frozen process.
08-26 17:31:02.554   657   657 W libbinder.IPCThreadState: Sending oneway calls to frozen process.
08-26 17:31:02.554   657   657 W libbinder.IPCThreadState: Sending oneway calls to frozen process.
08-26 17:31:02.554   657   657 W libbinder.IPCThreadState: Sending oneway calls to frozen process.
08-26 17:31:02.554   657   657 W libbinder.IPCThreadState: Sending oneway calls to frozen process.
08-26 17:31:02.554   657   657 W libbinder.IPCThreadState: Sending oneway calls to frozen process.
08-26 17:31:02.554   657   657 W libbinder.IPCThreadState: Sending oneway calls to frozen process.
08-26 17:31:02.554   657   657 W libbinder.IPCThreadState: Sending oneway calls to frozen process.
08-26 17:31:02.555   657   657 W libbinder.IPCThreadState: Sending oneway calls to frozen process.
08-26 17:31:02.555   657   657 W libbinder.IPCThreadState: Sending oneway calls to frozen process.
08-26 17:31:02.555   657   657 W libbinder.IPCThreadState: Sending oneway calls to frozen process.
08-26 17:31:02.555   657   746 D AccessibilityManagerService: .getAccessibilityShortcutTargets {shortcutType=32, userId=0}
08-26 17:31:02.564   492   492 W skia    : AGTM parsing failed flags.readFromStream(s) at 159
08-26 17:31:02.564   492   492 W skia    : AGTM parsing failed flags.readFromStream(s) at 159
08-26 17:31:02.564   492   492 W skia    : AGTM parsing failed flags.readFromStream(s) at 159
08-26 17:31:02.564   492   492 W skia    : AGTM parsing failed flags.readFromStream(s) at 159
08-26 17:31:02.564   492   492 W skia    : AGTM parsing failed flags.readFromStream(s) at 159
08-26 17:31:02.564   492   492 W skia    : AGTM parsing failed flags.readFromStream(s) at 159
08-26 17:31:02.564  1099  1099 D SsBaseTemplateCard: Passed-in item info is null
08-26 17:31:02.564  1099  1099 D SsBaseTemplateCard: Passed-in item info is null
08-26 17:31:02.564  1099  1099 D SsBaseTemplateCard: Passed-in item info is null
08-26 17:31:02.564  1099  1099 D SsBaseTemplateCard: Passed-in item info is null
08-26 17:31:02.564  1099  1099 I SsBaseTemplateCard: Secondary card pane is null
08-26 17:31:02.595   492   534 W skia    : AGTM parsing failed flags.readFromStream(s) at 159
08-26 17:31:02.595   492   534 W skia    : AGTM parsing failed flags.readFromStream(s) at 159
08-26 17:31:02.596   492   492 W skia    : AGTM parsing failed flags.readFromStream(s) at 159
08-26 17:31:02.596   492   492 W skia    : AGTM parsing failed flags.readFromStream(s) at 159
08-26 17:31:02.596   492   492 W skia    : AGTM parsing failed flags.readFromStream(s) at 159
08-26 17:31:02.596   492   492 W skia    : AGTM parsing failed flags.readFromStream(s) at 159
08-26 17:31:02.596   492   492 W skia    : AGTM parsing failed flags.readFromStream(s) at 159
08-26 17:31:02.596   492   492 W skia    : AGTM parsing failed flags.readFromStream(s) at 159
08-26 17:31:02.597  1099  1099 D SsBaseTemplateCard: Passed-in item info is null
08-26 17:31:02.597  1099  1099 D SsBaseTemplateCard: Passed-in item info is null
08-26 17:31:02.597  1099  1099 D SsBaseTemplateCard: Passed-in item info is null
08-26 17:31:02.597  1099  1099 D SsBaseTemplateCard: Passed-in item info is null
08-26 17:31:02.597  1099  1099 I SsBaseTemplateCard: Secondary card pane is null
08-26 17:31:02.656   492   492 W skia    : AGTM parsing failed flags.readFromStream(s) at 159
08-26 17:31:02.680   492   492 W skia    : AGTM parsing failed flags.readFromStream(s) at 159
08-26 17:31:02.726   492   534 W skia    : AGTM parsing failed flags.readFromStream(s) at 159
08-26 17:31:02.726   492   534 W skia    : AGTM parsing failed flags.readFromStream(s) at 159
08-26 17:31:03.663  1099  1099 I HomeScreenFilesUtils: Paste not supported by feature flag
08-26 17:31:03.668  1099  1099 W ApplicationInfo: Large ApplicationInfo parcel: size=19876 package=com.google.android.googlequicksearchbox sharedLibs=3 resDirs=2 overlayPaths=2
08-26 17:31:03.678  1725  1893 W MediaProvider: isAppCloneUserPair for user 0: false
08-26 17:31:03.691 23818 23818 I AccessibilityNodeInfoDumper: Skipping invisible child: android.view.accessibility.AccessibilityNodeInfo@79a11; boundsInParent: Rect(0, 0 - 0, 144); boundsInScreen: Rect(896, 2563 - 896, 2707); boundsInWindow: Rect(896, 2563 - 896, 2707); packageName: com.google.android.googlequicksearchbox; className: android.widget.FrameLayout; text: null; error: null; maxTextLength: -1; stateDescription: null; contentDescription: null; tooltipText: null; containerTitle: null; viewIdResName: null; uniqueId: null; checkable: false; checked: false; focusable: false; focused: false; selected: false; clickable: false; longClickable: false; contextClickable: false; enabled: true; password: false; scrollable: false; granularScrollingSupported: false; importantForAccessibility: false; visible: false; actions: [AccessibilityAction: ACTION_SELECT - null, AccessibilityAction: ACTION_CLEAR_SELECTION - null, AccessibilityAction: ACTION_ACCESSIBILITY_FOCUS - null, AccessibilityAction: ACTION_SHOW_ON_SCREEN - null]; isTextSelectable: false
08-26 17:31:03.695 23818 23818 W AccessibilityNodeInfoDumper: Fetch time: 25ms
08-26 17:31:03.697   657   941 V AccessibilityManagerService: onUserStateChangedLocked for userId: 0, forceUpdate: false
08-26 17:31:03.698   657   941 V AccessibilityUserState: updateShortcutTargets: type:accessibility_shortcut_target_service, current:{}, new:{}
08-26 17:31:03.698   657   941 V AccessibilityUserState: updateShortcutTargets: type:accessibility_button_targets, current:{}, new:{}
08-26 17:31:03.698   657   941 V AccessibilityUserState: updateShortcutTargets: type:accessibility_gesture_targets, current:{}, new:{}
08-26 17:31:03.698   657   941 V AccessibilityUserState: updateShortcutTargets: type:accessibility_qs_targets, current:{}, new:{}
08-26 17:31:03.698   657   941 V AccessibilityUserState: updateShortcutTargets: type:accessibility_key_gesture_targets, current:{}, new:{}
08-26 17:31:03.698   657   941 V AccessibilityUserState: updateShortcutTargets: type:accessibility_top_row_key_targets, current:{}, new:{}
08-26 17:31:03.698   657   941 V AccessibilityUserState: updateShortcutTargets: type:accessibility_quick_access_targets, current:{}, new:{}
08-26 17:31:03.698   657   941 W MagnificationConnectionManager: requestConnection duplicated request: connect=false, mConnectionState=DISCONNECTED
08-26 17:31:03.698   657   941 D AccessibilityManagerService: restoreCurrentUserForTestAutomationIfNeededLocked(): ignoring because device doesn't support visible background users
08-26 17:31:03.698   657   657 W libbinder.IPCThreadState: Sending oneway calls to frozen process.
08-26 17:31:03.698   657   657 W libbinder.IPCThreadState: Sending oneway calls to frozen process.
08-26 17:31:03.698   657   657 W libbinder.IPCThreadState: Sending oneway calls to frozen process.
08-26 17:31:03.698   657   657 W libbinder.IPCThreadState: Sending oneway calls to frozen process.
08-26 17:31:03.698  1777  2586 I AiAiEcho: Settings changed for uri: content://settings/secure/accessibility_enabled
08-26 17:31:03.698   657   657 W libbinder.IPCThreadState: Sending oneway calls to frozen process.
08-26 17:31:03.699   657   657 W libbinder.IPCThreadState: Sending oneway calls to frozen process.
08-26 17:31:03.699   657   657 W libbinder.IPCThreadState: Sending oneway calls to frozen process.
08-26 17:31:03.699   657   657 W libbinder.IPCThreadState: Sending oneway calls to frozen process.
08-26 17:31:03.699   657   657 W libbinder.IPCThreadState: Sending oneway calls to frozen process.
08-26 17:31:03.699   657   657 W libbinder.IPCThreadState: Sending oneway calls to frozen process.
08-26 17:31:03.699   657   657 W libbinder.IPCThreadState: Sending oneway calls to frozen process.
08-26 17:31:03.699   657   657 W libbinder.IPCThreadState: Sending oneway calls to frozen process.
08-26 17:31:03.699   657   657 W libbinder.IPCThreadState: Sending oneway calls to frozen process.
08-26 17:31:03.699   657   657 W libbinder.IPCThreadState: Sending oneway calls to frozen process.
08-26 17:31:03.699   657   657 W libbinder.IPCThreadState: Sending oneway calls to frozen process.
08-26 17:31:03.699   657   657 W libbinder.IPCThreadState: Sending oneway calls to frozen process.
08-26 17:31:03.699   657   657 W libbinder.IPCThreadState: Sending oneway calls to frozen process.
08-26 17:31:03.699   657   657 W libbinder.IPCThreadState: Sending oneway calls to frozen process.
08-26 17:31:03.699   657   657 W libbinder.IPCThreadState: Sending oneway calls to frozen process.
08-26 17:31:03.699   657   657 W libbinder.IPCThreadState: Sending oneway calls to frozen process.
08-26 17:31:03.699   657   657 W libbinder.IPCThreadState: Sending oneway calls to frozen process.
08-26 17:31:03.699   657   657 D BatterySaverPolicy: accessibility changed to false, updating policy.
08-26 17:31:03.700  1777  1991 I AiAiEcho: Predicting[0]:  [CONTEXT sampling_count=5 ]
08-26 17:31:03.700 23818 23818 D AndroidRuntime: Shutting down VM
08-26 17:31:03.700 23818 23829 W libbinder.IPCThreadState: call to talkWithDriver in joinThreadPool returned error: -9 (Bad file descriptor), FD: -1
08-26 17:31:03.700 23818 23831 W libbinder.IPCThreadState: call to talkWithDriver in joinThreadPool returned error: -9 (Bad file descriptor), FD: -1
08-26 17:31:03.701 23818 23827 W libbinder.IPCThreadState: call to talkWithDriver in joinThreadPool returned error: -9 (Bad file descriptor), FD: -1
08-26 17:31:03.703  1777  1991 I AiAiEcho: EchoTargets: 
08-26 17:31:03.703  1777  1991 I AiAiEcho: Filtered by AiAi flag check: 
08-26 17:31:03.703  1777  1991 I AiAiEcho: [CONTEXT ratelimit_period="10 SECONDS" ]
08-26 17:31:03.703  1777  1991 I AiAiEcho: #remoteViewsTwiddler: feature disabled.
08-26 17:31:03.704  1777  1991 I AiAiEcho: #postPredictionTargets: Sending updates to UISurface home with targets# 0 (types=[])
08-26 17:31:03.713   492   492 W skia    : AGTM parsing failed flags.readFromStream(s) at 159
08-26 17:31:03.713   492   492 W skia    : AGTM parsing failed flags.readFromStream(s) at 159
08-26 17:31:03.713   492   492 W skia    : AGTM parsing failed flags.readFromStream(s) at 159
08-26 17:31:03.713   492   492 W skia    : AGTM parsing failed flags.readFromStream(s) at 159
08-26 17:31:03.713   492   492 W skia    : AGTM parsing failed flags.readFromStream(s) at 159
08-26 17:31:03.713   492   492 W skia    : AGTM parsing failed flags.readFromStream(s) at 159
08-26 17:31:03.760  1099  1099 D SsBaseTemplateCard: Passed-in item info is null
08-26 17:31:03.760  1099  1099 D SsBaseTemplateCard: Passed-in item info is null
08-26 17:31:03.760  1099  1099 D SsBaseTemplateCard: Passed-in item info is null
08-26 17:31:03.760  1099  1099 D SsBaseTemplateCard: Passed-in item info is null
08-26 17:31:03.760  1099  1099 I SsBaseTemplateCard: Secondary card pane is null
08-26 17:31:03.772   492   492 W skia    : AGTM parsing failed flags.readFromStream(s) at 159
08-26 17:31:03.772   492   492 W skia    : AGTM parsing failed flags.readFromStream(s) at 159
08-26 17:31:03.772   492   492 W skia    : AGTM parsing failed flags.readFromStream(s) at 159
08-26 17:31:03.772   492   492 W skia    : AGTM parsing failed flags.readFromStream(s) at 159
08-26 17:31:03.772   492   492 W skia    : AGTM parsing failed flags.readFromStream(s) at 159
08-26 17:31:03.772   492   492 W skia    : AGTM parsing failed flags.readFromStream(s) at 159
08-26 17:31:03.808   492   492 W skia    : AGTM parsing failed flags.readFromStream(s) at 159
08-26 17:31:03.808   492   492 W skia    : AGTM parsing failed flags.readFromStream(s) at 159
08-26 17:31:03.808   492   492 W skia    : AGTM parsing failed flags.readFromStream(s) at 159
08-26 17:31:03.808   492   492 W skia    : AGTM parsing failed flags.readFromStream(s) at 159
08-26 17:31:03.808   492   492 W skia    : AGTM parsing failed flags.readFromStream(s) at 159
08-26 17:31:03.808   492   492 W skia    : AGTM parsing failed flags.readFromStream(s) at 159
08-26 17:31:03.808   492   492 W skia    : AGTM parsing failed flags.readFromStream(s) at 159
08-26 17:31:03.828   492   534 W skia    : AGTM parsing failed flags.readFromStream(s) at 159
08-26 17:31:03.829   492   534 W skia    : AGTM parsing failed flags.readFromStream(s) at 159
08-26 17:31:04.281   657   685 W libbinder.IPCThreadState: Sending oneway calls to frozen process.
08-26 17:31:04.296   657   685 W libbinder.IPCThreadState: Sending oneway calls to frozen process.
08-26 17:31:04.591   517   517 I adbd    : adbd service requested 'shell,v2,TERM=dumb,raw:cat /sdcard/jsabi-home-back-2.xml'
08-26 17:31:04.643   517   517 I adbd    : adbd service requested 'shell,v2,TERM=dumb:export ANDROID_LOG_TAGS=''; exec logcat '-d' '-t' '1600''
