--------- beginning of main
08-26 17:31:35.732  1095  1243 D SatelliteController: getConfigForSubId: subId= 1, config= PersistableBundle[{satellite_esos_supported_bool=false, satellite_connection_hysteresis_sec_int=180, satellite_supported_disaster_plmn_string_array=[], regional_satellite_earfcn_bundle=PersistableBundle[{}], satellite_entitlement_supported_bool=false, satellite_supported_emergency_plmn_string_array=[], satellite_configs_per_plmn_bundle=PersistableBundle[{}], satellite_sos_max_datagram_size_bytes_int=255, satellite_supported_msg_apps_string_array=[com.google.android.apps.messaging], satellite_connected_notification_throttle_millis_int=604800000, satellite_display_name_string=, satellite_roaming_p2p_sms_inactivity_timeout_sec_int=180, satellite_roaming_turn_off_session_for_emergency_call_bool=true, emergency_messaging_supported_bool=false, carrier_roaming_satellite_emergency_messaging_provider_per_country_bundle=PersistableBundle[{}], satellite_data_support_mode_int=0, carrier_roaming_ntn_connect_type_int=0, satellite_attach_supported_bool=false, carrier_roaming_satellite_emergency_messaging_redirection_destination_string=, satellite_nidd_apn_name_string=, carrier_supported_satellite_services_per_provider_bundle=PersistableBundle[{310830=[2, 3, 6]}], satellite_roaming_esos_inactivity_timeout_sec_int=300, carrier_supported_satellite_notification_hysteresis_sec_int=180, carrier_config_applied_bool=true, carrier_roaming_ntn_emergency_call_to_satellite_handover_type_int=2, carrier_roaming_satellite_default_services_int_array=[2, 3, 6], imsserviceentitlement.entitlement_server_url_string=, emergency_call_to_satellite_t911_handover_timeout_millis_int=30000, satellite_roaming_p2p_sms_supported_bool=false, carrier_config_version_string=, satellite_roaming_screen_off_inactivity_timeout_sec_int=30}]
08-26 17:31:35.732  1095  1243 D SatelliteController: isSatelliteSupportedViaCarrier: using CarrierConfig for subId=1, isAttachSupported=false
08-26 17:31:35.732  1095  1243 D SatelliteController: getSatellitePerPlmnConfiguration: invalid subId or not supported via carrier.
08-26 17:31:35.732  1095  1243 D SatelliteController: getCarrierRoamingNtnConnectType: config: null
08-26 17:31:35.732  1095  1243 D TelephonyConfigUpdateInstallReceiver: getConfigParser: domain=satellite
08-26 17:31:35.732  1095  1243 V SatelliteController: satelliteConfigParser is not ready
08-26 17:31:35.732  1095  1243 D SatelliteController: getCarrierRoamingNtnConnectTypeViaConfigUpdater: return null (satelliteConfig is null)
08-26 17:31:35.733  1095  1243 D SatelliteController: getConfigForSubId: subId= 1, config= PersistableBundle[{satellite_esos_supported_bool=false, satellite_connection_hysteresis_sec_int=180, satellite_supported_disaster_plmn_string_array=[], regional_satellite_earfcn_bundle=PersistableBundle[{}], satellite_entitlement_supported_bool=false, satellite_supported_emergency_plmn_string_array=[], satellite_configs_per_plmn_bundle=PersistableBundle[{}], satellite_sos_max_datagram_size_bytes_int=255, satellite_supported_msg_apps_string_array=[com.google.android.apps.messaging], satellite_connected_notification_throttle_millis_int=604800000, satellite_display_name_string=, satellite_roaming_p2p_sms_inactivity_timeout_sec_int=180, satellite_roaming_turn_off_session_for_emergency_call_bool=true, emergency_messaging_supported_bool=false, carrier_roaming_satellite_emergency_messaging_provider_per_country_bundle=PersistableBundle[{}], satellite_data_support_mode_int=0, carrier_roaming_ntn_connect_type_int=0, satellite_attach_supported_bool=false, carrier_roaming_satellite_emergency_messaging_redirection_destination_string=, satellite_nidd_apn_name_string=, carrier_supported_satellite_services_per_provider_bundle=PersistableBundle[{310830=[2, 3, 6]}], satellite_roaming_esos_inactivity_timeout_sec_int=300, carrier_supported_satellite_notification_hysteresis_sec_int=180, carrier_config_applied_bool=true, carrier_roaming_ntn_emergency_call_to_satellite_handover_type_int=2, carrier_roaming_satellite_default_services_int_array=[2, 3, 6], imsserviceentitlement.entitlement_server_url_string=, emergency_call_to_satellite_t911_handover_timeout_millis_int=30000, satellite_roaming_p2p_sms_supported_bool=false, carrier_config_version_string=, satellite_roaming_screen_off_inactivity_timeout_sec_int=30}]
08-26 17:31:35.733  1095  1243 D SatelliteController: getCarrierRoamingNtnConnectType: Falling back to global carrier config connect type: 0
08-26 17:31:35.733  1095  1243 D TelephonyConfigUpdateInstallReceiver: getConfigParser: domain=satellite
08-26 17:31:35.733  1095  1243 V SatelliteController: satelliteConfigParser is not ready
08-26 17:31:35.733  1095  1243 D SatelliteController: isSatelliteAttachSupportedViaConfigupdater: return null (satelliteConfig is null)
08-26 17:31:35.733  1095  1243 D SatelliteController: getConfigForSubId: subId= 1, config= PersistableBundle[{satellite_esos_supported_bool=false, satellite_connection_hysteresis_sec_int=180, satellite_supported_disaster_plmn_string_array=[], regional_satellite_earfcn_bundle=PersistableBundle[{}], satellite_entitlement_supported_bool=false, satellite_supported_emergency_plmn_string_array=[], satellite_configs_per_plmn_bundle=PersistableBundle[{}], satellite_sos_max_datagram_size_bytes_int=255, satellite_supported_msg_apps_string_array=[com.google.android.apps.messaging], satellite_connected_notification_throttle_millis_int=604800000, satellite_display_name_string=, satellite_roaming_p2p_sms_inactivity_timeout_sec_int=180, satellite_roaming_turn_off_session_for_emergency_call_bool=true, emergency_messaging_supported_bool=false, carrier_roaming_satellite_emergency_messaging_provider_per_country_bundle=PersistableBundle[{}], satellite_data_support_mode_int=0, carrier_roaming_ntn_connect_type_int=0, satellite_attach_supported_bool=false, carrier_roaming_satellite_emergency_messaging_redirection_destination_string=, satellite_nidd_apn_name_string=, carrier_supported_satellite_services_per_provider_bundle=PersistableBundle[{310830=[2, 3, 6]}], satellite_roaming_esos_inactivity_timeout_sec_int=300, carrier_supported_satellite_notification_hysteresis_sec_int=180, carrier_config_applied_bool=true, carrier_roaming_ntn_emergency_call_to_satellite_handover_type_int=2, carrier_roaming_satellite_default_services_int_array=[2, 3, 6], imsserviceentitlement.entitlement_server_url_string=, emergency_call_to_satellite_t911_handover_timeout_millis_int=30000, satellite_roaming_p2p_sms_supported_bool=false, carrier_config_version_string=, satellite_roaming_screen_off_inactivity_timeout_sec_int=30}]
08-26 17:31:35.733  1095  1243 D SatelliteController: isSatelliteSupportedViaCarrier: using CarrierConfig for subId=1, isAttachSupported=false
08-26 17:31:35.733  1095  1243 D SatelliteController: isInSatelliteModeForCarrierRoaming: subId=1, connectType=0, result=false
08-26 17:31:39.620   517   517 I adbd    : adbd service requested 'shell,v2,raw:dumpsys package com.google.android.gms'
08-26 17:31:39.667  2635 20535 I artd    : GetBestInfo: odex next to the dex file (/data/app/~~bX9OEGQ8NofBOJHm0BYQkg==/com.google.android.gms-Gv8nBSt27pvHbuElOejyNw==/oat/arm64/base.odex) is kOatUpToDate with filter 'verify' executable 'false'
08-26 17:31:39.667  2635 20535 I artd    : GetBestInfo: odex next to the dex file (/data/app/~~bX9OEGQ8NofBOJHm0BYQkg==/com.google.android.gms-Gv8nBSt27pvHbuElOejyNw==/oat/arm64/base.odex) is kOatUpToDate with filter 'verify' executable 'false'
08-26 17:31:39.668  2635 20535 I artd    : GetBestInfo: dm (/data/app/~~bX9OEGQ8NofBOJHm0BYQkg==/com.google.android.gms-Gv8nBSt27pvHbuElOejyNw==/split_AdsDynamite_installtime.dm) is kOatUpToDate with filter 'verify' executable 'false'
08-26 17:31:39.669  2635 20535 I artd    : GetBestInfo: odex next to the dex file (/data/app/~~bX9OEGQ8NofBOJHm0BYQkg==/com.google.android.gms-Gv8nBSt27pvHbuElOejyNw==/oat/arm64/split_CronetDynamite_installtime.odex) is kOatUpToDate with filter 'speed-profile' executable 'false'
08-26 17:31:39.669  2635 20535 I artd    : GetBestInfo: odex next to the dex file (/data/app/~~bX9OEGQ8NofBOJHm0BYQkg==/com.google.android.gms-Gv8nBSt27pvHbuElOejyNw==/oat/arm64/split_CronetDynamite_installtime.odex) is kOatUpToDate with filter 'speed-profile' executable 'false'
08-26 17:31:39.670  2635 20535 I artd    : GetBestInfo: dm (/data/app/~~bX9OEGQ8NofBOJHm0BYQkg==/com.google.android.gms-Gv8nBSt27pvHbuElOejyNw==/split_DynamiteLoader_installtime.dm) is kOatUpToDate with filter 'verify' executable 'false'
08-26 17:31:39.671  2635 20535 I artd    : GetBestInfo: dm (/data/app/~~bX9OEGQ8NofBOJHm0BYQkg==/com.google.android.gms-Gv8nBSt27pvHbuElOejyNw==/split_DynamiteModulesA_installtime.dm) is kOatUpToDate with filter 'verify' executable 'false'
08-26 17:31:39.672  2635 20535 I artd    : GetBestInfo: dm (/data/app/~~bX9OEGQ8NofBOJHm0BYQkg==/com.google.android.gms-Gv8nBSt27pvHbuElOejyNw==/split_DynamiteModulesC_installtime.dm) is kOatUpToDate with filter 'verify' executable 'false'
08-26 17:31:39.673  2635 20535 I artd    : GetBestInfo: dm (/data/app/~~bX9OEGQ8NofBOJHm0BYQkg==/com.google.android.gms-Gv8nBSt27pvHbuElOejyNw==/split_GoogleCertificates_installtime.dm) is kOatUpToDate with filter 'verify' executable 'false'
08-26 17:31:39.674  2635 20535 I artd    : GetBestInfo: dm (/data/app/~~bX9OEGQ8NofBOJHm0BYQkg==/com.google.android.gms-Gv8nBSt27pvHbuElOejyNw==/split_MapsDynamite_installtime.dm) is kOatUpToDate with filter 'verify' executable 'false'
08-26 17:31:39.675  2635 20535 I artd    : GetBestInfo: dm (/data/app/~~bX9OEGQ8NofBOJHm0BYQkg==/com.google.android.gms-Gv8nBSt27pvHbuElOejyNw==/split_MeasurementDynamite_installtime.dm) is kOatUpToDate with filter 'verify' executable 'false'
08-26 17:31:39.676  2635 20535 I artd    : GetBestInfo: dm (/data/app/~~bX9OEGQ8NofBOJHm0BYQkg==/com.google.android.gms-Gv8nBSt27pvHbuElOejyNw==/split_all_locale_splits.dm) is kOatUpToDate with filter 'verify' executable 'false'
08-26 17:31:39.678  2635 20535 I artd    : GetBestInfo: /data/user_de/0/com.google.android.gms/app_chimera/m/0000000c/dl-TfliteDynamiteDynamite.integ_252130102100400.apk has no usable artifacts
08-26 17:31:39.679  2635 20535 I artd    : GetBestInfo: /data/user_de/0/com.google.android.gms/app_chimera/m/00000001/CronetDynamite.apk has no usable artifacts
08-26 17:31:39.681  2635 20535 I artd    : GetBestInfo: vdex next to the dex file (/data/user/0/com.google.android.gms/app_dg_cache/F43216EC192C66BFB5A30C3CDD57E8C5C9005730/oat/arm64/the.vdex) is kOatUpToDate with filter 'verify' executable 'false'
08-26 17:31:39.681  2635 20535 I artd    : GetBestInfo: /data/user_de/0/com.google.android.gms/app_chimera/m/00000002/DynamiteLoader.apk has no usable artifacts
08-26 17:31:39.683  2635 20535 I artd    : GetBestInfo: /data/user_de/0/com.google.android.gms/app_chimera/m/00000012/dl-MlkitBarcodeUi.optional_263234100400.apk has no usable artifacts
08-26 17:31:39.683  2635 20535 I artd    : GetBestInfo: /data/user_de/0/com.google.android.gms/app_chimera/m/00000005/GoogleCertificates.apk has no usable artifacts
08-26 17:31:39.684  2635 20535 I artd    : GetBestInfo: /data/user_de/0/com.google.android.gms/app_chimera/m/00000015/dl-TfliteDynamiteDynamite.integ_260580502100400.apk has no usable artifacts
08-26 17:31:39.685  2635 20535 I artd    : GetBestInfo: /data/user_de/0/com.google.android.gms/app_chimera/m/0000000f/dl-MlkitBarcodeUi.optional_262236100400.apk has no usable artifacts
08-26 17:31:39.686  2635 20535 I artd    : GetBestInfo: /data/user_de/0/com.google.android.gms/app_chimera/m/00000016/dl-PlayCloudSearch.optional_263234100000.apk has no usable artifacts
08-26 17:31:39.686  2635 20535 I artd    : GetBestInfo: /data/user_de/0/com.google.android.gms/app_chimera/m/00000010/dl-PlayCloudSearch.optional_262236100000.apk has no usable artifacts
08-26 17:31:39.687  2635 20535 I artd    : GetBestInfo: vdex next to the dex file (/data/user/0/com.google.android.gms/app_dg_cache/708EA63B31A09E17FD6C7CDE0FE83B45EA4CEC30/oat/arm64/the.vdex) is kOatUpToDate with filter 'verify' executable 'false'
08-26 17:31:39.688  2635 20535 I artd    : GetBestInfo: /data/user_de/0/com.google.android.gms/app_chimera/m/00000008/dl-VisionOcr.optional_262236100000.apk has no usable artifacts
08-26 17:31:39.689  2635 20535 I artd    : GetBestInfo: vdex next to the dex file (/data/user/0/com.google.android.gms/app_dg_cache/D04EBEF623804AD1CEE87B2156DE98F2840B89F7/oat/arm64/the.vdex) is kOatUpToDate with filter 'verify' executable 'false'
08-26 17:31:39.690  2635 20535 I artd    : GetBestInfo: /data/user_de/0/com.google.android.gms/app_chimera/m/0000000b/dl-MlkitOcrCommon.optional_262236100400.apk has no usable artifacts
08-26 17:31:39.690  2635 20535 I artd    : GetBestInfo: /data/user_de/0/com.google.android.gms/app_chimera/m/00000014/dl-MlkitOcrCommon.optional_263234100400.apk has no usable artifacts
08-26 17:31:39.691  2635 20535 I artd    : GetBestInfo: /data/user_de/0/com.google.android.gms/app_chimera/m/00000009/dl-Appsearch.optional_262236100400.apk has no usable artifacts
08-26 17:31:39.692  2635 20535 I artd    : GetBestInfo: /data/user_de/0/com.google.android.gms/app_chimera/m/00000017/dl-VisionOcr.optional_263234100000.apk has no usable artifacts
08-26 17:31:39.692  2635 20535 I artd    : GetBestInfo: /data/user_de/0/com.google.android.gms/app_chimera/m/00000007/MeasurementDynamite.apk has no usable artifacts
08-26 17:31:39.693  2635 20535 I artd    : GetBestInfo: /data/user_de/0/com.google.android.gms/app_chimera/m/00000011/dl-Appsearch.optional_263234100400.apk has no usable artifacts
--------- beginning of system
08-26 17:31:44.268   657   764 W JobScheduler.JobStatus: Unsatisfied constraint not being tracked: 10
08-26 17:31:44.284  1945  1967 W .adservices.api: Reducing the number of considered missed Gc histogram windows from 249 to 100
08-26 17:31:45.727  1095  1243 E SatelliteController: isSatelliteEnabled: mIsSatelliteEnabled=null
08-26 17:31:45.728  1095  1243 D SatelliteController: isInCarrierRoamingNbIotNtn: satellite is disabled
08-26 17:31:45.728  1095  1243 D SatelliteController: getCarrierRoamingNtnConnectType: Checking connect type from PLMN config for subId: 1
08-26 17:31:45.728  1095  1243 D TelephonyConfigUpdateInstallReceiver: getConfigParser: domain=satellite
08-26 17:31:45.728  1095  1243 V SatelliteController: satelliteConfigParser is not ready
08-26 17:31:45.728  1095  1243 D SatelliteController: isSatelliteAttachSupportedViaConfigupdater: return null (satelliteConfig is null)
08-26 17:31:45.728   657  1857 W libbinder.IPCThreadState: Sending oneway calls to frozen process.
08-26 17:31:45.729  1095  1243 D SatelliteController: getConfigForSubId: subId= 1, config= PersistableBundle[{satellite_esos_supported_bool=false, satellite_connection_hysteresis_sec_int=180, satellite_supported_disaster_plmn_string_array=[], regional_satellite_earfcn_bundle=PersistableBundle[{}], satellite_entitlement_supported_bool=false, satellite_supported_emergency_plmn_string_array=[], satellite_configs_per_plmn_bundle=PersistableBundle[{}], satellite_sos_max_datagram_size_bytes_int=255, satellite_supported_msg_apps_string_array=[com.google.android.apps.messaging], satellite_connected_notification_throttle_millis_int=604800000, satellite_display_name_string=, satellite_roaming_p2p_sms_inactivity_timeout_sec_int=180, satellite_roaming_turn_off_session_for_emergency_call_bool=true, emergency_messaging_supported_bool=false, carrier_roaming_satellite_emergency_messaging_provider_per_country_bundle=PersistableBundle[{}], satellite_data_support_mode_int=0, carrier_roaming_ntn_connect_type_int=0, satellite_attach_supported_bool=false, carrier_roaming_satellite_emergency_messaging_redirection_destination_string=, satellite_nidd_apn_name_string=, carrier_supported_satellite_services_per_provider_bundle=PersistableBundle[{310830=[2, 3, 6]}], satellite_roaming_esos_inactivity_timeout_sec_int=300, carrier_supported_satellite_notification_hysteresis_sec_int=180, carrier_config_applied_bool=true, carrier_roaming_ntn_emergency_call_to_satellite_handover_type_int=2, carrier_roaming_satellite_default_services_int_array=[2, 3, 6], imsserviceentitlement.entitlement_server_url_string=, emergency_call_to_satellite_t911_handover_timeout_millis_int=30000, satellite_roaming_p2p_sms_supported_bool=false, carrier_config_version_string=, satellite_roaming_screen_off_inactivity_timeout_sec_int=30}]
08-26 17:31:45.729  1095  1243 D SatelliteController: isSatelliteSupportedViaCarrier: using CarrierConfig for subId=1, isAttachSupported=false
08-26 17:31:45.729  1095  1243 D SatelliteController: getSatellitePerPlmnConfiguration: invalid subId or not supported via carrier.
08-26 17:31:45.729  1095  1243 D SatelliteController: getCarrierRoamingNtnConnectType: config: null
08-26 17:31:45.729  1095  1243 D TelephonyConfigUpdateInstallReceiver: getConfigParser: domain=satellite
08-26 17:31:45.729  1095  1243 V SatelliteController: satelliteConfigParser is not ready
08-26 17:31:45.729  1095  1243 D SatelliteController: getCarrierRoamingNtnConnectTypeViaConfigUpdater: return null (satelliteConfig is null)
08-26 17:31:45.730  1095  1243 D SatelliteController: getConfigForSubId: subId= 1, config= PersistableBundle[{satellite_esos_supported_bool=false, satellite_connection_hysteresis_sec_int=180, satellite_supported_disaster_plmn_string_array=[], regional_satellite_earfcn_bundle=PersistableBundle[{}], satellite_entitlement_supported_bool=false, satellite_supported_emergency_plmn_string_array=[], satellite_configs_per_plmn_bundle=PersistableBundle[{}], satellite_sos_max_datagram_size_bytes_int=255, satellite_supported_msg_apps_string_array=[com.google.android.apps.messaging], satellite_connected_notification_throttle_millis_int=604800000, satellite_display_name_string=, satellite_roaming_p2p_sms_inactivity_timeout_sec_int=180, satellite_roaming_turn_off_session_for_emergency_call_bool=true, emergency_messaging_supported_bool=false, carrier_roaming_satellite_emergency_messaging_provider_per_country_bundle=PersistableBundle[{}], satellite_data_support_mode_int=0, carrier_roaming_ntn_connect_type_int=0, satellite_attach_supported_bool=false, carrier_roaming_satellite_emergency_messaging_redirection_destination_string=, satellite_nidd_apn_name_string=, carrier_supported_satellite_services_per_provider_bundle=PersistableBundle[{310830=[2, 3, 6]}], satellite_roaming_esos_inactivity_timeout_sec_int=300, carrier_supported_satellite_notification_hysteresis_sec_int=180, carrier_config_applied_bool=true, carrier_roaming_ntn_emergency_call_to_satellite_handover_type_int=2, carrier_roaming_satellite_default_services_int_array=[2, 3, 6], imsserviceentitlement.entitlement_server_url_string=, emergency_call_to_satellite_t911_handover_timeout_millis_int=30000, satellite_roaming_p2p_sms_supported_bool=false, carrier_config_version_string=, satellite_roaming_screen_off_inactivity_timeout_sec_int=30}]
08-26 17:31:45.730  1095  1243 D SatelliteController: getCarrierRoamingNtnConnectType: Falling back to global carrier config connect type: 0
08-26 17:31:45.730  1095  1243 D TelephonyConfigUpdateInstallReceiver: getConfigParser: domain=satellite
08-26 17:31:45.730  1095  1243 V SatelliteController: satelliteConfigParser is not ready
08-26 17:31:45.730  1095  1243 D SatelliteController: isSatelliteAttachSupportedViaConfigupdater: return null (satelliteConfig is null)
08-26 17:31:45.730  1095  1243 D SatelliteController: getConfigForSubId: subId= 1, config= PersistableBundle[{satellite_esos_supported_bool=false, satellite_connection_hysteresis_sec_int=180, satellite_supported_disaster_plmn_string_array=[], regional_satellite_earfcn_bundle=PersistableBundle[{}], satellite_entitlement_supported_bool=false, satellite_supported_emergency_plmn_string_array=[], satellite_configs_per_plmn_bundle=PersistableBundle[{}], satellite_sos_max_datagram_size_bytes_int=255, satellite_supported_msg_apps_string_array=[com.google.android.apps.messaging], satellite_connected_notification_throttle_millis_int=604800000, satellite_display_name_string=, satellite_roaming_p2p_sms_inactivity_timeout_sec_int=180, satellite_roaming_turn_off_session_for_emergency_call_bool=true, emergency_messaging_supported_bool=false, carrier_roaming_satellite_emergency_messaging_provider_per_country_bundle=PersistableBundle[{}], satellite_data_support_mode_int=0, carrier_roaming_ntn_connect_type_int=0, satellite_attach_supported_bool=false, carrier_roaming_satellite_emergency_messaging_redirection_destination_string=, satellite_nidd_apn_name_string=, carrier_supported_satellite_services_per_provider_bundle=PersistableBundle[{310830=[2, 3, 6]}], satellite_roaming_esos_inactivity_timeout_sec_int=300, carrier_supported_satellite_notification_hysteresis_sec_int=180, carrier_config_applied_bool=true, carrier_roaming_ntn_emergency_call_to_satellite_handover_type_int=2, carrier_roaming_satellite_default_services_int_array=[2, 3, 6], imsserviceentitlement.entitlement_server_url_string=, emergency_call_to_satellite_t911_handover_timeout_millis_int=30000, satellite_roaming_p2p_sms_supported_bool=false, carrier_config_version_string=, satellite_roaming_screen_off_inactivity_timeout_sec_int=30}]
08-26 17:31:45.730  1095  1243 D SatelliteController: isSatelliteSupportedViaCarrier: using CarrierConfig for subId=1, isAttachSupported=false
08-26 17:31:45.730  1095  1243 D SatelliteController: isInSatelliteModeForCarrierRoaming: subId=1, connectType=0, result=false
08-26 17:31:45.730  1095  1243 D SatelliteController: getCarrierRoamingNtnConnectType: Checking connect type from PLMN config for subId: 1
08-26 17:31:45.730  1095  1243 D TelephonyConfigUpdateInstallReceiver: getConfigParser: domain=satellite
08-26 17:31:45.730  1095  1243 V SatelliteController: satelliteConfigParser is not ready
08-26 17:31:45.730  1095  1243 D SatelliteController: isSatelliteAttachSupportedViaConfigupdater: return null (satelliteConfig is null)
08-26 17:31:45.731  1095  1243 D SatelliteController: getConfigForSubId: subId= 1, config= PersistableBundle[{satellite_esos_supported_bool=false, satellite_connection_hysteresis_sec_int=180, satellite_supported_disaster_plmn_string_array=[], regional_satellite_earfcn_bundle=PersistableBundle[{}], satellite_entitlement_supported_bool=false, satellite_supported_emergency_plmn_string_array=[], satellite_configs_per_plmn_bundle=PersistableBundle[{}], satellite_sos_max_datagram_size_bytes_int=255, satellite_supported_msg_apps_string_array=[com.google.android.apps.messaging], satellite_connected_notification_throttle_millis_int=604800000, satellite_display_name_string=, satellite_roaming_p2p_sms_inactivity_timeout_sec_int=180, satellite_roaming_turn_off_session_for_emergency_call_bool=true, emergency_messaging_supported_bool=false, carrier_roaming_satellite_emergency_messaging_provider_per_country_bundle=PersistableBundle[{}], satellite_data_support_mode_int=0, carrier_roaming_ntn_connect_type_int=0, satellite_attach_supported_bool=false, carrier_roaming_satellite_emergency_messaging_redirection_destination_string=, satellite_nidd_apn_name_string=, carrier_supported_satellite_services_per_provider_bundle=PersistableBundle[{310830=[2, 3, 6]}], satellite_roaming_esos_inactivity_timeout_sec_int=300, carrier_supported_satellite_notification_hysteresis_sec_int=180, carrier_config_applied_bool=true, carrier_roaming_ntn_emergency_call_to_satellite_handover_type_int=2, carrier_roaming_satellite_default_services_int_array=[2, 3, 6], imsserviceentitlement.entitlement_server_url_string=, emergency_call_to_satellite_t911_handover_timeout_millis_int=30000, satellite_roaming_p2p_sms_supported_bool=false, carrier_config_version_string=, satellite_roaming_screen_off_inactivity_timeout_sec_int=30}]
08-26 17:31:45.731  1095  1243 D SatelliteController: isSatelliteSupportedViaCarrier: using CarrierConfig for subId=1, isAttachSupported=false
08-26 17:31:45.731  1095  1243 D SatelliteController: getSatellitePerPlmnConfiguration: invalid subId or not supported via carrier.
08-26 17:31:45.731  1095  1243 D SatelliteController: getCarrierRoamingNtnConnectType: config: null
08-26 17:31:45.731  1095  1243 D TelephonyConfigUpdateInstallReceiver: getConfigParser: domain=satellite
08-26 17:31:45.731  1095  1243 V SatelliteController: satelliteConfigParser is not ready
08-26 17:31:45.731  1095  1243 D SatelliteController: getCarrierRoamingNtnConnectTypeViaConfigUpdater: return null (satelliteConfig is null)
08-26 17:31:45.731  1095  1243 D SatelliteController: getConfigForSubId: subId= 1, config= PersistableBundle[{satellite_esos_supported_bool=false, satellite_connection_hysteresis_sec_int=180, satellite_supported_disaster_plmn_string_array=[], regional_satellite_earfcn_bundle=PersistableBundle[{}], satellite_entitlement_supported_bool=false, satellite_supported_emergency_plmn_string_array=[], satellite_configs_per_plmn_bundle=PersistableBundle[{}], satellite_sos_max_datagram_size_bytes_int=255, satellite_supported_msg_apps_string_array=[com.google.android.apps.messaging], satellite_connected_notification_throttle_millis_int=604800000, satellite_display_name_string=, satellite_roaming_p2p_sms_inactivity_timeout_sec_int=180, satellite_roaming_turn_off_session_for_emergency_call_bool=true, emergency_messaging_supported_bool=false, carrier_roaming_satellite_emergency_messaging_provider_per_country_bundle=PersistableBundle[{}], satellite_data_support_mode_int=0, carrier_roaming_ntn_connect_type_int=0, satellite_attach_supported_bool=false, carrier_roaming_satellite_emergency_messaging_redirection_destination_string=, satellite_nidd_apn_name_string=, carrier_supported_satellite_services_per_provider_bundle=PersistableBundle[{310830=[2, 3, 6]}], satellite_roaming_esos_inactivity_timeout_sec_int=300, carrier_supported_satellite_notification_hysteresis_sec_int=180, carrier_config_applied_bool=true, carrier_roaming_ntn_emergency_call_to_satellite_handover_type_int=2, carrier_roaming_satellite_default_services_int_array=[2, 3, 6], imsserviceentitlement.entitlement_server_url_string=, emergency_call_to_satellite_t911_handover_timeout_millis_int=30000, satellite_roaming_p2p_sms_supported_bool=false, carrier_config_version_string=, satellite_roaming_screen_off_inactivity_timeout_sec_int=30}]
08-26 17:31:45.731  1095  1243 D SatelliteController: getCarrierRoamingNtnConnectType: Falling back to global carrier config connect type: 0
08-26 17:31:45.731  1095  1243 D TelephonyConfigUpdateInstallReceiver: getConfigParser: domain=satellite
08-26 17:31:45.731  1095  1243 V SatelliteController: satelliteConfigParser is not ready
08-26 17:31:45.731  1095  1243 D SatelliteController: isSatelliteAttachSupportedViaConfigupdater: return null (satelliteConfig is null)
08-26 17:31:45.732  1095  1243 D SatelliteController: getConfigForSubId: subId= 1, config= PersistableBundle[{satellite_esos_supported_bool=false, satellite_connection_hysteresis_sec_int=180, satellite_supported_disaster_plmn_string_array=[], regional_satellite_earfcn_bundle=PersistableBundle[{}], satellite_entitlement_supported_bool=false, satellite_supported_emergency_plmn_string_array=[], satellite_configs_per_plmn_bundle=PersistableBundle[{}], satellite_sos_max_datagram_size_bytes_int=255, satellite_supported_msg_apps_string_array=[com.google.android.apps.messaging], satellite_connected_notification_throttle_millis_int=604800000, satellite_display_name_string=, satellite_roaming_p2p_sms_inactivity_timeout_sec_int=180, satellite_roaming_turn_off_session_for_emergency_call_bool=true, emergency_messaging_supported_bool=false, carrier_roaming_satellite_emergency_messaging_provider_per_country_bundle=PersistableBundle[{}], satellite_data_support_mode_int=0, carrier_roaming_ntn_connect_type_int=0, satellite_attach_supported_bool=false, carrier_roaming_satellite_emergency_messaging_redirection_destination_string=, satellite_nidd_apn_name_string=, carrier_supported_satellite_services_per_provider_bundle=PersistableBundle[{310830=[2, 3, 6]}], satellite_roaming_esos_inactivity_timeout_sec_int=300, carrier_supported_satellite_notification_hysteresis_sec_int=180, carrier_config_applied_bool=true, carrier_roaming_ntn_emergency_call_to_satellite_handover_type_int=2, carrier_roaming_satellite_default_services_int_array=[2, 3, 6], imsserviceentitlement.entitlement_server_url_string=, emergency_call_to_satellite_t911_handover_timeout_millis_int=30000, satellite_roaming_p2p_sms_supported_bool=false, carrier_config_version_string=, satellite_roaming_screen_off_inactivity_timeout_sec_int=30}]
08-26 17:31:45.732  1095  1243 D SatelliteController: isSatelliteSupportedViaCarrier: using CarrierConfig for subId=1, isAttachSupported=false
08-26 17:31:45.732  1095  1243 D SatelliteController: isInSatelliteModeForCarrierRoaming: subId=1, connectType=0, result=false
08-26 17:31:49.633   517   517 I adbd    : adbd service requested 'shell,v2,raw:dumpsys package com.google.android.gms'
08-26 17:31:49.684  2635  2719 I artd    : GetBestInfo: odex next to the dex file (/data/app/~~bX9OEGQ8NofBOJHm0BYQkg==/com.google.android.gms-Gv8nBSt27pvHbuElOejyNw==/oat/arm64/base.odex) is kOatUpToDate with filter 'verify' executable 'false'
08-26 17:31:49.684  2635  2719 I artd    : GetBestInfo: odex next to the dex file (/data/app/~~bX9OEGQ8NofBOJHm0BYQkg==/com.google.android.gms-Gv8nBSt27pvHbuElOejyNw==/oat/arm64/base.odex) is kOatUpToDate with filter 'verify' executable 'false'
08-26 17:31:49.685  2635  2719 I artd    : GetBestInfo: dm (/data/app/~~bX9OEGQ8NofBOJHm0BYQkg==/com.google.android.gms-Gv8nBSt27pvHbuElOejyNw==/split_AdsDynamite_installtime.dm) is kOatUpToDate with filter 'verify' executable 'false'
08-26 17:31:49.686  2635  2719 I artd    : GetBestInfo: odex next to the dex file (/data/app/~~bX9OEGQ8NofBOJHm0BYQkg==/com.google.android.gms-Gv8nBSt27pvHbuElOejyNw==/oat/arm64/split_CronetDynamite_installtime.odex) is kOatUpToDate with filter 'speed-profile' executable 'false'
08-26 17:31:49.686  2635  2719 I artd    : GetBestInfo: odex next to the dex file (/data/app/~~bX9OEGQ8NofBOJHm0BYQkg==/com.google.android.gms-Gv8nBSt27pvHbuElOejyNw==/oat/arm64/split_CronetDynamite_installtime.odex) is kOatUpToDate with filter 'speed-profile' executable 'false'
08-26 17:31:49.686  2635  2719 I artd    : GetBestInfo: dm (/data/app/~~bX9OEGQ8NofBOJHm0BYQkg==/com.google.android.gms-Gv8nBSt27pvHbuElOejyNw==/split_DynamiteLoader_installtime.dm) is kOatUpToDate with filter 'verify' executable 'false'
08-26 17:31:49.687  2635  2719 I artd    : GetBestInfo: dm (/data/app/~~bX9OEGQ8NofBOJHm0BYQkg==/com.google.android.gms-Gv8nBSt27pvHbuElOejyNw==/split_DynamiteModulesA_installtime.dm) is kOatUpToDate with filter 'verify' executable 'false'
08-26 17:31:49.688  2635  2719 I artd    : GetBestInfo: dm (/data/app/~~bX9OEGQ8NofBOJHm0BYQkg==/com.google.android.gms-Gv8nBSt27pvHbuElOejyNw==/split_DynamiteModulesC_installtime.dm) is kOatUpToDate with filter 'verify' executable 'false'
08-26 17:31:49.689  2635  2719 I artd    : GetBestInfo: dm (/data/app/~~bX9OEGQ8NofBOJHm0BYQkg==/com.google.android.gms-Gv8nBSt27pvHbuElOejyNw==/split_GoogleCertificates_installtime.dm) is kOatUpToDate with filter 'verify' executable 'false'
08-26 17:31:49.690  2635  2719 I artd    : GetBestInfo: dm (/data/app/~~bX9OEGQ8NofBOJHm0BYQkg==/com.google.android.gms-Gv8nBSt27pvHbuElOejyNw==/split_MapsDynamite_installtime.dm) is kOatUpToDate with filter 'verify' executable 'false'
08-26 17:31:49.690  2635  2719 I artd    : GetBestInfo: dm (/data/app/~~bX9OEGQ8NofBOJHm0BYQkg==/com.google.android.gms-Gv8nBSt27pvHbuElOejyNw==/split_MeasurementDynamite_installtime.dm) is kOatUpToDate with filter 'verify' executable 'false'
08-26 17:31:49.691  2635  2719 I artd    : GetBestInfo: dm (/data/app/~~bX9OEGQ8NofBOJHm0BYQkg==/com.google.android.gms-Gv8nBSt27pvHbuElOejyNw==/split_all_locale_splits.dm) is kOatUpToDate with filter 'verify' executable 'false'
08-26 17:31:49.692  2635  2719 I artd    : GetBestInfo: /data/user_de/0/com.google.android.gms/app_chimera/m/0000000c/dl-TfliteDynamiteDynamite.integ_252130102100400.apk has no usable artifacts
08-26 17:31:49.692  2635  2719 I artd    : GetBestInfo: /data/user_de/0/com.google.android.gms/app_chimera/m/00000001/CronetDynamite.apk has no usable artifacts
08-26 17:31:49.693  2635  2719 I artd    : GetBestInfo: vdex next to the dex file (/data/user/0/com.google.android.gms/app_dg_cache/F43216EC192C66BFB5A30C3CDD57E8C5C9005730/oat/arm64/the.vdex) is kOatUpToDate with filter 'verify' executable 'false'
08-26 17:31:49.693  2635  2719 I artd    : GetBestInfo: /data/user_de/0/com.google.android.gms/app_chimera/m/00000002/DynamiteLoader.apk has no usable artifacts
08-26 17:31:49.694  2635  2719 I artd    : GetBestInfo: /data/user_de/0/com.google.android.gms/app_chimera/m/00000012/dl-MlkitBarcodeUi.optional_263234100400.apk has no usable artifacts
08-26 17:31:49.694  2635  2719 I artd    : GetBestInfo: /data/user_de/0/com.google.android.gms/app_chimera/m/00000005/GoogleCertificates.apk has no usable artifacts
08-26 17:31:49.695  2635  2719 I artd    : GetBestInfo: /data/user_de/0/com.google.android.gms/app_chimera/m/00000015/dl-TfliteDynamiteDynamite.integ_260580502100400.apk has no usable artifacts
08-26 17:31:49.696  2635  2719 I artd    : GetBestInfo: /data/user_de/0/com.google.android.gms/app_chimera/m/0000000f/dl-MlkitBarcodeUi.optional_262236100400.apk has no usable artifacts
08-26 17:31:49.697  2635  2719 I artd    : GetBestInfo: /data/user_de/0/com.google.android.gms/app_chimera/m/00000016/dl-PlayCloudSearch.optional_263234100000.apk has no usable artifacts
08-26 17:31:49.698  2635  2719 I artd    : GetBestInfo: /data/user_de/0/com.google.android.gms/app_chimera/m/00000010/dl-PlayCloudSearch.optional_262236100000.apk has no usable artifacts
08-26 17:31:49.698  2635  2719 I artd    : GetBestInfo: vdex next to the dex file (/data/user/0/com.google.android.gms/app_dg_cache/708EA63B31A09E17FD6C7CDE0FE83B45EA4CEC30/oat/arm64/the.vdex) is kOatUpToDate with filter 'verify' executable 'false'
08-26 17:31:49.699  2635  2719 I artd    : GetBestInfo: /data/user_de/0/com.google.android.gms/app_chimera/m/00000008/dl-VisionOcr.optional_262236100000.apk has no usable artifacts
08-26 17:31:49.700  2635  2719 I artd    : GetBestInfo: vdex next to the dex file (/data/user/0/com.google.android.gms/app_dg_cache/D04EBEF623804AD1CEE87B2156DE98F2840B89F7/oat/arm64/the.vdex) is kOatUpToDate with filter 'verify' executable 'false'
08-26 17:31:49.701  2635  2719 I artd    : GetBestInfo: /data/user_de/0/com.google.android.gms/app_chimera/m/0000000b/dl-MlkitOcrCommon.optional_262236100400.apk has no usable artifacts
08-26 17:31:49.701  2635  2719 I artd    : GetBestInfo: /data/user_de/0/com.google.android.gms/app_chimera/m/00000014/dl-MlkitOcrCommon.optional_263234100400.apk has no usable artifacts
08-26 17:31:49.702  2635  2719 I artd    : GetBestInfo: /data/user_de/0/com.google.android.gms/app_chimera/m/00000009/dl-Appsearch.optional_262236100400.apk has no usable artifacts
08-26 17:31:49.703  2635  2719 I artd    : GetBestInfo: /data/user_de/0/com.google.android.gms/app_chimera/m/00000017/dl-VisionOcr.optional_263234100000.apk has no usable artifacts
08-26 17:31:49.703  2635  2719 I artd    : GetBestInfo: /data/user_de/0/com.google.android.gms/app_chimera/m/00000007/MeasurementDynamite.apk has no usable artifacts
08-26 17:31:49.704  2635  2719 I artd    : GetBestInfo: /data/user_de/0/com.google.android.gms/app_chimera/m/00000011/dl-Appsearch.optional_263234100400.apk has no usable artifacts
08-26 17:31:55.733  1095  1243 E SatelliteController: isSatelliteEnabled: mIsSatelliteEnabled=null
08-26 17:31:55.733  1095  1243 D SatelliteController: isInCarrierRoamingNbIotNtn: satellite is disabled
08-26 17:31:55.733  1095  1243 D SatelliteController: getCarrierRoamingNtnConnectType: Checking connect type from PLMN config for subId: 1
08-26 17:31:55.733  1095  1243 D TelephonyConfigUpdateInstallReceiver: getConfigParser: domain=satellite
08-26 17:31:55.733  1095  1243 V SatelliteController: satelliteConfigParser is not ready
08-26 17:31:55.733  1095  1243 D SatelliteController: isSatelliteAttachSupportedViaConfigupdater: return null (satelliteConfig is null)
08-26 17:31:55.734  1095  1243 D SatelliteController: getConfigForSubId: subId= 1, config= PersistableBundle[{satellite_esos_supported_bool=false, satellite_connection_hysteresis_sec_int=180, satellite_supported_disaster_plmn_string_array=[], regional_satellite_earfcn_bundle=PersistableBundle[{}], satellite_entitlement_supported_bool=false, satellite_supported_emergency_plmn_string_array=[], satellite_configs_per_plmn_bundle=PersistableBundle[{}], satellite_sos_max_datagram_size_bytes_int=255, satellite_supported_msg_apps_string_array=[com.google.android.apps.messaging], satellite_connected_notification_throttle_millis_int=604800000, satellite_display_name_string=, satellite_roaming_p2p_sms_inactivity_timeout_sec_int=180, satellite_roaming_turn_off_session_for_emergency_call_bool=true, emergency_messaging_supported_bool=false, carrier_roaming_satellite_emergency_messaging_provider_per_country_bundle=PersistableBundle[{}], satellite_data_support_mode_int=0, carrier_roaming_ntn_connect_type_int=0, satellite_attach_supported_bool=false, carrier_roaming_satellite_emergency_messaging_redirection_destination_string=, satellite_nidd_apn_name_string=, carrier_supported_satellite_services_per_provider_bundle=PersistableBundle[{310830=[2, 3, 6]}], satellite_roaming_esos_inactivity_timeout_sec_int=300, carrier_supported_satellite_notification_hysteresis_sec_int=180, carrier_config_applied_bool=true, carrier_roaming_ntn_emergency_call_to_satellite_handover_type_int=2, carrier_roaming_satellite_default_services_int_array=[2, 3, 6], imsserviceentitlement.entitlement_server_url_string=, emergency_call_to_satellite_t911_handover_timeout_millis_int=30000, satellite_roaming_p2p_sms_supported_bool=false, carrier_config_version_string=, satellite_roaming_screen_off_inactivity_timeout_sec_int=30}]
08-26 17:31:55.734  1095  1243 D SatelliteController: isSatelliteSupportedViaCarrier: using CarrierConfig for subId=1, isAttachSupported=false
08-26 17:31:55.734  1095  1243 D SatelliteController: getSatellitePerPlmnConfiguration: invalid subId or not supported via carrier.
08-26 17:31:55.734   657  1933 W libbinder.IPCThreadState: Sending oneway calls to frozen process.
08-26 17:31:55.734  1095  1243 D SatelliteController: getCarrierRoamingNtnConnectType: config: null
08-26 17:31:55.734  1095  1243 D TelephonyConfigUpdateInstallReceiver: getConfigParser: domain=satellite
08-26 17:31:55.734  1095  1243 V SatelliteController: satelliteConfigParser is not ready
08-26 17:31:55.734  1095  1243 D SatelliteController: getCarrierRoamingNtnConnectTypeViaConfigUpdater: return null (satelliteConfig is null)
08-26 17:31:55.734  1095  1243 D SatelliteController: getConfigForSubId: subId= 1, config= PersistableBundle[{satellite_esos_supported_bool=false, satellite_connection_hysteresis_sec_int=180, satellite_supported_disaster_plmn_string_array=[], regional_satellite_earfcn_bundle=PersistableBundle[{}], satellite_entitlement_supported_bool=false, satellite_supported_emergency_plmn_string_array=[], satellite_configs_per_plmn_bundle=PersistableBundle[{}], satellite_sos_max_datagram_size_bytes_int=255, satellite_supported_msg_apps_string_array=[com.google.android.apps.messaging], satellite_connected_notification_throttle_millis_int=604800000, satellite_display_name_string=, satellite_roaming_p2p_sms_inactivity_timeout_sec_int=180, satellite_roaming_turn_off_session_for_emergency_call_bool=true, emergency_messaging_supported_bool=false, carrier_roaming_satellite_emergency_messaging_provider_per_country_bundle=PersistableBundle[{}], satellite_data_support_mode_int=0, carrier_roaming_ntn_connect_type_int=0, satellite_attach_supported_bool=false, carrier_roaming_satellite_emergency_messaging_redirection_destination_string=, satellite_nidd_apn_name_string=, carrier_supported_satellite_services_per_provider_bundle=PersistableBundle[{310830=[2, 3, 6]}], satellite_roaming_esos_inactivity_timeout_sec_int=300, carrier_supported_satellite_notification_hysteresis_sec_int=180, carrier_config_applied_bool=true, carrier_roaming_ntn_emergency_call_to_satellite_handover_type_int=2, carrier_roaming_satellite_default_services_int_array=[2, 3, 6], imsserviceentitlement.entitlement_server_url_string=, emergency_call_to_satellite_t911_handover_timeout_millis_int=30000, satellite_roaming_p2p_sms_supported_bool=false, carrier_config_version_string=, satellite_roaming_screen_off_inactivity_timeout_sec_int=30}]
08-26 17:31:55.734  1095  1243 D SatelliteController: getCarrierRoamingNtnConnectType: Falling back to global carrier config connect type: 0
08-26 17:31:55.734  1095  1243 D TelephonyConfigUpdateInstallReceiver: getConfigParser: domain=satellite
08-26 17:31:55.734  1095  1243 V SatelliteController: satelliteConfigParser is not ready
08-26 17:31:55.734  1095  1243 D SatelliteController: isSatelliteAttachSupportedViaConfigupdater: return null (satelliteConfig is null)
08-26 17:31:55.735  1095  1243 D SatelliteController: getConfigForSubId: subId= 1, config= PersistableBundle[{satellite_esos_supported_bool=false, satellite_connection_hysteresis_sec_int=180, satellite_supported_disaster_plmn_string_array=[], regional_satellite_earfcn_bundle=PersistableBundle[{}], satellite_entitlement_supported_bool=false, satellite_supported_emergency_plmn_string_array=[], satellite_configs_per_plmn_bundle=PersistableBundle[{}], satellite_sos_max_datagram_size_bytes_int=255, satellite_supported_msg_apps_string_array=[com.google.android.apps.messaging], satellite_connected_notification_throttle_millis_int=604800000, satellite_display_name_string=, satellite_roaming_p2p_sms_inactivity_timeout_sec_int=180, satellite_roaming_turn_off_session_for_emergency_call_bool=true, emergency_messaging_supported_bool=false, carrier_roaming_satellite_emergency_messaging_provider_per_country_bundle=PersistableBundle[{}], satellite_data_support_mode_int=0, carrier_roaming_ntn_connect_type_int=0, satellite_attach_supported_bool=false, carrier_roaming_satellite_emergency_messaging_redirection_destination_string=, satellite_nidd_apn_name_string=, carrier_supported_satellite_services_per_provider_bundle=PersistableBundle[{310830=[2, 3, 6]}], satellite_roaming_esos_inactivity_timeout_sec_int=300, carrier_supported_satellite_notification_hysteresis_sec_int=180, carrier_config_applied_bool=true, carrier_roaming_ntn_emergency_call_to_satellite_handover_type_int=2, carrier_roaming_satellite_default_services_int_array=[2, 3, 6], imsserviceentitlement.entitlement_server_url_string=, emergency_call_to_satellite_t911_handover_timeout_millis_int=30000, satellite_roaming_p2p_sms_supported_bool=false, carrier_config_version_string=, satellite_roaming_screen_off_inactivity_timeout_sec_int=30}]
08-26 17:31:55.735  1095  1243 D SatelliteController: isSatelliteSupportedViaCarrier: using CarrierConfig for subId=1, isAttachSupported=false
08-26 17:31:55.735  1095  1243 D SatelliteController: isInSatelliteModeForCarrierRoaming: subId=1, connectType=0, result=false
08-26 17:31:55.735  1095  1243 D SatelliteController: getCarrierRoamingNtnConnectType: Checking connect type from PLMN config for subId: 1
08-26 17:31:55.735  1095  1243 D TelephonyConfigUpdateInstallReceiver: getConfigParser: domain=satellite
08-26 17:31:55.735  1095  1243 V SatelliteController: satelliteConfigParser is not ready
08-26 17:31:55.735  1095  1243 D SatelliteController: isSatelliteAttachSupportedViaConfigupdater: return null (satelliteConfig is null)
08-26 17:31:55.735  1095  1243 D SatelliteController: getConfigForSubId: subId= 1, config= PersistableBundle[{satellite_esos_supported_bool=false, satellite_connection_hysteresis_sec_int=180, satellite_supported_disaster_plmn_string_array=[], regional_satellite_earfcn_bundle=PersistableBundle[{}], satellite_entitlement_supported_bool=false, satellite_supported_emergency_plmn_string_array=[], satellite_configs_per_plmn_bundle=PersistableBundle[{}], satellite_sos_max_datagram_size_bytes_int=255, satellite_supported_msg_apps_string_array=[com.google.android.apps.messaging], satellite_connected_notification_throttle_millis_int=604800000, satellite_display_name_string=, satellite_roaming_p2p_sms_inactivity_timeout_sec_int=180, satellite_roaming_turn_off_session_for_emergency_call_bool=true, emergency_messaging_supported_bool=false, carrier_roaming_satellite_emergency_messaging_provider_per_country_bundle=PersistableBundle[{}], satellite_data_support_mode_int=0, carrier_roaming_ntn_connect_type_int=0, satellite_attach_supported_bool=false, carrier_roaming_satellite_emergency_messaging_redirection_destination_string=, satellite_nidd_apn_name_string=, carrier_supported_satellite_services_per_provider_bundle=PersistableBundle[{310830=[2, 3, 6]}], satellite_roaming_esos_inactivity_timeout_sec_int=300, carrier_supported_satellite_notification_hysteresis_sec_int=180, carrier_config_applied_bool=true, carrier_roaming_ntn_emergency_call_to_satellite_handover_type_int=2, carrier_roaming_satellite_default_services_int_array=[2, 3, 6], imsserviceentitlement.entitlement_server_url_string=, emergency_call_to_satellite_t911_handover_timeout_millis_int=30000, satellite_roaming_p2p_sms_supported_bool=false, carrier_config_version_string=, satellite_roaming_screen_off_inactivity_timeout_sec_int=30}]
08-26 17:31:55.736  1095  1243 D SatelliteController: isSatelliteSupportedViaCarrier: using CarrierConfig for subId=1, isAttachSupported=false
08-26 17:31:55.736  1095  1243 D SatelliteController: getSatellitePerPlmnConfiguration: invalid subId or not supported via carrier.
08-26 17:31:55.736  1095  1243 D SatelliteController: getCarrierRoamingNtnConnectType: config: null
08-26 17:31:55.736  1095  1243 D TelephonyConfigUpdateInstallReceiver: getConfigParser: domain=satellite
08-26 17:31:55.736  1095  1243 V SatelliteController: satelliteConfigParser is not ready
08-26 17:31:55.736  1095  1243 D SatelliteController: getCarrierRoamingNtnConnectTypeViaConfigUpdater: return null (satelliteConfig is null)
08-26 17:31:55.736  1095  1243 D SatelliteController: getConfigForSubId: subId= 1, config= PersistableBundle[{satellite_esos_supported_bool=false, satellite_connection_hysteresis_sec_int=180, satellite_supported_disaster_plmn_string_array=[], regional_satellite_earfcn_bundle=PersistableBundle[{}], satellite_entitlement_supported_bool=false, satellite_supported_emergency_plmn_string_array=[], satellite_configs_per_plmn_bundle=PersistableBundle[{}], satellite_sos_max_datagram_size_bytes_int=255, satellite_supported_msg_apps_string_array=[com.google.android.apps.messaging], satellite_connected_notification_throttle_millis_int=604800000, satellite_display_name_string=, satellite_roaming_p2p_sms_inactivity_timeout_sec_int=180, satellite_roaming_turn_off_session_for_emergency_call_bool=true, emergency_messaging_supported_bool=false, carrier_roaming_satellite_emergency_messaging_provider_per_country_bundle=PersistableBundle[{}], satellite_data_support_mode_int=0, carrier_roaming_ntn_connect_type_int=0, satellite_attach_supported_bool=false, carrier_roaming_satellite_emergency_messaging_redirection_destination_string=, satellite_nidd_apn_name_string=, carrier_supported_satellite_services_per_provider_bundle=PersistableBundle[{310830=[2, 3, 6]}], satellite_roaming_esos_inactivity_timeout_sec_int=300, carrier_supported_satellite_notification_hysteresis_sec_int=180, carrier_config_applied_bool=true, carrier_roaming_ntn_emergency_call_to_satellite_handover_type_int=2, carrier_roaming_satellite_default_services_int_array=[2, 3, 6], imsserviceentitlement.entitlement_server_url_string=, emergency_call_to_satellite_t911_handover_timeout_millis_int=30000, satellite_roaming_p2p_sms_supported_bool=false, carrier_config_version_string=, satellite_roaming_screen_off_inactivity_timeout_sec_int=30}]
08-26 17:31:55.736  1095  1243 D SatelliteController: getCarrierRoamingNtnConnectType: Falling back to global carrier config connect type: 0
08-26 17:31:55.736  1095  1243 D TelephonyConfigUpdateInstallReceiver: getConfigParser: domain=satellite
08-26 17:31:55.736  1095  1243 V SatelliteController: satelliteConfigParser is not ready
08-26 17:31:55.736  1095  1243 D SatelliteController: isSatelliteAttachSupportedViaConfigupdater: return null (satelliteConfig is null)
08-26 17:31:55.736  1095  1243 D SatelliteController: getConfigForSubId: subId= 1, config= PersistableBundle[{satellite_esos_supported_bool=false, satellite_connection_hysteresis_sec_int=180, satellite_supported_disaster_plmn_string_array=[], regional_satellite_earfcn_bundle=PersistableBundle[{}], satellite_entitlement_supported_bool=false, satellite_supported_emergency_plmn_string_array=[], satellite_configs_per_plmn_bundle=PersistableBundle[{}], satellite_sos_max_datagram_size_bytes_int=255, satellite_supported_msg_apps_string_array=[com.google.android.apps.messaging], satellite_connected_notification_throttle_millis_int=604800000, satellite_display_name_string=, satellite_roaming_p2p_sms_inactivity_timeout_sec_int=180, satellite_roaming_turn_off_session_for_emergency_call_bool=true, emergency_messaging_supported_bool=false, carrier_roaming_satellite_emergency_messaging_provider_per_country_bundle=PersistableBundle[{}], satellite_data_support_mode_int=0, carrier_roaming_ntn_connect_type_int=0, satellite_attach_supported_bool=false, carrier_roaming_satellite_emergency_messaging_redirection_destination_string=, satellite_nidd_apn_name_string=, carrier_supported_satellite_services_per_provider_bundle=PersistableBundle[{310830=[2, 3, 6]}], satellite_roaming_esos_inactivity_timeout_sec_int=300, carrier_supported_satellite_notification_hysteresis_sec_int=180, carrier_config_applied_bool=true, carrier_roaming_ntn_emergency_call_to_satellite_handover_type_int=2, carrier_roaming_satellite_default_services_int_array=[2, 3, 6], imsserviceentitlement.entitlement_server_url_string=, emergency_call_to_satellite_t911_handover_timeout_millis_int=30000, satellite_roaming_p2p_sms_supported_bool=false, carrier_config_version_string=, satellite_roaming_screen_off_inactivity_timeout_sec_int=30}]
08-26 17:31:55.736  1095  1243 D SatelliteController: isSatelliteSupportedViaCarrier: using CarrierConfig for subId=1, isAttachSupported=false
08-26 17:31:55.736  1095  1243 D SatelliteController: isInSatelliteModeForCarrierRoaming: subId=1, connectType=0, result=false
08-26 17:31:55.784   492   492 W skia    : AGTM parsing failed flags.readFromStream(s) at 159
08-26 17:31:55.792   492   534 W skia    : AGTM parsing failed flags.readFromStream(s) at 159
08-26 17:31:55.793   492   534 W skia    : AGTM parsing failed flags.readFromStream(s) at 159
08-26 17:31:59.636   517   517 I adbd    : adbd service requested 'shell,v2,raw:dumpsys package com.google.android.gms'
08-26 17:31:59.698  2635  2719 I artd    : GetBestInfo: odex next to the dex file (/data/app/~~bX9OEGQ8NofBOJHm0BYQkg==/com.google.android.gms-Gv8nBSt27pvHbuElOejyNw==/oat/arm64/base.odex) is kOatUpToDate with filter 'verify' executable 'false'
08-26 17:31:59.698  2635  2719 I artd    : GetBestInfo: odex next to the dex file (/data/app/~~bX9OEGQ8NofBOJHm0BYQkg==/com.google.android.gms-Gv8nBSt27pvHbuElOejyNw==/oat/arm64/base.odex) is kOatUpToDate with filter 'verify' executable 'false'
08-26 17:31:59.699  2635  2719 I artd    : GetBestInfo: dm (/data/app/~~bX9OEGQ8NofBOJHm0BYQkg==/com.google.android.gms-Gv8nBSt27pvHbuElOejyNw==/split_AdsDynamite_installtime.dm) is kOatUpToDate with filter 'verify' executable 'false'
08-26 17:31:59.700  2635  2719 I artd    : GetBestInfo: odex next to the dex file (/data/app/~~bX9OEGQ8NofBOJHm0BYQkg==/com.google.android.gms-Gv8nBSt27pvHbuElOejyNw==/oat/arm64/split_CronetDynamite_installtime.odex) is kOatUpToDate with filter 'speed-profile' executable 'false'
08-26 17:31:59.700  2635  2719 I artd    : GetBestInfo: odex next to the dex file (/data/app/~~bX9OEGQ8NofBOJHm0BYQkg==/com.google.android.gms-Gv8nBSt27pvHbuElOejyNw==/oat/arm64/split_CronetDynamite_installtime.odex) is kOatUpToDate with filter 'speed-profile' executable 'false'
08-26 17:31:59.700  2635  2719 I artd    : GetBestInfo: dm (/data/app/~~bX9OEGQ8NofBOJHm0BYQkg==/com.google.android.gms-Gv8nBSt27pvHbuElOejyNw==/split_DynamiteLoader_installtime.dm) is kOatUpToDate with filter 'verify' executable 'false'
08-26 17:31:59.701  2635  2719 I artd    : GetBestInfo: dm (/data/app/~~bX9OEGQ8NofBOJHm0BYQkg==/com.google.android.gms-Gv8nBSt27pvHbuElOejyNw==/split_DynamiteModulesA_installtime.dm) is kOatUpToDate with filter 'verify' executable 'false'
08-26 17:31:59.702  2635  2719 I artd    : GetBestInfo: dm (/data/app/~~bX9OEGQ8NofBOJHm0BYQkg==/com.google.android.gms-Gv8nBSt27pvHbuElOejyNw==/split_DynamiteModulesC_installtime.dm) is kOatUpToDate with filter 'verify' executable 'false'
08-26 17:31:59.703  2635  2719 I artd    : GetBestInfo: dm (/data/app/~~bX9OEGQ8NofBOJHm0BYQkg==/com.google.android.gms-Gv8nBSt27pvHbuElOejyNw==/split_GoogleCertificates_installtime.dm) is kOatUpToDate with filter 'verify' executable 'false'
08-26 17:31:59.704  2635  2719 I artd    : GetBestInfo: dm (/data/app/~~bX9OEGQ8NofBOJHm0BYQkg==/com.google.android.gms-Gv8nBSt27pvHbuElOejyNw==/split_MapsDynamite_installtime.dm) is kOatUpToDate with filter 'verify' executable 'false'
08-26 17:31:59.704  2635  2719 I artd    : GetBestInfo: dm (/data/app/~~bX9OEGQ8NofBOJHm0BYQkg==/com.google.android.gms-Gv8nBSt27pvHbuElOejyNw==/split_MeasurementDynamite_installtime.dm) is kOatUpToDate with filter 'verify' executable 'false'
08-26 17:31:59.705  2635  2719 I artd    : GetBestInfo: dm (/data/app/~~bX9OEGQ8NofBOJHm0BYQkg==/com.google.android.gms-Gv8nBSt27pvHbuElOejyNw==/split_all_locale_splits.dm) is kOatUpToDate with filter 'verify' executable 'false'
08-26 17:31:59.706  2635  2719 I artd    : GetBestInfo: /data/user_de/0/com.google.android.gms/app_chimera/m/0000000c/dl-TfliteDynamiteDynamite.integ_252130102100400.apk has no usable artifacts
08-26 17:31:59.706  2635  2719 I artd    : GetBestInfo: /data/user_de/0/com.google.android.gms/app_chimera/m/00000001/CronetDynamite.apk has no usable artifacts
08-26 17:31:59.707  2635  2719 I artd    : GetBestInfo: vdex next to the dex file (/data/user/0/com.google.android.gms/app_dg_cache/F43216EC192C66BFB5A30C3CDD57E8C5C9005730/oat/arm64/the.vdex) is kOatUpToDate with filter 'verify' executable 'false'
08-26 17:31:59.707  2635  2719 I artd    : GetBestInfo: /data/user_de/0/com.google.android.gms/app_chimera/m/00000002/DynamiteLoader.apk has no usable artifacts
08-26 17:31:59.708  2635  2719 I artd    : GetBestInfo: /data/user_de/0/com.google.android.gms/app_chimera/m/00000012/dl-MlkitBarcodeUi.optional_263234100400.apk has no usable artifacts
08-26 17:31:59.708  2635  2719 I artd    : GetBestInfo: /data/user_de/0/com.google.android.gms/app_chimera/m/00000005/GoogleCertificates.apk has no usable artifacts
08-26 17:31:59.709  2635  2719 I artd    : GetBestInfo: /data/user_de/0/com.google.android.gms/app_chimera/m/00000015/dl-TfliteDynamiteDynamite.integ_260580502100400.apk has no usable artifacts
08-26 17:31:59.710  2635  2719 I artd    : GetBestInfo: /data/user_de/0/com.google.android.gms/app_chimera/m/0000000f/dl-MlkitBarcodeUi.optional_262236100400.apk has no usable artifacts
08-26 17:31:59.711  2635  2719 I artd    : GetBestInfo: /data/user_de/0/com.google.android.gms/app_chimera/m/00000016/dl-PlayCloudSearch.optional_263234100000.apk has no usable artifacts
08-26 17:31:59.712  2635  2719 I artd    : GetBestInfo: /data/user_de/0/com.google.android.gms/app_chimera/m/00000010/dl-PlayCloudSearch.optional_262236100000.apk has no usable artifacts
08-26 17:31:59.713  2635  2719 I artd    : GetBestInfo: vdex next to the dex file (/data/user/0/com.google.android.gms/app_dg_cache/708EA63B31A09E17FD6C7CDE0FE83B45EA4CEC30/oat/arm64/the.vdex) is kOatUpToDate with filter 'verify' executable 'false'
08-26 17:31:59.713  2635  2719 I artd    : GetBestInfo: /data/user_de/0/com.google.android.gms/app_chimera/m/00000008/dl-VisionOcr.optional_262236100000.apk has no usable artifacts
08-26 17:31:59.715  2635  2719 I artd    : GetBestInfo: vdex next to the dex file (/data/user/0/com.google.android.gms/app_dg_cache/D04EBEF623804AD1CEE87B2156DE98F2840B89F7/oat/arm64/the.vdex) is kOatUpToDate with filter 'verify' executable 'false'
08-26 17:31:59.715  2635  2719 I artd    : GetBestInfo: /data/user_de/0/com.google.android.gms/app_chimera/m/0000000b/dl-MlkitOcrCommon.optional_262236100400.apk has no usable artifacts
08-26 17:31:59.719  2635  2719 I artd    : GetBestInfo: /data/user_de/0/com.google.android.gms/app_chimera/m/00000014/dl-MlkitOcrCommon.optional_263234100400.apk has no usable artifacts
08-26 17:31:59.721  2635  2719 I artd    : GetBestInfo: /data/user_de/0/com.google.android.gms/app_chimera/m/00000009/dl-Appsearch.optional_262236100400.apk has no usable artifacts
08-26 17:31:59.722  2635  2719 I artd    : GetBestInfo: /data/user_de/0/com.google.android.gms/app_chimera/m/00000017/dl-VisionOcr.optional_263234100000.apk has no usable artifacts
08-26 17:31:59.723  2635  2719 I artd    : GetBestInfo: /data/user_de/0/com.google.android.gms/app_chimera/m/00000007/MeasurementDynamite.apk has no usable artifacts
08-26 17:31:59.724  2635  2719 I artd    : GetBestInfo: /data/user_de/0/com.google.android.gms/app_chimera/m/00000011/dl-Appsearch.optional_263234100400.apk has no usable artifacts
08-26 17:32:00.048   492   492 W skia    : AGTM parsing failed flags.readFromStream(s) at 159
08-26 17:32:00.052   492   534 W skia    : AGTM parsing failed flags.readFromStream(s) at 159
08-26 17:32:00.052   492   534 W skia    : AGTM parsing failed flags.readFromStream(s) at 159
08-26 17:32:05.732  1095  1243 E SatelliteController: isSatelliteEnabled: mIsSatelliteEnabled=null
08-26 17:32:05.732  1095  1243 D SatelliteController: isInCarrierRoamingNbIotNtn: satellite is disabled
08-26 17:32:05.732  1095  1243 D SatelliteController: getCarrierRoamingNtnConnectType: Checking connect type from PLMN config for subId: 1
08-26 17:32:05.732  1095  1243 D TelephonyConfigUpdateInstallReceiver: getConfigParser: domain=satellite
08-26 17:32:05.732  1095  1243 V SatelliteController: satelliteConfigParser is not ready
08-26 17:32:05.732  1095  1243 D SatelliteController: isSatelliteAttachSupportedViaConfigupdater: return null (satelliteConfig is null)
08-26 17:32:05.733  1095  1243 D SatelliteController: getConfigForSubId: subId= 1, config= PersistableBundle[{satellite_esos_supported_bool=false, satellite_connection_hysteresis_sec_int=180, satellite_supported_disaster_plmn_string_array=[], regional_satellite_earfcn_bundle=PersistableBundle[{}], satellite_entitlement_supported_bool=false, satellite_supported_emergency_plmn_string_array=[], satellite_configs_per_plmn_bundle=PersistableBundle[{}], satellite_sos_max_datagram_size_bytes_int=255, satellite_supported_msg_apps_string_array=[com.google.android.apps.messaging], satellite_connected_notification_throttle_millis_int=604800000, satellite_display_name_string=, satellite_roaming_p2p_sms_inactivity_timeout_sec_int=180, satellite_roaming_turn_off_session_for_emergency_call_bool=true, emergency_messaging_supported_bool=false, carrier_roaming_satellite_emergency_messaging_provider_per_country_bundle=PersistableBundle[{}], satellite_data_support_mode_int=0, carrier_roaming_ntn_connect_type_int=0, satellite_attach_supported_bool=false, carrier_roaming_satellite_emergency_messaging_redirection_destination_string=, satellite_nidd_apn_name_string=, carrier_supported_satellite_services_per_provider_bundle=PersistableBundle[{310830=[2, 3, 6]}], satellite_roaming_esos_inactivity_timeout_sec_int=300, carrier_supported_satellite_notification_hysteresis_sec_int=180, carrier_config_applied_bool=true, carrier_roaming_ntn_emergency_call_to_satellite_handover_type_int=2, carrier_roaming_satellite_default_services_int_array=[2, 3, 6], imsserviceentitlement.entitlement_server_url_string=, emergency_call_to_satellite_t911_handover_timeout_millis_int=30000, satellite_roaming_p2p_sms_supported_bool=false, carrier_config_version_string=, satellite_roaming_screen_off_inactivity_timeout_sec_int=30}]
08-26 17:32:05.733  1095  1243 D SatelliteController: isSatelliteSupportedViaCarrier: using CarrierConfig for subId=1, isAttachSupported=false
08-26 17:32:05.733  1095  1243 D SatelliteController: getSatellitePerPlmnConfiguration: invalid subId or not supported via carrier.
08-26 17:32:05.733  1095  1243 D SatelliteController: getCarrierRoamingNtnConnectType: config: null
08-26 17:32:05.733  1095  1243 D TelephonyConfigUpdateInstallReceiver: getConfigParser: domain=satellite
08-26 17:32:05.733  1095  1243 V SatelliteController: satelliteConfigParser is not ready
08-26 17:32:05.733  1095  1243 D SatelliteController: getCarrierRoamingNtnConnectTypeViaConfigUpdater: return null (satelliteConfig is null)
08-26 17:32:05.733   657  1933 W libbinder.IPCThreadState: Sending oneway calls to frozen process.
08-26 17:32:05.733  1095  1243 D SatelliteController: getConfigForSubId: subId= 1, config= PersistableBundle[{satellite_esos_supported_bool=false, satellite_connection_hysteresis_sec_int=180, satellite_supported_disaster_plmn_string_array=[], regional_satellite_earfcn_bundle=PersistableBundle[{}], satellite_entitlement_supported_bool=false, satellite_supported_emergency_plmn_string_array=[], satellite_configs_per_plmn_bundle=PersistableBundle[{}], satellite_sos_max_datagram_size_bytes_int=255, satellite_supported_msg_apps_string_array=[com.google.android.apps.messaging], satellite_connected_notification_throttle_millis_int=604800000, satellite_display_name_string=, satellite_roaming_p2p_sms_inactivity_timeout_sec_int=180, satellite_roaming_turn_off_session_for_emergency_call_bool=true, emergency_messaging_supported_bool=false, carrier_roaming_satellite_emergency_messaging_provider_per_country_bundle=PersistableBundle[{}], satellite_data_support_mode_int=0, carrier_roaming_ntn_connect_type_int=0, satellite_attach_supported_bool=false, carrier_roaming_satellite_emergency_messaging_redirection_destination_string=, satellite_nidd_apn_name_string=, carrier_supported_satellite_services_per_provider_bundle=PersistableBundle[{310830=[2, 3, 6]}], satellite_roaming_esos_inactivity_timeout_sec_int=300, carrier_supported_satellite_notification_hysteresis_sec_int=180, carrier_config_applied_bool=true, carrier_roaming_ntn_emergency_call_to_satellite_handover_type_int=2, carrier_roaming_satellite_default_services_int_array=[2, 3, 6], imsserviceentitlement.entitlement_server_url_string=, emergency_call_to_satellite_t911_handover_timeout_millis_int=30000, satellite_roaming_p2p_sms_supported_bool=false, carrier_config_version_string=, satellite_roaming_screen_off_inactivity_timeout_sec_int=30}]
08-26 17:32:05.733  1095  1243 D SatelliteController: getCarrierRoamingNtnConnectType: Falling back to global carrier config connect type: 0
08-26 17:32:05.733  1095  1243 D TelephonyConfigUpdateInstallReceiver: getConfigParser: domain=satellite
08-26 17:32:05.733  1095  1243 V SatelliteController: satelliteConfigParser is not ready
08-26 17:32:05.733  1095  1243 D SatelliteController: isSatelliteAttachSupportedViaConfigupdater: return null (satelliteConfig is null)
08-26 17:32:05.733  1095  1243 D SatelliteController: getConfigForSubId: subId= 1, config= PersistableBundle[{satellite_esos_supported_bool=false, satellite_connection_hysteresis_sec_int=180, satellite_supported_disaster_plmn_string_array=[], regional_satellite_earfcn_bundle=PersistableBundle[{}], satellite_entitlement_supported_bool=false, satellite_supported_emergency_plmn_string_array=[], satellite_configs_per_plmn_bundle=PersistableBundle[{}], satellite_sos_max_datagram_size_bytes_int=255, satellite_supported_msg_apps_string_array=[com.google.android.apps.messaging], satellite_connected_notification_throttle_millis_int=604800000, satellite_display_name_string=, satellite_roaming_p2p_sms_inactivity_timeout_sec_int=180, satellite_roaming_turn_off_session_for_emergency_call_bool=true, emergency_messaging_supported_bool=false, carrier_roaming_satellite_emergency_messaging_provider_per_country_bundle=PersistableBundle[{}], satellite_data_support_mode_int=0, carrier_roaming_ntn_connect_type_int=0, satellite_attach_supported_bool=false, carrier_roaming_satellite_emergency_messaging_redirection_destination_string=, satellite_nidd_apn_name_string=, carrier_supported_satellite_services_per_provider_bundle=PersistableBundle[{310830=[2, 3, 6]}], satellite_roaming_esos_inactivity_timeout_sec_int=300, carrier_supported_satellite_notification_hysteresis_sec_int=180, carrier_config_applied_bool=true, carrier_roaming_ntn_emergency_call_to_satellite_handover_type_int=2, carrier_roaming_satellite_default_services_int_array=[2, 3, 6], imsserviceentitlement.entitlement_server_url_string=, emergency_call_to_satellite_t911_handover_timeout_millis_int=30000, satellite_roaming_p2p_sms_supported_bool=false, carrier_config_version_string=, satellite_roaming_screen_off_inactivity_timeout_sec_int=30}]
08-26 17:32:05.733  1095  1243 D SatelliteController: isSatelliteSupportedViaCarrier: using CarrierConfig for subId=1, isAttachSupported=false
08-26 17:32:05.733  1095  1243 D SatelliteController: isInSatelliteModeForCarrierRoaming: subId=1, connectType=0, result=false
08-26 17:32:05.733  1095  1243 D SatelliteController: getCarrierRoamingNtnConnectType: Checking connect type from PLMN config for subId: 1
08-26 17:32:05.733  1095  1243 D TelephonyConfigUpdateInstallReceiver: getConfigParser: domain=satellite
08-26 17:32:05.733  1095  1243 V SatelliteController: satelliteConfigParser is not ready
08-26 17:32:05.733  1095  1243 D SatelliteController: isSatelliteAttachSupportedViaConfigupdater: return null (satelliteConfig is null)
08-26 17:32:05.733  1095  1243 D SatelliteController: getConfigForSubId: subId= 1, config= PersistableBundle[{satellite_esos_supported_bool=false, satellite_connection_hysteresis_sec_int=180, satellite_supported_disaster_plmn_string_array=[], regional_satellite_earfcn_bundle=PersistableBundle[{}], satellite_entitlement_supported_bool=false, satellite_supported_emergency_plmn_string_array=[], satellite_configs_per_plmn_bundle=PersistableBundle[{}], satellite_sos_max_datagram_size_bytes_int=255, satellite_supported_msg_apps_string_array=[com.google.android.apps.messaging], satellite_connected_notification_throttle_millis_int=604800000, satellite_display_name_string=, satellite_roaming_p2p_sms_inactivity_timeout_sec_int=180, satellite_roaming_turn_off_session_for_emergency_call_bool=true, emergency_messaging_supported_bool=false, carrier_roaming_satellite_emergency_messaging_provider_per_country_bundle=PersistableBundle[{}], satellite_data_support_mode_int=0, carrier_roaming_ntn_connect_type_int=0, satellite_attach_supported_bool=false, carrier_roaming_satellite_emergency_messaging_redirection_destination_string=, satellite_nidd_apn_name_string=, carrier_supported_satellite_services_per_provider_bundle=PersistableBundle[{310830=[2, 3, 6]}], satellite_roaming_esos_inactivity_timeout_sec_int=300, carrier_supported_satellite_notification_hysteresis_sec_int=180, carrier_config_applied_bool=true, carrier_roaming_ntn_emergency_call_to_satellite_handover_type_int=2, carrier_roaming_satellite_default_services_int_array=[2, 3, 6], imsserviceentitlement.entitlement_server_url_string=, emergency_call_to_satellite_t911_handover_timeout_millis_int=30000, satellite_roaming_p2p_sms_supported_bool=false, carrier_config_version_string=, satellite_roaming_screen_off_inactivity_timeout_sec_int=30}]
08-26 17:32:05.733  1095  1243 D SatelliteController: isSatelliteSupportedViaCarrier: using CarrierConfig for subId=1, isAttachSupported=false
08-26 17:32:05.733  1095  1243 D SatelliteController: getSatellitePerPlmnConfiguration: invalid subId or not supported via carrier.
08-26 17:32:05.733  1095  1243 D SatelliteController: getCarrierRoamingNtnConnectType: config: null
08-26 17:32:05.733  1095  1243 D TelephonyConfigUpdateInstallReceiver: getConfigParser: domain=satellite
08-26 17:32:05.733  1095  1243 V SatelliteController: satelliteConfigParser is not ready
08-26 17:32:05.733  1095  1243 D SatelliteController: getCarrierRoamingNtnConnectTypeViaConfigUpdater: return null (satelliteConfig is null)
08-26 17:32:05.734  1095  1243 D SatelliteController: getConfigForSubId: subId= 1, config= PersistableBundle[{satellite_esos_supported_bool=false, satellite_connection_hysteresis_sec_int=180, satellite_supported_disaster_plmn_string_array=[], regional_satellite_earfcn_bundle=PersistableBundle[{}], satellite_entitlement_supported_bool=false, satellite_supported_emergency_plmn_string_array=[], satellite_configs_per_plmn_bundle=PersistableBundle[{}], satellite_sos_max_datagram_size_bytes_int=255, satellite_supported_msg_apps_string_array=[com.google.android.apps.messaging], satellite_connected_notification_throttle_millis_int=604800000, satellite_display_name_string=, satellite_roaming_p2p_sms_inactivity_timeout_sec_int=180, satellite_roaming_turn_off_session_for_emergency_call_bool=true, emergency_messaging_supported_bool=false, carrier_roaming_satellite_emergency_messaging_provider_per_country_bundle=PersistableBundle[{}], satellite_data_support_mode_int=0, carrier_roaming_ntn_connect_type_int=0, satellite_attach_supported_bool=false, carrier_roaming_satellite_emergency_messaging_redirection_destination_string=, satellite_nidd_apn_name_string=, carrier_supported_satellite_services_per_provider_bundle=PersistableBundle[{310830=[2, 3, 6]}], satellite_roaming_esos_inactivity_timeout_sec_int=300, carrier_supported_satellite_notification_hysteresis_sec_int=180, carrier_config_applied_bool=true, carrier_roaming_ntn_emergency_call_to_satellite_handover_type_int=2, carrier_roaming_satellite_default_services_int_array=[2, 3, 6], imsserviceentitlement.entitlement_server_url_string=, emergency_call_to_satellite_t911_handover_timeout_millis_int=30000, satellite_roaming_p2p_sms_supported_bool=false, carrier_config_version_string=, satellite_roaming_screen_off_inactivity_timeout_sec_int=30}]
08-26 17:32:05.734  1095  1243 D SatelliteController: getCarrierRoamingNtnConnectType: Falling back to global carrier config connect type: 0
08-26 17:32:05.734  1095  1243 D TelephonyConfigUpdateInstallReceiver: getConfigParser: domain=satellite
08-26 17:32:05.734  1095  1243 V SatelliteController: satelliteConfigParser is not ready
08-26 17:32:05.734  1095  1243 D SatelliteController: isSatelliteAttachSupportedViaConfigupdater: return null (satelliteConfig is null)
08-26 17:32:05.734  1095  1243 D SatelliteController: getConfigForSubId: subId= 1, config= PersistableBundle[{satellite_esos_supported_bool=false, satellite_connection_hysteresis_sec_int=180, satellite_supported_disaster_plmn_string_array=[], regional_satellite_earfcn_bundle=PersistableBundle[{}], satellite_entitlement_supported_bool=false, satellite_supported_emergency_plmn_string_array=[], satellite_configs_per_plmn_bundle=PersistableBundle[{}], satellite_sos_max_datagram_size_bytes_int=255, satellite_supported_msg_apps_string_array=[com.google.android.apps.messaging], satellite_connected_notification_throttle_millis_int=604800000, satellite_display_name_string=, satellite_roaming_p2p_sms_inactivity_timeout_sec_int=180, satellite_roaming_turn_off_session_for_emergency_call_bool=true, emergency_messaging_supported_bool=false, carrier_roaming_satellite_emergency_messaging_provider_per_country_bundle=PersistableBundle[{}], satellite_data_support_mode_int=0, carrier_roaming_ntn_connect_type_int=0, satellite_attach_supported_bool=false, carrier_roaming_satellite_emergency_messaging_redirection_destination_string=, satellite_nidd_apn_name_string=, carrier_supported_satellite_services_per_provider_bundle=PersistableBundle[{310830=[2, 3, 6]}], satellite_roaming_esos_inactivity_timeout_sec_int=300, carrier_supported_satellite_notification_hysteresis_sec_int=180, carrier_config_applied_bool=true, carrier_roaming_ntn_emergency_call_to_satellite_handover_type_int=2, carrier_roaming_satellite_default_services_int_array=[2, 3, 6], imsserviceentitlement.entitlement_server_url_string=, emergency_call_to_satellite_t911_handover_timeout_millis_int=30000, satellite_roaming_p2p_sms_supported_bool=false, carrier_config_version_string=, satellite_roaming_screen_off_inactivity_timeout_sec_int=30}]
08-26 17:32:05.734  1095  1243 D SatelliteController: isSatelliteSupportedViaCarrier: using CarrierConfig for subId=1, isAttachSupported=false
08-26 17:32:05.734  1095  1243 D SatelliteController: isInSatelliteModeForCarrierRoaming: subId=1, connectType=0, result=false
08-26 17:32:09.633   517   517 I adbd    : adbd service requested 'shell,v2,raw:dumpsys package com.google.android.gms'
08-26 17:32:09.685  2635  2719 I artd    : GetBestInfo: odex next to the dex file (/data/app/~~bX9OEGQ8NofBOJHm0BYQkg==/com.google.android.gms-Gv8nBSt27pvHbuElOejyNw==/oat/arm64/base.odex) is kOatUpToDate with filter 'verify' executable 'false'
08-26 17:32:09.685  2635  2719 I artd    : GetBestInfo: odex next to the dex file (/data/app/~~bX9OEGQ8NofBOJHm0BYQkg==/com.google.android.gms-Gv8nBSt27pvHbuElOejyNw==/oat/arm64/base.odex) is kOatUpToDate with filter 'verify' executable 'false'
08-26 17:32:09.685  2635  2719 I artd    : GetBestInfo: dm (/data/app/~~bX9OEGQ8NofBOJHm0BYQkg==/com.google.android.gms-Gv8nBSt27pvHbuElOejyNw==/split_AdsDynamite_installtime.dm) is kOatUpToDate with filter 'verify' executable 'false'
08-26 17:32:09.686  2635  2719 I artd    : GetBestInfo: odex next to the dex file (/data/app/~~bX9OEGQ8NofBOJHm0BYQkg==/com.google.android.gms-Gv8nBSt27pvHbuElOejyNw==/oat/arm64/split_CronetDynamite_installtime.odex) is kOatUpToDate with filter 'speed-profile' executable 'false'
08-26 17:32:09.686  2635  2719 I artd    : GetBestInfo: odex next to the dex file (/data/app/~~bX9OEGQ8NofBOJHm0BYQkg==/com.google.android.gms-Gv8nBSt27pvHbuElOejyNw==/oat/arm64/split_CronetDynamite_installtime.odex) is kOatUpToDate with filter 'speed-profile' executable 'false'
08-26 17:32:09.687  2635  2719 I artd    : GetBestInfo: dm (/data/app/~~bX9OEGQ8NofBOJHm0BYQkg==/com.google.android.gms-Gv8nBSt27pvHbuElOejyNw==/split_DynamiteLoader_installtime.dm) is kOatUpToDate with filter 'verify' executable 'false'
08-26 17:32:09.688  2635  2719 I artd    : GetBestInfo: dm (/data/app/~~bX9OEGQ8NofBOJHm0BYQkg==/com.google.android.gms-Gv8nBSt27pvHbuElOejyNw==/split_DynamiteModulesA_installtime.dm) is kOatUpToDate with filter 'verify' executable 'false'
08-26 17:32:09.689  2635  2719 I artd    : GetBestInfo: dm (/data/app/~~bX9OEGQ8NofBOJHm0BYQkg==/com.google.android.gms-Gv8nBSt27pvHbuElOejyNw==/split_DynamiteModulesC_installtime.dm) is kOatUpToDate with filter 'verify' executable 'false'
08-26 17:32:09.689  2635  2719 I artd    : GetBestInfo: dm (/data/app/~~bX9OEGQ8NofBOJHm0BYQkg==/com.google.android.gms-Gv8nBSt27pvHbuElOejyNw==/split_GoogleCertificates_installtime.dm) is kOatUpToDate with filter 'verify' executable 'false'
08-26 17:32:09.690  2635  2719 I artd    : GetBestInfo: dm (/data/app/~~bX9OEGQ8NofBOJHm0BYQkg==/com.google.android.gms-Gv8nBSt27pvHbuElOejyNw==/split_MapsDynamite_installtime.dm) is kOatUpToDate with filter 'verify' executable 'false'
08-26 17:32:09.691  2635  2719 I artd    : GetBestInfo: dm (/data/app/~~bX9OEGQ8NofBOJHm0BYQkg==/com.google.android.gms-Gv8nBSt27pvHbuElOejyNw==/split_MeasurementDynamite_installtime.dm) is kOatUpToDate with filter 'verify' executable 'false'
08-26 17:32:09.692  2635  2719 I artd    : GetBestInfo: dm (/data/app/~~bX9OEGQ8NofBOJHm0BYQkg==/com.google.android.gms-Gv8nBSt27pvHbuElOejyNw==/split_all_locale_splits.dm) is kOatUpToDate with filter 'verify' executable 'false'
08-26 17:32:09.692  2635  2719 I artd    : GetBestInfo: /data/user_de/0/com.google.android.gms/app_chimera/m/0000000c/dl-TfliteDynamiteDynamite.integ_252130102100400.apk has no usable artifacts
08-26 17:32:09.692  2635  2719 I artd    : GetBestInfo: /data/user_de/0/com.google.android.gms/app_chimera/m/00000001/CronetDynamite.apk has no usable artifacts
08-26 17:32:09.693  2635  2719 I artd    : GetBestInfo: vdex next to the dex file (/data/user/0/com.google.android.gms/app_dg_cache/F43216EC192C66BFB5A30C3CDD57E8C5C9005730/oat/arm64/the.vdex) is kOatUpToDate with filter 'verify' executable 'false'
08-26 17:32:09.693  2635  2719 I artd    : GetBestInfo: /data/user_de/0/com.google.android.gms/app_chimera/m/00000002/DynamiteLoader.apk has no usable artifacts
08-26 17:32:09.694  2635  2719 I artd    : GetBestInfo: /data/user_de/0/com.google.android.gms/app_chimera/m/00000012/dl-MlkitBarcodeUi.optional_263234100400.apk has no usable artifacts
08-26 17:32:09.694  2635  2719 I artd    : GetBestInfo: /data/user_de/0/com.google.android.gms/app_chimera/m/00000005/GoogleCertificates.apk has no usable artifacts
08-26 17:32:09.695  2635  2719 I artd    : GetBestInfo: /data/user_de/0/com.google.android.gms/app_chimera/m/00000015/dl-TfliteDynamiteDynamite.integ_260580502100400.apk has no usable artifacts
08-26 17:32:09.696  2635  2719 I artd    : GetBestInfo: /data/user_de/0/com.google.android.gms/app_chimera/m/0000000f/dl-MlkitBarcodeUi.optional_262236100400.apk has no usable artifacts
08-26 17:32:09.697  2635  2719 I artd    : GetBestInfo: /data/user_de/0/com.google.android.gms/app_chimera/m/00000016/dl-PlayCloudSearch.optional_263234100000.apk has no usable artifacts
08-26 17:32:09.697  2635  2719 I artd    : GetBestInfo: /data/user_de/0/com.google.android.gms/app_chimera/m/00000010/dl-PlayCloudSearch.optional_262236100000.apk has no usable artifacts
08-26 17:32:09.698  2635  2719 I artd    : GetBestInfo: vdex next to the dex file (/data/user/0/com.google.android.gms/app_dg_cache/708EA63B31A09E17FD6C7CDE0FE83B45EA4CEC30/oat/arm64/the.vdex) is kOatUpToDate with filter 'verify' executable 'false'
08-26 17:32:09.699  2635  2719 I artd    : GetBestInfo: /data/user_de/0/com.google.android.gms/app_chimera/m/00000008/dl-VisionOcr.optional_262236100000.apk has no usable artifacts
08-26 17:32:09.700  2635  2719 I artd    : GetBestInfo: vdex next to the dex file (/data/user/0/com.google.android.gms/app_dg_cache/D04EBEF623804AD1CEE87B2156DE98F2840B89F7/oat/arm64/the.vdex) is kOatUpToDate with filter 'verify' executable 'false'
08-26 17:32:09.701  2635  2719 I artd    : GetBestInfo: /data/user_de/0/com.google.android.gms/app_chimera/m/0000000b/dl-MlkitOcrCommon.optional_262236100400.apk has no usable artifacts
08-26 17:32:09.701  2635  2719 I artd    : GetBestInfo: /data/user_de/0/com.google.android.gms/app_chimera/m/00000014/dl-MlkitOcrCommon.optional_263234100400.apk has no usable artifacts
08-26 17:32:09.702  2635  2719 I artd    : GetBestInfo: /data/user_de/0/com.google.android.gms/app_chimera/m/00000009/dl-Appsearch.optional_262236100400.apk has no usable artifacts
08-26 17:32:09.703  2635  2719 I artd    : GetBestInfo: /data/user_de/0/com.google.android.gms/app_chimera/m/00000017/dl-VisionOcr.optional_263234100000.apk has no usable artifacts
08-26 17:32:09.703  2635  2719 I artd    : GetBestInfo: /data/user_de/0/com.google.android.gms/app_chimera/m/00000007/MeasurementDynamite.apk has no usable artifacts
08-26 17:32:09.704  2635  2719 I artd    : GetBestInfo: /data/user_de/0/com.google.android.gms/app_chimera/m/00000011/dl-Appsearch.optional_263234100400.apk has no usable artifacts
08-26 17:32:15.634   517   517 I adbd    : adbd service requested 'shell,v2,TERM=dumb,raw:am force-stop dev.quickapp.kit.android'
08-26 17:32:15.665   657  1933 I ActivityManager: Force stopping dev.quickapp.kit.android appid=10231 user=0: from pid 23880
08-26 17:32:15.671  1095  1095 D CarrierSvcBindHelper: onHandleForceStop: [dev.quickapp.kit.android]
08-26 17:32:15.672  1095  1095 D CarrierSvcBindHelper: No carrier app for: 0
08-26 17:32:15.697   517   517 I adbd    : adbd service requested 'shell,v2,TERM=dumb,raw:am start -n dev.quickapp.kit.android/.MainActivity --es quickapp.rpk commerce-001.rpk'
08-26 17:32:15.710   657  1857 W ActivityTaskManager: callingPackage for (uid=2000, pid=23885) has no WPC
08-26 17:32:15.712   657  1857 V GrammaticalInflectionUtils: AttributionSource: android.content.AttributionSource@526e1465 does not have READ_SYSTEM_GRAMMATICAL_GENDER permission.
08-26 17:32:15.714  1099  1099 D RecentsView: onTaskDisplayChanged: 97, new displayId = 0
08-26 17:32:15.716   492   880 I libbinder.BpBinder: onLastStrongRef automatically unlinking death recipients for binder (0xb4007519fa0330f0) with descriptor: '(not cached)'
08-26 17:32:15.720   657  1857 V ActivityTaskManager: TaskLaunchParamsModifier: phase=2 task=Task{c901bf #97 type=standard A=10231:dev.quickapp.kit.android} activity=ActivityRecord{90614750 u0 dev.quickapp.kit.android/.MainActivity t-1} display-from-task=0 display-id=0 task-display-area-windowing-mode=1 suggested-display-area=DefaultTaskDisplayArea@179336979 inherit-from-task=fullscreen non-freeform-task-display-area display-area=DefaultTaskDisplayArea@179336979 skip-bounds-fullscreen
08-26 17:32:15.720   657  1857 I ActivityTaskManager: START u0 {flg=0x10000000 xflg=0x5 cmp=dev.quickapp.kit.android/.MainActivity (has extras)} with LAUNCH_MULTIPLE from uid 2000 (com.android.shell) (BAL_ALLOW_ALLOWLISTED_UID) result code=0
08-26 17:32:15.721   961  1009 V WindowManagerShell: Transition requested (#150): android.os.BinderProxy@3c8e9fe TransitionRequestInfo { type = OPEN, triggerTask = TaskInfo{userId=0 taskId=97 effectiveUid=10231 seqId=0 displayId=0 isRunning=true baseIntent=Intent { flg=0x10000000 cmp=dev.quickapp.kit.android/.MainActivity } baseActivity=ComponentInfo{dev.quickapp.kit.android/dev.quickapp.kit.android.MainActivity} topActivity=ComponentInfo{dev.quickapp.kit.android/dev.quickapp.kit.android.MainActivity} origActivity=null realActivity=ComponentInfo{dev.quickapp.kit.android/dev.quickapp.kit.android.MainActivity} realActivityIsAppLockEnabled=false numActivities=1 lastActiveTime=171751575 supportsMultiWindow=true supportsMultiWindowWithoutConstraints=true resizeMode=1 isResizeable=true minWidth=-1 minHeight=-1 defaultMinSize=220 token=WCT{android.os.BinderProxy@c4b355f} topActivityType=1 pictureInPictureParams=null shouldDockBigOverlays=false launchIntoPipHostTaskId=-1 lastParentTaskIdBeforePip=-1 displayCutoutSafeInsets=Rect(0, 156 - 0, 0) topActivityInfo=ActivityInfo{cc2dbac dev.quickapp.kit.android.MainActivity} launchCookies=[] positionInParent=Point(0, 0) parentTaskId=-1 isFocused=false isInteractive=false isVisible=false isVisibleRequested=false isTopActivityNoDisplay=false isSleeping=false locusId=null displayAreaFeatureId=1 isTopActivityTransparent=false isActivityStackTransparent=false lastNonFullscreenBounds=null leafTaskBoundsFromOptions= false capturedLink=null capturedLinkTimestamp=0 requestedVisibleTypes=503 topActivityRequestOpenInBrowserEducationTimestamp=0 appCompatTaskInfo=AppCompatTaskInfo { topActivityInSizeCompat=false isLeafTask= true eligibleForLetterboxEducation= false isLetterboxEducationEnabled= true isLetterboxDoubleTapEnabled= false eligibleForUserAspectRatioButton= false topActivityBoundsLetterboxed= false isFromLetterboxDoubleTap= false topActivityLetterboxVerticalPosition= -1 topActivityLetterboxHorizontalPosition= -1 topActivityLetterboxWidth=-1 topActivityLetterboxHeight=-1 topActivityAppBounds=Rect(0, 0 - 1280, 2856) isUserFullscreenOverrideEnabled=false isSystemFullscreenOverrideEnabled=false hasMinAspectRatioOverride=false topActivityLetterboxBounds=null topNonResizableActivityAspectRatio=-1.0} topActivityMainWindowFrame=null isAppBubble=false}, pipChange = null, remoteTransitionInfo = null, displayChanges = null, requestedLocation = null, userChange = null, windowingLayerChange = null, fullscreenRequestChange = null, flags = 0, debugId = 150 }
08-26 17:32:15.721   657   680 V GrammaticalInflectionUtils: AttributionSource: android.content.AttributionSource@526e1465 does not have READ_SYSTEM_GRAMMATICAL_GENDER permission.
08-26 17:32:15.722   961  1009 V ShellDesktopMode: DesktopTasksController: skipping handleRequest reason=triggerTask's display doesn't support desktop mode
08-26 17:32:15.722  1099  1099 D BaseActivity: Launcher flags updated: [state_started|state_resumed|state_deferred_resumed|state_window_focused|state_user_active] -[]
08-26 17:32:15.722   961  1009 D ShellSplitScreen: logExit: no-op, mLoggerSessionId is null
08-26 17:32:15.722  1099  1099 D BaseActivity: Launcher flags updated: [state_started|state_resumed|state_deferred_resumed|state_window_focused] -[state_user_active]
08-26 17:32:15.724   657  1933 D CompatChangeReporter: Compat change id reported: 377864165; UID 10231; state: ENABLED
08-26 17:32:15.728   961  1009 V RecentTasksController: Notify recent tasks changed: 1
08-26 17:32:15.728   961  1009 V RecentTasksController: onRecentTaskRemovedForAddTask; removing task=96
08-26 17:32:15.728   961  1009 D ShellDesktopMode: DesktopRepository(0): Removes freeform task: taskId=96
08-26 17:32:15.728   961  1009 W ShellDesktopMode: DesktopRepository(0): No display id found for task: taskId=96
08-26 17:32:15.728   961  1009 V RecentTasksController: Notify recent tasks changed: 1
08-26 17:32:15.729  1099  1099 D BaseActivity: Launcher flags updated: [state_started|state_window_focused] -[state_resumed|state_deferred_resumed]
08-26 17:32:15.729  1099  1099 W SplitSelectStateCtor: Missing session instanceIds
08-26 17:32:15.729  1099  1099 D StatsLog: LAUNCHER_SPLIT_SELECTION_EXIT_INTERRUPTED
08-26 17:32:15.730   492   492 W skia    : AGTM parsing failed flags.readFromStream(s) at 159
08-26 17:32:15.730   492   492 W skia    : AGTM parsing failed flags.readFromStream(s) at 159
08-26 17:32:15.730   492   492 W skia    : AGTM parsing failed flags.readFromStream(s) at 159
08-26 17:32:15.730   492   492 W skia    : AGTM parsing failed flags.readFromStream(s) at 159
08-26 17:32:15.730   492   492 W skia    : AGTM parsing failed flags.readFromStream(s) at 159
08-26 17:32:15.730   492   492 W skia    : AGTM parsing failed flags.readFromStream(s) at 159
08-26 17:32:15.737   657  1857 V WindowManager: Defer transition id=150 for TaskFragmentTransaction=android.os.Binder@42cb978
08-26 17:32:15.740  1099  1099 D RecentTasksList: invalidateLoadedTasks - previous requestLoadId: -1
08-26 17:32:15.745  1095  1243 E SatelliteController: isSatelliteEnabled: mIsSatelliteEnabled=null
08-26 17:32:15.745  1095  1243 D SatelliteController: isInCarrierRoamingNbIotNtn: satellite is disabled
08-26 17:32:15.745  1095  1243 D SatelliteController: getCarrierRoamingNtnConnectType: Checking connect type from PLMN config for subId: 1
08-26 17:32:15.745  1095  1243 D TelephonyConfigUpdateInstallReceiver: getConfigParser: domain=satellite
08-26 17:32:15.745  1095  1243 V SatelliteController: satelliteConfigParser is not ready
08-26 17:32:15.745  1095  1243 D SatelliteController: isSatelliteAttachSupportedViaConfigupdater: return null (satelliteConfig is null)
08-26 17:32:15.747   657   671 W libbinder.IPCThreadState: Sending oneway calls to frozen process.
08-26 17:32:15.748  1099  1099 D RecentTasksList: invalidateLoadedTasks - previous requestLoadId: -1
08-26 17:32:15.753   657   671 V WindowManager: Continue transition id=150 for TaskFragmentTransaction=android.os.Binder@42cb978
08-26 17:32:15.753   559   641 W libbinder.IPCThreadState: Sending oneway calls to frozen process.
08-26 17:32:15.754   559   641 W libbinder.IPCThreadState: Sending oneway calls to frozen process.
08-26 17:32:15.755   657  1933 W InputChannel-JNI: Channel already disposed.
08-26 17:32:15.778   657  1933 D WindowManager: setClientSurface Surface(name=VRI-Splash Screen dev.quickapp.kit.android#1700)/@0x62ff524 for fb658b6 Splash Screen dev.quickapp.kit.android
08-26 17:32:15.789   492   492 W skia    : AGTM parsing failed flags.readFromStream(s) at 159
08-26 17:32:15.789   492   492 W skia    : AGTM parsing failed flags.readFromStream(s) at 159
08-26 17:32:15.789   492   492 W skia    : AGTM parsing failed flags.readFromStream(s) at 159
08-26 17:32:15.789   492   492 W skia    : AGTM parsing failed flags.readFromStream(s) at 159
08-26 17:32:15.789   492   492 W skia    : AGTM parsing failed flags.readFromStream(s) at 159
08-26 17:32:15.789   492   492 W skia    : AGTM parsing failed flags.readFromStream(s) at 159
08-26 17:32:15.803  1099  1099 D BaseActivity: Launcher flags updated: [state_started] -[state_window_focused]
08-26 17:32:15.825   432   432 D Zygote  : Forked child process 23888
08-26 17:32:15.830   657   687 W ActivityManager: Slow operation: 109ms so far, now at startProcess: returned from zygote!
08-26 17:32:15.830   657   687 W ActivityManager: Slow operation: 109ms so far, now at startProcess: done updating battery stats
08-26 17:32:15.830   657   687 W ActivityManager: Slow operation: 109ms so far, now at startProcess: building log message
08-26 17:32:15.830   657   687 I ActivityManager: Start proc 23888:dev.quickapp.kit.android/u0a231 for next-top-activity {dev.quickapp.kit.android/dev.quickapp.kit.android.MainActivity}
08-26 17:32:15.830   657   687 W ActivityManager: Slow operation: 109ms so far, now at startProcess: starting to update pids map
08-26 17:32:15.830   657   687 W ActivityManager: Slow operation: 110ms so far, now at startProcess: done updating pids map
08-26 17:32:15.830  1099  1099 D ExtendedEditText: onWindowFocusChanged: hasWindowFocus=false
08-26 17:32:15.831  1099  1099 D ExtendedEditText: resetConnectionAndPendingStates
08-26 17:32:15.831  1099  1099 D ExtendedEditText: resetConnectionState
08-26 17:32:15.840 23888 23888 I libprocessgroup: Created cgroup /sys/fs/cgroup/apps/uid_10231/pid_23888
08-26 17:32:15.840   961  1009 V RecentTasksController: Notify recent tasks changed: 1
08-26 17:32:15.845   961  1009 V RecentTasksController: generateList(getRecentTasks)
08-26 17:32:15.845   961  1009 V RecentTasksController: initializeDesksMap - allDeskIds: []
08-26 17:32:15.845   961  1009 V RecentTasksController: Task 97 is not an active desktop task
08-26 17:32:15.845   961  1009 V RecentTasksController: Added fullscreen task: 97
08-26 17:32:15.845   961  1009 V RecentTasksController: generateList - complete
08-26 17:32:15.845  1099  1161 D PreloadThumbnailUseCase: Preloading thumbnails for task ids: [[id=97 windowingMode=1 user=0 lastActiveTime=171751575 lastFocusedTime=0] null]
08-26 17:32:15.847 23888 23888 I Zygote  : Process 23888 created for dev.quickapp.kit.android
08-26 17:32:15.847 23888 23888 I app.kit.android: Late-enabling -Xcheck:jni
08-26 17:32:15.854  1095  1243 D SatelliteController: getConfigForSubId: subId= 1, config= PersistableBundle[{satellite_esos_supported_bool=false, satellite_connection_hysteresis_sec_int=180, satellite_supported_disaster_plmn_string_array=[], regional_satellite_earfcn_bundle=PersistableBundle[{}], satellite_entitlement_supported_bool=false, satellite_supported_emergency_plmn_string_array=[], satellite_configs_per_plmn_bundle=PersistableBundle[{}], satellite_sos_max_datagram_size_bytes_int=255, satellite_supported_msg_apps_string_array=[com.google.android.apps.messaging], satellite_connected_notification_throttle_millis_int=604800000, satellite_display_name_string=, satellite_roaming_p2p_sms_inactivity_timeout_sec_int=180, satellite_roaming_turn_off_session_for_emergency_call_bool=true, emergency_messaging_supported_bool=false, carrier_roaming_satellite_emergency_messaging_provider_per_country_bundle=PersistableBundle[{}], satellite_data_support_mode_int=0, carrier_roaming_ntn_connect_type_int=0, satellite_attach_supported_bool=false, carrier_roaming_satellite_emergency_messaging_redirection_destination_string=, satellite_nidd_apn_name_string=, carrier_supported_satellite_services_per_provider_bundle=PersistableBundle[{310830=[2, 3, 6]}], satellite_roaming_esos_inactivity_timeout_sec_int=300, carrier_supported_satellite_notification_hysteresis_sec_int=180, carrier_config_applied_bool=true, carrier_roaming_ntn_emergency_call_to_satellite_handover_type_int=2, carrier_roaming_satellite_default_services_int_array=[2, 3, 6], imsserviceentitlement.entitlement_server_url_string=, emergency_call_to_satellite_t911_handover_timeout_millis_int=30000, satellite_roaming_p2p_sms_supported_bool=false, carrier_config_version_string=, satellite_roaming_screen_off_inactivity_timeout_sec_int=30}]
08-26 17:32:15.854  1095  1243 D SatelliteController: isSatelliteSupportedViaCarrier: using CarrierConfig for subId=1, isAttachSupported=false
08-26 17:32:15.854  1095  1243 D SatelliteController: getSatellitePerPlmnConfiguration: invalid subId or not supported via carrier.
08-26 17:32:15.854  1095  1243 D SatelliteController: getCarrierRoamingNtnConnectType: config: null
08-26 17:32:15.854  1095  1243 D TelephonyConfigUpdateInstallReceiver: getConfigParser: domain=satellite
08-26 17:32:15.854  1095  1243 V SatelliteController: satelliteConfigParser is not ready
08-26 17:32:15.854  1095  1243 D SatelliteController: getCarrierRoamingNtnConnectTypeViaConfigUpdater: return null (satelliteConfig is null)
08-26 17:32:15.854  1095  1243 D SatelliteController: getConfigForSubId: subId= 1, config= PersistableBundle[{satellite_esos_supported_bool=false, satellite_connection_hysteresis_sec_int=180, satellite_supported_disaster_plmn_string_array=[], regional_satellite_earfcn_bundle=PersistableBundle[{}], satellite_entitlement_supported_bool=false, satellite_supported_emergency_plmn_string_array=[], satellite_configs_per_plmn_bundle=PersistableBundle[{}], satellite_sos_max_datagram_size_bytes_int=255, satellite_supported_msg_apps_string_array=[com.google.android.apps.messaging], satellite_connected_notification_throttle_millis_int=604800000, satellite_display_name_string=, satellite_roaming_p2p_sms_inactivity_timeout_sec_int=180, satellite_roaming_turn_off_session_for_emergency_call_bool=true, emergency_messaging_supported_bool=false, carrier_roaming_satellite_emergency_messaging_provider_per_country_bundle=PersistableBundle[{}], satellite_data_support_mode_int=0, carrier_roaming_ntn_connect_type_int=0, satellite_attach_supported_bool=false, carrier_roaming_satellite_emergency_messaging_redirection_destination_string=, satellite_nidd_apn_name_string=, carrier_supported_satellite_services_per_provider_bundle=PersistableBundle[{310830=[2, 3, 6]}], satellite_roaming_esos_inactivity_timeout_sec_int=300, carrier_supported_satellite_notification_hysteresis_sec_int=180, carrier_config_applied_bool=true, carrier_roaming_ntn_emergency_call_to_satellite_handover_type_int=2, carrier_roaming_satellite_default_services_int_array=[2, 3, 6], imsserviceentitlement.entitlement_server_url_string=, emergency_call_to_satellite_t911_handover_timeout_millis_int=30000, satellite_roaming_p2p_sms_supported_bool=false, carrier_config_version_string=, satellite_roaming_screen_off_inactivity_timeout_sec_int=30}]
08-26 17:32:15.855  1095  1243 D SatelliteController: getCarrierRoamingNtnConnectType: Falling back to global carrier config connect type: 0
08-26 17:32:15.855  1095  1243 D TelephonyConfigUpdateInstallReceiver: getConfigParser: domain=satellite
08-26 17:32:15.855  1095  1243 V SatelliteController: satelliteConfigParser is not ready
08-26 17:32:15.855  1095  1243 D SatelliteController: isSatelliteAttachSupportedViaConfigupdater: return null (satelliteConfig is null)
08-26 17:32:15.855  1095  1243 D SatelliteController: getConfigForSubId: subId= 1, config= PersistableBundle[{satellite_esos_supported_bool=false, satellite_connection_hysteresis_sec_int=180, satellite_supported_disaster_plmn_string_array=[], regional_satellite_earfcn_bundle=PersistableBundle[{}], satellite_entitlement_supported_bool=false, satellite_supported_emergency_plmn_string_array=[], satellite_configs_per_plmn_bundle=PersistableBundle[{}], satellite_sos_max_datagram_size_bytes_int=255, satellite_supported_msg_apps_string_array=[com.google.android.apps.messaging], satellite_connected_notification_throttle_millis_int=604800000, satellite_display_name_string=, satellite_roaming_p2p_sms_inactivity_timeout_sec_int=180, satellite_roaming_turn_off_session_for_emergency_call_bool=true, emergency_messaging_supported_bool=false, carrier_roaming_satellite_emergency_messaging_provider_per_country_bundle=PersistableBundle[{}], satellite_data_support_mode_int=0, carrier_roaming_ntn_connect_type_int=0, satellite_attach_supported_bool=false, carrier_roaming_satellite_emergency_messaging_redirection_destination_string=, satellite_nidd_apn_name_string=, carrier_supported_satellite_services_per_provider_bundle=PersistableBundle[{310830=[2, 3, 6]}], satellite_roaming_esos_inactivity_timeout_sec_int=300, carrier_supported_satellite_notification_hysteresis_sec_int=180, carrier_config_applied_bool=true, carrier_roaming_ntn_emergency_call_to_satellite_handover_type_int=2, carrier_roaming_satellite_default_services_int_array=[2, 3, 6], imsserviceentitlement.entitlement_server_url_string=, emergency_call_to_satellite_t911_handover_timeout_millis_int=30000, satellite_roaming_p2p_sms_supported_bool=false, carrier_config_version_string=, satellite_roaming_screen_off_inactivity_timeout_sec_int=30}]
08-26 17:32:15.857  1095  1243 D SatelliteController: isSatelliteSupportedViaCarrier: using CarrierConfig for subId=1, isAttachSupported=false
08-26 17:32:15.857  1095  1243 D SatelliteController: isInSatelliteModeForCarrierRoaming: subId=1, connectType=0, result=false
08-26 17:32:15.857  1095  1243 D SatelliteController: getCarrierRoamingNtnConnectType: Checking connect type from PLMN config for subId: 1
08-26 17:32:15.857  1095  1243 D TelephonyConfigUpdateInstallReceiver: getConfigParser: domain=satellite
08-26 17:32:15.857  1095  1243 V SatelliteController: satelliteConfigParser is not ready
08-26 17:32:15.857  1095  1243 D SatelliteController: isSatelliteAttachSupportedViaConfigupdater: return null (satelliteConfig is null)
08-26 17:32:15.858  1095  1243 D SatelliteController: getConfigForSubId: subId= 1, config= PersistableBundle[{satellite_esos_supported_bool=false, satellite_connection_hysteresis_sec_int=180, satellite_supported_disaster_plmn_string_array=[], regional_satellite_earfcn_bundle=PersistableBundle[{}], satellite_entitlement_supported_bool=false, satellite_supported_emergency_plmn_string_array=[], satellite_configs_per_plmn_bundle=PersistableBundle[{}], satellite_sos_max_datagram_size_bytes_int=255, satellite_supported_msg_apps_string_array=[com.google.android.apps.messaging], satellite_connected_notification_throttle_millis_int=604800000, satellite_display_name_string=, satellite_roaming_p2p_sms_inactivity_timeout_sec_int=180, satellite_roaming_turn_off_session_for_emergency_call_bool=true, emergency_messaging_supported_bool=false, carrier_roaming_satellite_emergency_messaging_provider_per_country_bundle=PersistableBundle[{}], satellite_data_support_mode_int=0, carrier_roaming_ntn_connect_type_int=0, satellite_attach_supported_bool=false, carrier_roaming_satellite_emergency_messaging_redirection_destination_string=, satellite_nidd_apn_name_string=, carrier_supported_satellite_services_per_provider_bundle=PersistableBundle[{310830=[2, 3, 6]}], satellite_roaming_esos_inactivity_timeout_sec_int=300, carrier_supported_satellite_notification_hysteresis_sec_int=180, carrier_config_applied_bool=true, carrier_roaming_ntn_emergency_call_to_satellite_handover_type_int=2, carrier_roaming_satellite_default_services_int_array=[2, 3, 6], imsserviceentitlement.entitlement_server_url_string=, emergency_call_to_satellite_t911_handover_timeout_millis_int=30000, satellite_roaming_p2p_sms_supported_bool=false, carrier_config_version_string=, satellite_roaming_screen_off_inactivity_timeout_sec_int=30}]
08-26 17:32:15.858  1095  1243 D SatelliteController: isSatelliteSupportedViaCarrier: using CarrierConfig for subId=1, isAttachSupported=false
08-26 17:32:15.858  1095  1243 D SatelliteController: getSatellitePerPlmnConfiguration: invalid subId or not supported via carrier.
08-26 17:32:15.859  1095  1243 D SatelliteController: getCarrierRoamingNtnConnectType: config: null
08-26 17:32:15.859  1095  1243 D TelephonyConfigUpdateInstallReceiver: getConfigParser: domain=satellite
08-26 17:32:15.859  1095  1243 V SatelliteController: satelliteConfigParser is not ready
08-26 17:32:15.859  1095  1243 D SatelliteController: getCarrierRoamingNtnConnectTypeViaConfigUpdater: return null (satelliteConfig is null)
08-26 17:32:15.860  1095  1243 D SatelliteController: getConfigForSubId: subId= 1, config= PersistableBundle[{satellite_esos_supported_bool=false, satellite_connection_hysteresis_sec_int=180, satellite_supported_disaster_plmn_string_array=[], regional_satellite_earfcn_bundle=PersistableBundle[{}], satellite_entitlement_supported_bool=false, satellite_supported_emergency_plmn_string_array=[], satellite_configs_per_plmn_bundle=PersistableBundle[{}], satellite_sos_max_datagram_size_bytes_int=255, satellite_supported_msg_apps_string_array=[com.google.android.apps.messaging], satellite_connected_notification_throttle_millis_int=604800000, satellite_display_name_string=, satellite_roaming_p2p_sms_inactivity_timeout_sec_int=180, satellite_roaming_turn_off_session_for_emergency_call_bool=true, emergency_messaging_supported_bool=false, carrier_roaming_satellite_emergency_messaging_provider_per_country_bundle=PersistableBundle[{}], satellite_data_support_mode_int=0, carrier_roaming_ntn_connect_type_int=0, satellite_attach_supported_bool=false, carrier_roaming_satellite_emergency_messaging_redirection_destination_string=, satellite_nidd_apn_name_string=, carrier_supported_satellite_services_per_provider_bundle=PersistableBundle[{310830=[2, 3, 6]}], satellite_roaming_esos_inactivity_timeout_sec_int=300, carrier_supported_satellite_notification_hysteresis_sec_int=180, carrier_config_applied_bool=true, carrier_roaming_ntn_emergency_call_to_satellite_handover_type_int=2, carrier_roaming_satellite_default_services_int_array=[2, 3, 6], imsserviceentitlement.entitlement_server_url_string=, emergency_call_to_satellite_t911_handover_timeout_millis_int=30000, satellite_roaming_p2p_sms_supported_bool=false, carrier_config_version_string=, satellite_roaming_screen_off_inactivity_timeout_sec_int=30}]
08-26 17:32:15.860  1095  1243 D SatelliteController: getCarrierRoamingNtnConnectType: Falling back to global carrier config connect type: 0
08-26 17:32:15.860  1095  1243 D TelephonyConfigUpdateInstallReceiver: getConfigParser: domain=satellite
08-26 17:32:15.860  1095  1243 V SatelliteController: satelliteConfigParser is not ready
08-26 17:32:15.860  1095  1243 D SatelliteController: isSatelliteAttachSupportedViaConfigupdater: return null (satelliteConfig is null)
08-26 17:32:15.861  1095  1243 D SatelliteController: getConfigForSubId: subId= 1, config= PersistableBundle[{satellite_esos_supported_bool=false, satellite_connection_hysteresis_sec_int=180, satellite_supported_disaster_plmn_string_array=[], regional_satellite_earfcn_bundle=PersistableBundle[{}], satellite_entitlement_supported_bool=false, satellite_supported_emergency_plmn_string_array=[], satellite_configs_per_plmn_bundle=PersistableBundle[{}], satellite_sos_max_datagram_size_bytes_int=255, satellite_supported_msg_apps_string_array=[com.google.android.apps.messaging], satellite_connected_notification_throttle_millis_int=604800000, satellite_display_name_string=, satellite_roaming_p2p_sms_inactivity_timeout_sec_int=180, satellite_roaming_turn_off_session_for_emergency_call_bool=true, emergency_messaging_supported_bool=false, carrier_roaming_satellite_emergency_messaging_provider_per_country_bundle=PersistableBundle[{}], satellite_data_support_mode_int=0, carrier_roaming_ntn_connect_type_int=0, satellite_attach_supported_bool=false, carrier_roaming_satellite_emergency_messaging_redirection_destination_string=, satellite_nidd_apn_name_string=, carrier_supported_satellite_services_per_provider_bundle=PersistableBundle[{310830=[2, 3, 6]}], satellite_roaming_esos_inactivity_timeout_sec_int=300, carrier_supported_satellite_notification_hysteresis_sec_int=180, carrier_config_applied_bool=true, carrier_roaming_ntn_emergency_call_to_satellite_handover_type_int=2, carrier_roaming_satellite_default_services_int_array=[2, 3, 6], imsserviceentitlement.entitlement_server_url_string=, emergency_call_to_satellite_t911_handover_timeout_millis_int=30000, satellite_roaming_p2p_sms_supported_bool=false, carrier_config_version_string=, satellite_roaming_screen_off_inactivity_timeout_sec_int=30}]
08-26 17:32:15.861  1095  1243 D SatelliteController: isSatelliteSupportedViaCarrier: using CarrierConfig for subId=1, isAttachSupported=false
08-26 17:32:15.861  1095  1243 D SatelliteController: isInSatelliteModeForCarrierRoaming: subId=1, connectType=0, result=false
08-26 17:32:15.861  1099  1099 D RecentTasksList: invalidateLoadedTasks - previous requestLoadId: -1
08-26 17:32:15.863   961  1074 I Surface : Creating surface for consumer unnamed-961-58 with slotExpansion=1 for 64 slots
08-26 17:32:15.864   961  1074 I Surface : Creating surface for consumer VRI[android]#58(BLAST Consumer)58 with slotExpansion=1 for 64 slots
08-26 17:32:15.878 23888 23888 I app.kit.android: Using generational CollectorTypeCMC GC.
08-26 17:32:15.881   492   492 W skia    : AGTM parsing failed flags.readFromStream(s) at 159
08-26 17:32:15.881   492   492 W skia    : AGTM parsing failed flags.readFromStream(s) at 159
08-26 17:32:15.881   492   492 W skia    : AGTM parsing failed flags.readFromStream(s) at 159
08-26 17:32:15.881   492   492 W skia    : AGTM parsing failed flags.readFromStream(s) at 159
08-26 17:32:15.881   492   492 W skia    : AGTM parsing failed flags.readFromStream(s) at 159
08-26 17:32:15.881   492   492 W skia    : AGTM parsing failed flags.readFromStream(s) at 159
08-26 17:32:15.886   517   558 I adbd    : jdwp connection from 23888
08-26 17:32:15.898 23888 23888 D nativeloader: Load libframework-connectivity-tiramisu-jni.so using APEX ns com_android_tethering for caller /apex/com.android.tethering/javalib/framework-connectivity-t.jar: ok
08-26 17:32:15.917   492   492 W skia    : AGTM parsing failed flags.readFromStream(s) at 159
08-26 17:32:15.918   492   492 W skia    : AGTM parsing failed flags.readFromStream(s) at 159
08-26 17:32:16.013   492   492 W skia    : AGTM parsing failed flags.readFromStream(s) at 159
08-26 17:32:16.057 23888 23888 D nativeloader: Configuring clns-9 for other apk /data/app/~~UDXroQ3EEYYuvaKxl7g-bA==/dev.quickapp.kit.android-1Vsmv6tgHnXyrGgc2EEFrQ==/base.apk. target_sdk_version=36, uses_libraries=, library_path=/data/app/~~UDXroQ3EEYYuvaKxl7g-bA==/dev.quickapp.kit.android-1Vsmv6tgHnXyrGgc2EEFrQ==/lib/arm64:/data/app/~~UDXroQ3EEYYuvaKxl7g-bA==/dev.quickapp.kit.android-1Vsmv6tgHnXyrGgc2EEFrQ==/base.apk!/lib/arm64-v8a, permitted_path=/data:/mnt/expand:/data/user/0/dev.quickapp.kit.android
08-26 17:32:16.062 23888 23888 D ActivityThread: Set OS env TMPDIR to /data/user/0/dev.quickapp.kit.android/cache
08-26 17:32:16.062 23888 23888 V GraphicsEnvironment: Currently set values for:
08-26 17:32:16.062 23888 23888 V GraphicsEnvironment:   angle_gl_driver_selection_pkgs=[]
08-26 17:32:16.062 23888 23888 V GraphicsEnvironment:   angle_gl_driver_selection_values=[]
08-26 17:32:16.062 23888 23888 V GraphicsEnvironment: dev.quickapp.kit.android is not listed in per-application setting
08-26 17:32:16.062 23888 23888 V GraphicsEnvironment: No special selections for ANGLE, returning default driver choice
08-26 17:32:16.069 23888 23888 V GraphicsEnvironment: Neither updatable production driver nor prerelease driver is supported.
08-26 17:32:16.091   492   492 W skia    : AGTM parsing failed flags.readFromStream(s) at 159
08-26 17:32:16.111 23888 23902 I DisplayManager: Choreographer implicitly registered for the refresh rate.
08-26 17:32:16.129 23888 23888 D CompatChangeReporter: Compat change id reported: 377864165; UID 10231; state: ENABLED
08-26 17:32:16.146   492   492 W skia    : AGTM parsing failed flags.readFromStream(s) at 159
08-26 17:32:16.188   492   492 W skia    : AGTM parsing failed flags.readFromStream(s) at 159
08-26 17:32:16.188   492   492 W skia    : AGTM parsing failed flags.readFromStream(s) at 159
08-26 17:32:16.188   492   492 W skia    : AGTM parsing failed flags.readFromStream(s) at 159
08-26 17:32:16.188   492   492 W skia    : AGTM parsing failed flags.readFromStream(s) at 159
08-26 17:32:16.188   492   492 W skia    : AGTM parsing failed flags.readFromStream(s) at 159
08-26 17:32:16.188   492   492 W skia    : AGTM parsing failed flags.readFromStream(s) at 159
08-26 17:32:16.197   657   681 V SharedSurfaceAnimation: Checking SharedSurface matching for: ComponentInfo{com.google.android.apps.nexuslauncher/com.google.android.apps.nexuslauncher.NexusLauncherActivity}, user= 0
08-26 17:32:16.197   657   681 V SharedSurfaceAnimation:   No matching provider found.
08-26 17:32:16.205   492   492 W skia    : AGTM parsing failed flags.readFromStream(s) at 159
08-26 17:32:16.205   492   492 W skia    : AGTM parsing failed flags.readFromStream(s) at 159
08-26 17:32:16.205   492   492 W skia    : AGTM parsing failed flags.readFromStream(s) at 159
08-26 17:32:16.205   492   492 W skia    : AGTM parsing failed flags.readFromStream(s) at 159
08-26 17:32:16.205   492   492 W skia    : AGTM parsing failed flags.readFromStream(s) at 159
08-26 17:32:16.205   492   492 W skia    : AGTM parsing failed flags.readFromStream(s) at 159
08-26 17:32:16.205   492   492 W skia    : AGTM parsing failed flags.readFromStream(s) at 159
08-26 17:32:16.213   657   677 V WindowManager: Sent Transition (#150) createdAt=08-26 17:32:15.712 via request=TransitionRequestInfo { type = OPEN, triggerTask = TaskInfo{userId=0 taskId=97 effectiveUid=10231 seqId=0 displayId=0 isRunning=true baseIntent=Intent { flg=0x10000000 cmp=dev.quickapp.kit.android/.MainActivity } baseActivity=ComponentInfo{dev.quickapp.kit.android/dev.quickapp.kit.android.MainActivity} topActivity=ComponentInfo{dev.quickapp.kit.android/dev.quickapp.kit.android.MainActivity} origActivity=null realActivity=ComponentInfo{dev.quickapp.kit.android/dev.quickapp.kit.android.MainActivity} realActivityIsAppLockEnabled=false numActivities=1 lastActiveTime=171751575 supportsMultiWindow=true supportsMultiWindowWithoutConstraints=true resizeMode=1 isResizeable=true minWidth=-1 minHeight=-1 defaultMinSize=220 token=WCT{RemoteToken{10c0b5 Task{c901bf #97 type=standard A=10231:dev.quickapp.kit.android}}} topActivityType=1 pictureInPictureParams=null shouldDockBigOverlays=false launchIntoPipHostTaskId=-1 lastParentTaskIdBeforePip=-1 displayCutoutSafeInsets=Rect(0, 156 - 0, 0) topActivityInfo=ActivityInfo{2d7634a dev.quickapp.kit.android.MainActivity} launchCookies=[] positionInParent=Point(0, 0) parentTaskId=-1 isFocused=false isInteractive=false isVisible=false isVisibleRequested=false isTopActivityNoDisplay=false isSleeping=false locusId=null displayAreaFeatureId=1 isTopActivityTransparent=false isActivityStackTransparent=false lastNonFullscreenBounds=null leafTaskBoundsFromOptions= false capturedLink=null capturedLinkTimestamp=0 requestedVisibleTypes=503 topActivityRequestOpenInBrowserEducationTimestamp=0 appCompatTaskInfo=AppCompatTaskInfo { topActivityInSizeCompat=false isLeafTask= true eligibleForLetterboxEducation= false isLetterboxEducationEnabled= true isLetterboxDoubleTapEnabled= false eligibleForUserAspectRatioButton= false topActivityBoundsLetterboxed= false isFromLetterboxDoubleTap= false topActivityLetterboxVerticalPosition= -1 topActivityLetterboxHorizontalPosition= -1 topActivityLetterboxWidth=-1 topActivityLetterboxHeight=-1 topActivityAppBounds=Rect(0, 0 - 1280, 2856) isUserFullscreenOverrideEnabled=false isSystemFullscreenOverrideEnabled=false hasMinAspectRatioOverride=false topActivityLetterboxBounds=null topNonResizableActivityAspectRatio=-1.0} topActivityMainWindowFrame=null isAppBubble=false}, pipChange = null, remoteTransitionInfo = null, displayChanges = null, requestedLocation = null, userChange = null, windowingLayerChange = null, fullscreenRequestChange = null, flags = 0, debugId = 150 }
08-26 17:32:16.213   657   677 V WindowManager:     startWCT=WindowContainerTransaction { changes= {} hops= [] flags= 0 errorCallbackToken=null taskFragmentOrganizer=null }
08-26 17:32:16.213   657   677 V WindowManager:     info={id=150 t=OPEN f=0x0 trk=0 r=[0@Point(0, 0)] c=[
08-26 17:32:16.213   657   677 V WindowManager:         {WCT{RemoteToken{10c0b5 Task{c901bf #97 type=standard A=10231:dev.quickapp.kit.android}}} m=OPEN f=MOVE_TO_TOP|FLAG_CHANGED_INTERACTIVE leash=Surface(name=Task=97#1697)/@0x2ea4b9f sb=Rect(0, 0 - 1280, 2856) eb=Rect(0, 0 - 1280, 2856) epz=Point(1280, 2856) d=0 taskParent=-1 winMode=1 userId=0},
08-26 17:32:16.213   657   677 V WindowManager:         {WCT{RemoteToken{9ab9cb Task{7d5ebf #1 type=home}}} m=TO_BACK f=SHOW_WALLPAPER|FLAG_CHANGED_INTERACTIVE leash=Surface(name=Task=1#35)/@0x7cd23db sb=Rect(0, 0 - 1280, 2856) eb=Rect(0, 0 - 1280, 2856) epz=Point(1280, 2856) d=0 taskParent=-1 winMode=1 userId=0},
08-26 17:32:16.213   657   677 V WindowManager:         {m=TO_BACK f=IS_WALLPAPER leash=Surface(name=WallpaperWindowToken{1d04423}#55)/@0xfa5f86 sb=Rect(0, 0 - 1280, 2856) eb=Rect(0, 0 - 1280, 2856) epz=Point(1280, 2856) d=0}
08-26 17:32:16.213   657   677 V WindowManager:     ]}
08-26 17:32:16.214   961   970 V WindowManagerShell: onTransitionReady(transaction=2821793525385)
08-26 17:32:16.224   961  1009 V WindowManagerShell: onTransitionReady (#150) android.os.BinderProxy@3c8e9fe: {id=150 t=OPEN f=0x0 trk=0 r=[0@Point(0, 0)] c=[
08-26 17:32:16.224   961  1009 V WindowManagerShell:         {m=OPEN f=MOVE_TO_TOP|FLAG_CHANGED_INTERACTIVE leash=Surface(name=Task=97#1697)/@0x2b8fd55 sb=Rect(0, 0 - 1280, 2856) eb=Rect(0, 0 - 1280, 2856) epz=Point(1280, 2856) d=0 taskParent=-1 winMode=1 userId=0},
08-26 17:32:16.224   961  1009 V WindowManagerShell:         {m=TO_BACK f=SHOW_WALLPAPER|FLAG_CHANGED_INTERACTIVE leash=Surface(name=Task=1#35)/@0xab1f36a sb=Rect(0, 0 - 1280, 2856) eb=Rect(0, 0 - 1280, 2856) epz=Point(1280, 2856) d=0 taskParent=-1 winMode=1 userId=0},
08-26 17:32:16.224   961  1009 V WindowManagerShell:         {m=TO_BACK f=IS_WALLPAPER leash=Surface(name=WallpaperWindowToken{1d04423}#55)/@0x3eb205b sb=Rect(0, 0 - 1280, 2856) eb=Rect(0, 0 - 1280, 2856) epz=Point(1280, 2856) d=0}
08-26 17:32:16.224   961  1009 V WindowManagerShell:     ]}
08-26 17:32:16.225   961  1009 V WindowManagerShell: FocusTransitionObserver: Updating focus state for transition #150
08-26 17:32:16.225   961  1009 D WindowManagerShell: FocusTransitionObserver: Focus updated on displayId=0 to taskId=97
08-26 17:32:16.225   961  1009 V WindowManagerShell: FocusTransitionObserver: Notifying local listeners of task focus change: taskId=1, isFocusedOnDisplay=false, isFocusedGlobally=false
08-26 17:32:16.226   961  1009 V WindowManagerShell: FocusTransitionObserver: Notifying local listeners of task focus change: taskId=97, isFocusedOnDisplay=true, isFocusedGlobally=true
08-26 17:32:16.226   961  1009 V RecentTasksController: Notify recent tasks changed: 2
08-26 17:32:16.226  1099  1099 D RecentTasksList: invalidateLoadedTasks - previous requestLoadId: -1
08-26 17:32:16.233   961  1009 V WindowManagerShell: Playing animation for (#150) android.os.BinderProxy@3c8e9fe@0
08-26 17:32:16.233   961  1009 D ShellSplitScreen: startAnimation: transition=150 isSplitActive=false
08-26 17:32:16.233   961  1009 V ShellRecents: RecentsTransitionHandler.startAnimation: no controller found
08-26 17:32:16.233   961  1009 V ShellDesktopMode: DesktopMixedTransitionHandler: No pending desktop transition
08-26 17:32:16.233   961  1009 V ShellDesktopMode: DesktopHomeScreenPeekTransitionHandler: startAnimation
08-26 17:32:16.233   961  1009 V WindowManagerShell: Transition doesn't have explicit remote, search filters for match for {id=150 t=OPEN f=0x0 trk=0 r=[0@Point(0, 0)] c=[{m=OPEN f=MOVE_TO_TOP|FLAG_CHANGED_INTERACTIVE leash=Surface(name=Task=97#1697)/@0x2b8fd55 sb=Rect(0, 0 - 1280, 2856) eb=Rect(0, 0 - 1280, 2856) epz=Point(1280, 2856) d=0 taskParent=-1 winMode=1 userId=0},{m=TO_BACK f=SHOW_WALLPAPER|FLAG_CHANGED_INTERACTIVE leash=Surface(name=Task=1#35)/@0xab1f36a sb=Rect(0, 0 - 1280, 2856) eb=Rect(0, 0 - 1280, 2856) epz=Point(1280, 2856) d=0 taskParent=-1 winMode=1 userId=0},{m=TO_BACK f=IS_WALLPAPER leash=Surface(name=WallpaperWindowToken{1d04423}#55)/@0x3eb205b sb=Rect(0, 0 - 1280, 2856) eb=Rect(0, 0 - 1280, 2856) epz=Point(1280, 2856) d=0}]}
08-26 17:32:16.234   961  1009 V WindowManagerShell:  Checking filter Pair{{types=[] flags=0x0 notFlags=0x0 checks=[{atype=undefined independent=true modes=[CLOSE,TO_BACK] flags=IN_TASK_WITH_EMBEDDED_ACTIVITY mustBeTask=false order=ANY topActivity=null launchCookie=null taskFragmentToken=android.os.BinderProxy@9442ef0 windowingMode=undefined isCrossDisplayMove=false}]} RemoteTransition { remoteTransition = android.window.IRemoteTransition$Stub$Proxy@5f54c69, appThread = android.app.IApplicationThread$Stub$Proxy@8efb6ee, debugName = overlayBackTransition, filter = {types=[] flags=0x0 notFlags=0x0 checks=[{atype=undefined independent=true modes=[CLOSE,TO_BACK] flags=IN_TASK_WITH_EMBEDDED_ACTIVITY mustBeTask=false order=ANY topActivity=null launchCookie=null taskFragmentToken=android.os.BinderProxy@9442ef0 windowingMode=undefined isCrossDisplayMove=false}]} }}
08-26 17:32:16.234   961  1009 V WindowManagerShell:  Checking filter Pair{{types=[] flags=0x0 notFlags=0x0 checks=[{atype=dream independent=true modes=[OPEN,TO_FRONT] flags=NONE mustBeTask=false order=ANY topActivity=null launchCookie=null windowingMode=undefined isCrossDisplayMove=false},{atype=home independent=true modes=[CLOSE,TO_BACK] flags=NONE mustBeTask=false order=ANY topActivity=null launchCookie=null windowingMode=undefined isCrossDisplayMove=false}]} RemoteTransition { remoteTransition = android.window.IRemoteTransition$Stub$Proxy@1e1978f, appThread = android.app.IApplicationThread$Stub$Proxy@d54a1c, debugName = LauncherToDream, filter = {types=[] flags=0x0 notFlags=0x0 checks=[{atype=dream independent=true modes=[OPEN,TO_FRONT] flags=NONE mustBeTask=false order=ANY topActivity=null launchCookie=null windowingMode=undefined isCrossDisplayMove=false},{atype=home independent=true modes=[CLOSE,TO_BACK] flags=NONE mustBeTask=false order=ANY topActivity=null launchCookie=null windowingMode=undefined isCrossDisplayMove=false}]} }}
08-26 17:32:16.234   961  1009 V WindowManagerShell:  Checking filter Pair{{types=[] flags=0x0 notFlags=0x0 checks=[{atype=standard independent=false modes=[CHANGE] flags=NONE mustBeTask=true order=ANY topActivity=null launchCookie=null windowingMode=undefined isCrossDisplayMove=true}]} RemoteTransition { remoteTransition = android.window.IRemoteTransition$Stub$Proxy@50d4625, appThread = android.app.IApplicationThread$Stub$Proxy@7a453fa, debugName = QuickstepDisplayMove, filter = {types=[] flags=0x0 notFlags=0x0 checks=[{atype=standard independent=false modes=[CHANGE] flags=NONE mustBeTask=true order=ANY topActivity=null launchCookie=null windowingMode=undefined isCrossDisplayMove=true}]} }}
08-26 17:32:16.234   961  1009 V WindowManagerShell:  Checking filter Pair{{types=[] flags=0x0 notFlags=0x100 checks=[{atype=home independent=true modes=[OPEN,TO_FRONT] flags=NONE mustBeTask=false order=ANY topActivity=ComponentInfo{com.google.android.apps.nexuslauncher/com.google.android.apps.nexuslauncher.NexusLauncherActivity} launchCookie=null windowingMode=undefined isCrossDisplayMove=false},{atype=standard independent=true modes=[CLOSE,TO_BACK] flags=NONE mustBeTask=false order=ANY topActivity=null launchCookie=null windowingMode=undefined isCrossDisplayMove=false},{NOT atype=undefined independent=true modes=[] flags=NONE mustBeTask=true order=ANY topActivity=null launchCookie=null customAnim=true windowingMode=undefined isCrossDisplayMove=false}]} RemoteTransition { remoteTransition = android.window.IRemoteTransition$Stub$Proxy@fea1dab, appThread = android.app.IApplicationThread$Stub$Proxy@8faec08, debugName = QuickstepLaunchHome, filter = {types=[] flags=0x0 notFlags=0x100 checks=[{atype=home independent=true modes=[OPEN,TO_FRONT] flags=NONE mustBeTask=false order=ANY topActivity=ComponentInfo{com.google.android.apps.nexuslauncher/com.google.android.apps.nexuslauncher.NexusLauncherActivity} launchCookie=null windowingMode=undefined isCrossDisplayMove=false},{atype=standard independent=true modes=[CLOSE,TO_BACK] flags=NONE mustBeTask=false order=ANY topActivity=null launchCookie=null windowingMode=undefined isCrossDisplayMove=false},{NOT atype=undefined independent=true modes=[] flags=NONE mustBeTask=true order=ANY topActivity=null launchCookie=null customAnim=true windowingMode=undefined isCrossDisplayMove=false}]} }}
08-26 17:32:16.234   961  1009 V WindowManagerShell:  Checking filter Pair{{types=[OPEN,TO_FRONT] flags=0x0 notFlags=0x0 checks=[{atype=standard independent=true modes=[OPEN,TO_FRONT] flags=NONE mustBeTask=true order=ANY topActivity=null launchCookie=null windowingMode=freeform isCrossDisplayMove=false}]} RemoteTransition { remoteTransition = android.window.IRemoteTransition$Stub$Proxy@be7502f, appThread = null, debugName = DesktopWindowLimitUnminimize, filter = {types=[OPEN,TO_FRONT] flags=0x0 notFlags=0x0 checks=[{atype=standard independent=true modes=[OPEN,TO_FRONT] flags=NONE mustBeTask=true order=ANY topActivity=null launchCookie=null windowingMode=freeform isCrossDisplayMove=false}]} }}
08-26 17:32:16.234   961  1009 V WindowManagerShell:  Delegate animation for (#150) to null
08-26 17:32:16.234   961  1009 V WindowManagerShell: start default transition animation, info = {id=150 t=OPEN f=0x0 trk=0 r=[0@Point(0, 0)] c=[{m=OPEN f=MOVE_TO_TOP|FLAG_CHANGED_INTERACTIVE leash=Surface(name=Task=97#1697)/@0x2b8fd55 sb=Rect(0, 0 - 1280, 2856) eb=Rect(0, 0 - 1280, 2856) epz=Point(1280, 2856) d=0 taskParent=-1 winMode=1 userId=0},{m=TO_BACK f=SHOW_WALLPAPER|FLAG_CHANGED_INTERACTIVE leash=Surface(name=Task=1#35)/@0xab1f36a sb=Rect(0, 0 - 1280, 2856) eb=Rect(0, 0 - 1280, 2856) epz=Point(1280, 2856) d=0 taskParent=-1 winMode=1 userId=0},{m=TO_BACK f=IS_WALLPAPER leash=Surface(name=WallpaperWindowToken{1d04423}#55)/@0x3eb205b sb=Rect(0, 0 - 1280, 2856) eb=Rect(0, 0 - 1280, 2856) epz=Point(1280, 2856) d=0}]}
08-26 17:32:16.235   492   492 W skia    : AGTM parsing failed flags.readFromStream(s) at 159
08-26 17:32:16.237   492   492 W skia    : AGTM parsing failed flags.readFromStream(s) at 159
08-26 17:32:16.237   492   492 W skia    : AGTM parsing failed flags.readFromStream(s) at 159
08-26 17:32:16.237   492   492 W skia    : AGTM parsing failed flags.readFromStream(s) at 159
08-26 17:32:16.237   492   492 W skia    : AGTM parsing failed flags.readFromStream(s) at 159
08-26 17:32:16.237   492   492 W skia    : AGTM parsing failed flags.readFromStream(s) at 159
08-26 17:32:16.248 23888 23888 W HWUI    : Unknown dataspace 0
08-26 17:32:16.250   961  1009 V WindowManagerShell: loadAnimation: anim=android.view.animation.AnimationSet@5e4a4 animAttr=0x13 type=OPEN isEntrance=false
08-26 17:32:16.251   961  1009 V WindowManagerShell: loadAnimation: anim=android.view.animation.AnimationSet@904820d animAttr=0x12 type=OPEN isEntrance=true
08-26 17:32:16.253 23888 23902 I GFXSTREAM: [eglDisplay.cpp(297)] Opening libGLESv1_CM_emulation.so
08-26 17:32:16.254   961  1009 V WindowManagerShell:  animated by com.android.wm.shell.transition.DefaultTransitionHandler@fef53da
08-26 17:32:16.255   961  1009 V ShellTaskOrganizer: Task appeared taskId=97 listener=FullscreenTaskListener
08-26 17:32:16.255   961  1009 V ShellTaskOrganizer: Fullscreen Task Appeared: #97
08-26 17:32:16.256 23888 23902 I GFXSTREAM: [eglDisplay.cpp(297)] Opening libGLESv2_emulation.so
08-26 17:32:16.273   961  1009 V RecentTasksController: Notify recent tasks changed: 1
08-26 17:32:16.284 23888 23902 W libc    : Access denied finding property "vendor.mesa.virtgpu.kumquat"
08-26 17:32:16.287  1099  1099 D RecentTasksList: invalidateLoadedTasks - previous requestLoadId: -1
08-26 17:32:16.301 23888 23902 W HWUI    : Failed to choose config with EGL_SWAP_BEHAVIOR_PRESERVED, retrying without...
08-26 17:32:16.305 23888 23902 W HWUI    : Failed to initialize 101010-2 format, error = EGL_SUCCESS
08-26 17:32:16.311 23888 23906 W libc    : Access denied finding property "vendor.mesa.virtgpu.kumquat"
08-26 17:32:16.319   492   492 W skia    : AGTM parsing failed flags.readFromStream(s) at 159
08-26 17:32:16.320   492   492 W skia    : AGTM parsing failed flags.readFromStream(s) at 159
08-26 17:32:16.320   492   492 W skia    : AGTM parsing failed flags.readFromStream(s) at 159
08-26 17:32:16.320   492   492 W skia    : AGTM parsing failed flags.readFromStream(s) at 159
08-26 17:32:16.320   492   492 W skia    : AGTM parsing failed flags.readFromStream(s) at 159
08-26 17:32:16.320   492   492 W skia    : AGTM parsing failed flags.readFromStream(s) at 159
08-26 17:32:16.320   492   492 W skia    : AGTM parsing failed flags.readFromStream(s) at 159
08-26 17:32:16.332   492   534 W skia    : AGTM parsing failed flags.readFromStream(s) at 159
08-26 17:32:16.332   492   534 W skia    : AGTM parsing failed flags.readFromStream(s) at 159
08-26 17:32:16.354   492   492 W skia    : AGTM parsing failed flags.readFromStream(s) at 159
08-26 17:32:16.355   492   492 W skia    : AGTM parsing failed flags.readFromStream(s) at 159
08-26 17:32:16.355   492   492 W skia    : AGTM parsing failed flags.readFromStream(s) at 159
08-26 17:32:16.355   492   492 W skia    : AGTM parsing failed flags.readFromStream(s) at 159
08-26 17:32:16.355   492   492 W skia    : AGTM parsing failed flags.readFromStream(s) at 159
08-26 17:32:16.355   492   492 W skia    : AGTM parsing failed flags.readFromStream(s) at 159
08-26 17:32:16.355   492   492 W skia    : AGTM parsing failed flags.readFromStream(s) at 159
08-26 17:32:16.401   492   492 W skia    : AGTM parsing failed flags.readFromStream(s) at 159
08-26 17:32:16.401   492   492 W skia    : AGTM parsing failed flags.readFromStream(s) at 159
08-26 17:32:16.401   492   492 W skia    : AGTM parsing failed flags.readFromStream(s) at 159
08-26 17:32:16.401   492   492 W skia    : AGTM parsing failed flags.readFromStream(s) at 159
08-26 17:32:16.401   492   492 W skia    : AGTM parsing failed flags.readFromStream(s) at 159
08-26 17:32:16.401   492   492 W skia    : AGTM parsing failed flags.readFromStream(s) at 159
08-26 17:32:16.401   492   492 W skia    : AGTM parsing failed flags.readFromStream(s) at 159
08-26 17:32:16.471   492   492 W skia    : AGTM parsing failed flags.readFromStream(s) at 159
08-26 17:32:16.471   492   492 W skia    : AGTM parsing failed flags.readFromStream(s) at 159
08-26 17:32:16.471   492   492 W skia    : AGTM parsing failed flags.readFromStream(s) at 159
08-26 17:32:16.471   492   492 W skia    : AGTM parsing failed flags.readFromStream(s) at 159
08-26 17:32:16.471   492   492 W skia    : AGTM parsing failed flags.readFromStream(s) at 159
08-26 17:32:16.471   492   492 W skia    : AGTM parsing failed flags.readFromStream(s) at 159
08-26 17:32:16.471   492   492 W skia    : AGTM parsing failed flags.readFromStream(s) at 159
08-26 17:32:16.530   492   492 W skia    : AGTM parsing failed flags.readFromStream(s) at 159
08-26 17:32:16.530   492   492 W skia    : AGTM parsing failed flags.readFromStream(s) at 159
08-26 17:32:16.530   492   492 W skia    : AGTM parsing failed flags.readFromStream(s) at 159
08-26 17:32:16.530   492   492 W skia    : AGTM parsing failed flags.readFromStream(s) at 159
08-26 17:32:16.530   492   492 W skia    : AGTM parsing failed flags.readFromStream(s) at 159
08-26 17:32:16.530   492   492 W skia    : AGTM parsing failed flags.readFromStream(s) at 159
08-26 17:32:16.530   492   492 W skia    : AGTM parsing failed flags.readFromStream(s) at 159
08-26 17:32:16.551   492   492 W skia    : AGTM parsing failed flags.readFromStream(s) at 159
08-26 17:32:16.551   492   492 W skia    : AGTM parsing failed flags.readFromStream(s) at 159
08-26 17:32:16.552   492   492 W skia    : AGTM parsing failed flags.readFromStream(s) at 159
08-26 17:32:16.552   492   492 W skia    : AGTM parsing failed flags.readFromStream(s) at 159
08-26 17:32:16.552   492   492 W skia    : AGTM parsing failed flags.readFromStream(s) at 159
08-26 17:32:16.552   492   492 W skia    : AGTM parsing failed flags.readFromStream(s) at 159
08-26 17:32:16.552   492   492 W skia    : AGTM parsing failed flags.readFromStream(s) at 159
08-26 17:32:16.618   961  1009 V WindowManagerShell: Transition animation finished (aborted=false), notifying core (#150) android.os.BinderProxy@3c8e9fe@0
08-26 17:32:16.629   657   677 V WindowManager: Finish Transition (#150): created at 08-26 17:32:15.712 collect-started=0.037ms request-sent=7.616ms started=10.21ms ready=363.28ms sent=489.351ms commit=118.998ms finished=915.33ms
08-26 17:32:16.629   961  1009 V WindowManagerShell: Track 0 became idle
08-26 17:32:16.629   961  1009 V WindowManagerShell: All active transition animations finished
08-26 17:32:16.630  1099  1099 D VRI[NexusLauncherActivity]: visibilityChanged oldVisibility=true newVisibility=false
08-26 17:32:16.630   961  1575 D WallpaperService: onVisibilityChanged(false): com.android.systemui.wallpapers.ImageWallpaper$CanvasEngine@a3bb2ef
08-26 17:32:16.635  1099  1099 D SmartspaceInteractor: notifySmartspaceEvent: SmartspaceTargetEvent{mSmartspaceTarget=null, mSmartspaceActionId='null', mEventType=7}
08-26 17:32:16.647   492   492 W skia    : AGTM parsing failed flags.readFromStream(s) at 159
08-26 17:32:16.647   492   492 W skia    : AGTM parsing failed flags.readFromStream(s) at 159
08-26 17:32:16.647   492   492 W skia    : AGTM parsing failed flags.readFromStream(s) at 159
08-26 17:32:16.647   492   492 W skia    : AGTM parsing failed flags.readFromStream(s) at 159
08-26 17:32:16.647   492   492 W skia    : AGTM parsing failed flags.readFromStream(s) at 159
08-26 17:32:16.649   492   534 W skia    : AGTM parsing failed flags.readFromStream(s) at 159
08-26 17:32:16.652  1777  1991 I AiAiEcho: AmbientDataPredictorImpl No tracked ambient data found for ID: null; for event type: 7, skipping event processing.
08-26 17:32:16.676   657   941 W InputChannel-JNI: Channel already disposed.
08-26 17:32:16.679   492   534 W skia    : AGTM parsing failed flags.readFromStream(s) at 159
08-26 17:32:16.680   492   492 W skia    : AGTM parsing failed flags.readFromStream(s) at 159
08-26 17:32:16.680   492   492 W skia    : AGTM parsing failed flags.readFromStream(s) at 159
08-26 17:32:16.680   492   492 W skia    : AGTM parsing failed flags.readFromStream(s) at 159
08-26 17:32:16.680   492   492 W skia    : AGTM parsing failed flags.readFromStream(s) at 159
08-26 17:32:16.680   492   492 W skia    : AGTM parsing failed flags.readFromStream(s) at 159
08-26 17:32:16.698 23888 23888 D WindowOnBackDispatcher: setTopOnBackInvokedCallback (unwrapped): android.app.Activity$$ExternalSyntheticLambda0@cdfb080
08-26 17:32:16.700 23888 23909 D WindowOnBackDispatcher: setOnBackInvokedCallbackInfo: android.app.Activity$$ExternalSyntheticLambda0@cdfb080
08-26 17:32:16.700   657  1933 D CoreBackPreview: Window{e65516d u0 dev.quickapp.kit.android/dev.quickapp.kit.android.MainActivity}: Setting back callback OnBackInvokedCallbackInfo{mCallback=android.window.IOnBackInvokedCallback$Stub$Proxy@eabc5f0, mPriority=-1, mIsAnimationCallback=false, mOverrideBehavior=0}
08-26 17:32:16.704 23888 23888 D VRI[MainActivity]: WindowInsets changed: 1280x2856 statusBars:[0,156,0,0] navigationBars:[0,0,0,72] mandatorySystemGestures:[0,192,0,96] 
08-26 17:32:16.711   657  1933 D WindowManager: setClientSurface Surface(name=VRI-dev.quickapp.kit.android/dev.quickapp.kit.android.MainActivity#1706)/@0xd129769 for e65516d dev.quickapp.kit.android/dev.quickapp.kit.android.MainActivity
08-26 17:32:16.713   492   492 W skia    : AGTM parsing failed flags.readFromStream(s) at 159
08-26 17:32:16.713   492   492 W skia    : AGTM parsing failed flags.readFromStream(s) at 159
08-26 17:32:16.713   492   492 W skia    : AGTM parsing failed flags.readFromStream(s) at 159
08-26 17:32:16.713   492   492 W skia    : AGTM parsing failed flags.readFromStream(s) at 159
08-26 17:32:16.713   492   492 W skia    : AGTM parsing failed flags.readFromStream(s) at 159
08-26 17:32:16.731 23888 23888 I Surface : Creating surface for consumer unnamed-23888-0 with slotExpansion=1 for 64 slots
08-26 17:32:16.734 23888 23888 I Surface : Creating surface for consumer VRI[MainActivity]#0(BLAST Consumer)0 with slotExpansion=1 for 64 slots
08-26 17:32:16.750   492   492 W skia    : AGTM parsing failed flags.readFromStream(s) at 159
08-26 17:32:16.750   492   492 W skia    : AGTM parsing failed flags.readFromStream(s) at 159
08-26 17:32:16.750   492   492 W skia    : AGTM parsing failed flags.readFromStream(s) at 159
08-26 17:32:16.750   492   492 W skia    : AGTM parsing failed flags.readFromStream(s) at 159
08-26 17:32:16.750   492   492 W skia    : AGTM parsing failed flags.readFromStream(s) at 159
08-26 17:32:16.784   492   492 W skia    : AGTM parsing failed flags.readFromStream(s) at 159
08-26 17:32:16.784   492   492 W skia    : AGTM parsing failed flags.readFromStream(s) at 159
08-26 17:32:16.784   492   492 W skia    : AGTM parsing failed flags.readFromStream(s) at 159
08-26 17:32:16.784   492   492 W skia    : AGTM parsing failed flags.readFromStream(s) at 159
08-26 17:32:16.784   492   492 W skia    : AGTM parsing failed flags.readFromStream(s) at 159
08-26 17:32:16.784   492   492 W skia    : AGTM parsing failed flags.readFromStream(s) at 159
08-26 17:32:16.784   492   492 W skia    : AGTM parsing failed flags.readFromStream(s) at 159
08-26 17:32:16.808   492   534 W skia    : AGTM parsing failed flags.readFromStream(s) at 159
08-26 17:32:16.810   492   492 W skia    : AGTM parsing failed flags.readFromStream(s) at 159
08-26 17:32:16.847   492   492 W skia    : AGTM parsing failed flags.readFromStream(s) at 159
08-26 17:32:16.847   492   492 W skia    : AGTM parsing failed flags.readFromStream(s) at 159
08-26 17:32:16.847   492   492 W skia    : AGTM parsing failed flags.readFromStream(s) at 159
08-26 17:32:16.847   492   492 W skia    : AGTM parsing failed flags.readFromStream(s) at 159
08-26 17:32:16.847   492   492 W skia    : AGTM parsing failed flags.readFromStream(s) at 159
08-26 17:32:16.847   492   492 W skia    : AGTM parsing failed flags.readFromStream(s) at 159
08-26 17:32:16.847   492   492 W skia    : AGTM parsing failed flags.readFromStream(s) at 159
08-26 17:32:16.880   492   492 W skia    : AGTM parsing failed flags.readFromStream(s) at 159
08-26 17:32:16.917   492   492 W skia    : AGTM parsing failed flags.readFromStream(s) at 159
08-26 17:32:16.947   492   492 W skia    : AGTM parsing failed flags.readFromStream(s) at 159
08-26 17:32:16.953   492   534 W skia    : AGTM parsing failed flags.readFromStream(s) at 159
08-26 17:32:16.975   657   677 I ActivityTaskManager: Displayed dev.quickapp.kit.android/.MainActivity for user 0: +1s264ms
08-26 17:32:16.980   492   492 W skia    : AGTM parsing failed flags.readFromStream(s) at 159
08-26 17:32:16.980   492   492 W skia    : AGTM parsing failed flags.readFromStream(s) at 159
08-26 17:32:16.980   492   492 W skia    : AGTM parsing failed flags.readFromStream(s) at 159
08-26 17:32:16.980   492   492 W skia    : AGTM parsing failed flags.readFromStream(s) at 159
08-26 17:32:16.980   492   492 W skia    : AGTM parsing failed flags.readFromStream(s) at 159
08-26 17:32:16.980   492   492 W skia    : AGTM parsing failed flags.readFromStream(s) at 159
08-26 17:32:17.013   492   492 W skia    : AGTM parsing failed flags.readFromStream(s) at 159
08-26 17:32:17.013   492   492 W skia    : AGTM parsing failed flags.readFromStream(s) at 159
08-26 17:32:17.013   492   492 W skia    : AGTM parsing failed flags.readFromStream(s) at 159
08-26 17:32:17.013   492   492 W skia    : AGTM parsing failed flags.readFromStream(s) at 159
08-26 17:32:17.013   492   492 W skia    : AGTM parsing failed flags.readFromStream(s) at 159
08-26 17:32:17.013   492   492 W skia    : AGTM parsing failed flags.readFromStream(s) at 159
08-26 17:32:17.013   492   492 W skia    : AGTM parsing failed flags.readFromStream(s) at 159
08-26 17:32:17.024 23888 23888 D nativeloader: Load /data/app/~~UDXroQ3EEYYuvaKxl7g-bA==/dev.quickapp.kit.android-1Vsmv6tgHnXyrGgc2EEFrQ==/base.apk!/lib/arm64-v8a/libquickapp_android_runtime.so using class loader ns clns-9 (caller=/data/app/~~UDXroQ3EEYYuvaKxl7g-bA==/dev.quickapp.kit.android-1Vsmv6tgHnXyrGgc2EEFrQ==/base.apk!classes3.dex): ok
08-26 17:32:17.045 23888 23912 I QuickAppKit: android.stage=run.begin
08-26 17:32:17.045 23888 23912 I QuickAppKit: android.stage=factory.created
08-26 17:32:17.046   492   492 W skia    : AGTM parsing failed flags.readFromStream(s) at 159
08-26 17:32:17.064 23888 23912 I QuickAppKit: android.stage=rpk.read
08-26 17:32:17.064 23888 23912 I QuickAppKit: android.stage=rpk.loader.created
08-26 17:32:17.100   657   794 I ImeTracker: dev.quickapp.kit.android:59afda03: onRequestHide at ORIGIN_SERVER reason HIDE_UNSPECIFIED_WINDOW fromUser false userId 0 displayId 0
08-26 17:32:17.108 23888 23888 D InsetsController: hide(ime())
08-26 17:32:17.110   492   492 W skia    : AGTM parsing failed flags.readFromStream(s) at 159
08-26 17:32:17.110   492   492 W skia    : AGTM parsing failed flags.readFromStream(s) at 159
08-26 17:32:17.110   492   492 W skia    : AGTM parsing failed flags.readFromStream(s) at 159
08-26 17:32:17.110   492   492 W skia    : AGTM parsing failed flags.readFromStream(s) at 159
08-26 17:32:17.110   492   492 W skia    : AGTM parsing failed flags.readFromStream(s) at 159
08-26 17:32:17.110   492   492 W skia    : AGTM parsing failed flags.readFromStream(s) at 159
08-26 17:32:17.110 23888 23888 I ImeTracker: dev.quickapp.kit.android:59afda03: onCancelled at PHASE_CLIENT_ALREADY_HIDDEN
08-26 17:32:17.112  1099  1099 D BaseActivity: Launcher flags updated: [] -[state_started]
08-26 17:32:17.112  1099  1099 D BaseDepthController: setSurface:
08-26 17:32:17.112  1099  1099 D BaseDepthController: 	mWaitingOnSurfaceValidity: false
08-26 17:32:17.112  1099  1099 D BaseDepthController: 	mBaseSurface: null
08-26 17:32:17.112  1099  1099 D BaseDepthController: mSurface is null and mCurrentBlur is: 0
08-26 17:32:17.113  1099  1099 D LauncherStateManager: StateManager.goToState: fromState: Normal, toState: Normal, partial trace:
08-26 17:32:17.113  1099  1099 D LauncherStateManager: 	at com.android.launcher3.statemanager.StateManager.moveToRestState(go/retraceme 64ad04f494114c4e1bfc071cc6fb1f37a0439afc37d567b0460a01861ea99cae:26)
08-26 17:32:17.113  1099  1099 D LauncherStateManager: 	at com.android.launcher3.statemanager.StateManager.moveToRestState(go/retraceme 64ad04f494114c4e1bfc071cc6fb1f37a0439afc37d567b0460a01861ea99cae:35)
08-26 17:32:17.113  1099  1099 D LauncherStateManager: 	at com.android.launcher3.statemanager.StatefulActivity.onStop(go/retraceme 64ad04f494114c4e1bfc071cc6fb1f37a0439afc37d567b0460a01861ea99cae:31)
08-26 17:32:17.113  1099  1099 D LauncherStateManager: StateManager.onRepeatStateSetAborted: state: Normal
08-26 17:32:17.113  1099  1099 D KeyboardStateManager: hideKeyboard
08-26 17:32:17.113  1099  1099 D KeyboardStateManager: isImeShown: false
08-26 17:32:17.113  1099  1099 D StatsLog: LAUNCHER_ONSTOP
08-26 17:32:17.121   657  1933 D InputMethodManagerService: Attach new input but force hide
08-26 17:32:17.121   657  1933 I ImeTracker: dev.quickapp.kit.android:c957fc9e: onRequestHide at ORIGIN_SERVER reason HIDE_SOFT_INPUT fromUser false userId 0 displayId 0
08-26 17:32:17.121   657  1933 I ImeTracker: dev.quickapp.kit.android:c957fc9e: onCancelled at PHASE_SERVER_SHOULD_HIDE
08-26 17:32:17.121   657  1933 W InputChannel-JNI: Channel already disposed.
08-26 17:32:17.125  1099  1099 D StatsLog: LAUNCHER_GOOGLE_SEARCH_RESTORE_LIST_SIZE_AFTER_ACTIVITY_RESTART
08-26 17:32:17.125   657  1933 I ImeTracker: system_server:b0578c89: onRequestHide at ORIGIN_SERVER reason IME_REQUESTED_CHANGED_LISTENER fromUser false displayId 0
08-26 17:32:17.130   492   492 W skia    : AGTM parsing failed flags.readFromStream(s) at 159
08-26 17:32:17.130   492   492 W skia    : AGTM parsing failed flags.readFromStream(s) at 159
08-26 17:32:17.130   492   492 W skia    : AGTM parsing failed flags.readFromStream(s) at 159
08-26 17:32:17.130   492   492 W skia    : AGTM parsing failed flags.readFromStream(s) at 159
08-26 17:32:17.130   492   492 W skia    : AGTM parsing failed flags.readFromStream(s) at 159
08-26 17:32:17.130   492   492 W skia    : AGTM parsing failed flags.readFromStream(s) at 159
08-26 17:32:17.130   492   492 W skia    : AGTM parsing failed flags.readFromStream(s) at 159
08-26 17:32:17.140   657   680 I ImeTracker: system_server:b0578c89: onCancelled at PHASE_SERVER_SHOULD_HIDE
08-26 17:32:17.143  5412  5412 I GoogleInputMethodService: GoogleInputMethodService.onFinishInput():2269 
08-26 17:32:17.152  5412  5412 I Module  : DeviceLockedStatusModuleProvider$Module.updateDeviceLockedStatusInternal():127 repeatCheckTimes = 0, locked = false
08-26 17:32:17.153  5412  5412 I GoogleInputMethodService: GoogleInputMethodService.onStartInput():1454 onStartInput(EditorInfo{EditorInfo{packageName=dev.quickapp.kit.android, inputType=0, inputTypeString=NULL, enableLearning=false, autoCorrection=false, autoComplete=false, imeOptions=0, privateImeOptions=null, actionName=UNSPECIFIED, actionLabel=null, initialSelStart=-1, initialSelEnd=-1, initialCapsMode=0, label=null, fieldId=0, fieldName=null, extras=null, hintText=null, hintLocales=[]}}, false)
08-26 17:32:17.154  5412  5412 I AndroidIME: LatinIMEBase.updateInputViewCoverNavigation():321 Update input view padding, isNavbarOverInputWindow=true, bottom inset=144
08-26 17:32:17.154  5412  5412 I Module  : DeviceLockedStatusModuleProvider$Module.updateDeviceLockedStatusInternal():127 repeatCheckTimes = 1, locked = false
08-26 17:32:17.156   657  1933 W PackageConfigPersister: App-specific configuration not found for packageName: dev.quickapp.kit.android and userId: 0
08-26 17:32:17.164   492   492 W skia    : AGTM parsing failed flags.readFromStream(s) at 159
08-26 17:32:17.164   492   492 W skia    : AGTM parsing failed flags.readFromStream(s) at 159
08-26 17:32:17.164   492   492 W skia    : AGTM parsing failed flags.readFromStream(s) at 159
08-26 17:32:17.164   492   492 W skia    : AGTM parsing failed flags.readFromStream(s) at 159
08-26 17:32:17.164   492   492 W skia    : AGTM parsing failed flags.readFromStream(s) at 159
08-26 17:32:17.164   492   492 W skia    : AGTM parsing failed flags.readFromStream(s) at 159
08-26 17:32:17.166   492   534 W skia    : AGTM parsing failed flags.readFromStream(s) at 159
08-26 17:32:17.166   492   534 W skia    : AGTM parsing failed flags.readFromStream(s) at 159
08-26 17:32:17.192  1099  1121 W System  : A resource failed to call release. 
08-26 17:32:17.192  1099  1121 W System  : A resource failed to call release. 
08-26 17:32:17.192  1099  1121 W System  : A resource failed to call release. 
08-26 17:32:17.204 23888 23912 I QuickAppKit: android.stage=rpk.verified
08-26 17:32:17.212   492   492 W skia    : AGTM parsing failed flags.readFromStream(s) at 159
08-26 17:32:17.212   492   492 W skia    : AGTM parsing failed flags.readFromStream(s) at 159
08-26 17:32:17.212   492   492 W skia    : AGTM parsing failed flags.readFromStream(s) at 159
08-26 17:32:17.212   492   492 W skia    : AGTM parsing failed flags.readFromStream(s) at 159
08-26 17:32:17.212   492   492 W skia    : AGTM parsing failed flags.readFromStream(s) at 159
08-26 17:32:17.212   492   492 W skia    : AGTM parsing failed flags.readFromStream(s) at 159
08-26 17:32:17.229 23888 23912 I QuickAppKit: android.stage=js.started
08-26 17:32:17.229 23888 23912 I QuickAppKit: android.stage=coordinator.created
08-26 17:32:17.229 23888 23912 I QuickAppKit: android.stage=surface_controller.created
08-26 17:32:17.229 23888 23912 I QuickAppKit: android.stage=feature.registry.created
08-26 17:32:17.245 23888 23915 I QuickAppKit: android.stage=js.module.loaded
08-26 17:32:17.245 23888 23915 I QuickAppKit: android.js.module id=@quickapp-kit/app kind=app status=loaded error=
08-26 17:32:17.245 23888 23915 I QuickAppKit: android.stage=js.setup.finished
08-26 17:32:17.247 23888 23912 I QuickAppKit: android.stage=js.setup
08-26 17:32:17.247 23888 23912 I QuickAppKit: android.stage=root.enqueued
08-26 17:32:17.247 23888 23912 I QuickAppKit: android.stage=core.loop.before
08-26 17:32:17.247 23888 23912 I QuickAppKit: android.stage=core.loop.mailbox.drained
08-26 17:32:17.249 23888 23912 I QuickAppKit: android.native.create surface=srf:1
08-26 17:32:17.249 23888 23912 I QuickAppKit: android.platform.create request=req:41 surface=srf:1
08-26 17:32:17.249 23888 23912 I QuickAppKit: android.stage=core.loop.controller.work
08-26 17:32:17.249 23888 23912 I QuickAppKit: android.core.controller.drained count=1
08-26 17:32:17.249 23888 23912 I QuickAppKit: android.stage=core.loop.controller.drained
08-26 17:32:17.249 23888 23888 I QuickAppKit: android.platform.create.ui surface=srf:1
08-26 17:32:17.249 23888 23888 I QuickAppKit: android.platform.create.ui.result=true
08-26 17:32:17.250 23888 23888 I QuickAppKit: android.stage=surface.result.received
08-26 17:32:17.253 23888 23888 I QuickAppKit: android.platform.create.completed surface=srf:1
08-26 17:32:17.253 23888 23912 I QuickAppKit: android.stage=surface.result.core
08-26 17:32:17.253 23888 23912 I QuickAppKit: android.stage=page.command.received
08-26 17:32:17.253 23888 23912 I QuickAppKit: android.stage=core.loop.controller.work
08-26 17:32:17.253 23888 23912 I QuickAppKit: android.core.controller.drained count=1
08-26 17:32:17.253 23888 23915 I QuickAppKit: android.stage=page.command.js
08-26 17:32:17.263 23888 23915 I QuickAppKit: android.stage=js.module.loaded
08-26 17:32:17.263 23888 23915 I QuickAppKit: android.js.module id=@quickapp-kit/page/pages/Home kind=page status=loaded error=
08-26 17:32:17.263 23888 23915 I QuickAppKit: android.stage=page.start.completed
08-26 17:32:17.266   492   492 W skia    : AGTM parsing failed flags.readFromStream(s) at 159
08-26 17:32:17.269   492   492 W skia    : AGTM parsing failed flags.readFromStream(s) at 159
08-26 17:32:17.269   492   492 W skia    : AGTM parsing failed flags.readFromStream(s) at 159
08-26 17:32:17.269   492   492 W skia    : AGTM parsing failed flags.readFromStream(s) at 159
08-26 17:32:17.269   492   492 W skia    : AGTM parsing failed flags.readFromStream(s) at 159
08-26 17:32:17.269   492   492 W skia    : AGTM parsing failed flags.readFromStream(s) at 159
08-26 17:32:17.269   492   492 W skia    : AGTM parsing failed flags.readFromStream(s) at 159
08-26 17:32:17.296 23888 23912 I QuickAppKit: android.stage=initial.command.received
08-26 17:32:17.296 23888 23912 I QuickAppKit: android.stage=initial.command.coordinator
08-26 17:32:17.296 23888 23912 I QuickAppKit: android.stage=core.loop.controller.work
08-26 17:32:17.296 23888 23912 I QuickAppKit: android.core.controller.drained count=1
08-26 17:32:17.296 23888 23915 I QuickAppKit: android.stage=initial.command.js
08-26 17:32:17.302 23888 23915 I QuickAppKit: android.stage=page.vm.ready
08-26 17:32:17.302 23888 23915 I QuickAppKit: android.event.handler_bind surface=srf:1 handler=hdl:1 method=onRefresh bound=1 method_ok=1 vm_ok=1
08-26 17:32:17.302 23888 23915 I QuickAppKit: android.event.handler_bind surface=srf:1 handler=hdl:2 method=onProduct bound=1 method_ok=1 vm_ok=1
08-26 17:32:17.302 23888 23915 I QuickAppKit: android.event.handler_bind surface=srf:1 handler=hdl:3 method=onTabChange bound=1 method_ok=1 vm_ok=1
08-26 17:32:17.302 23888 23912 I QuickAppKit: android.stage=core.ingress.instantiate
08-26 17:32:17.303 23888 23915 I QuickAppKit: android.event.block_handler_bind surface=srf:1 handler=hdl:srf:1-1-blk:srf:1-2-if method=onRefresh bound=1
08-26 17:32:17.303 23888 23915 I QuickAppKit: android.event.block_handler_bind surface=srf:1 handler=hdl:srf:1-2-blk:srf:1-6-lampA method=onProduct bound=1
08-26 17:32:17.303 23888 23915 I QuickAppKit: android.event.block_handler_bind surface=srf:1 handler=hdl:srf:1-2-blk:srf:1-6-bagB method=onProduct bound=1
08-26 17:32:17.303 23888 23915 I QuickAppKit: android.event.block_handler_bind surface=srf:1 handler=hdl:srf:1-2-blk:srf:1-6-cupC method=onProduct bound=1
08-26 17:32:17.303 23888 23915 I QuickAppKit: android.event.block_handler_bind surface=srf:1 handler=hdl:srf:1-2-blk:srf:1-6-lampD method=onProduct bound=1
08-26 17:32:17.303 23888 23915 I QuickAppKit: android.event.block_handler_bind surface=srf:1 handler=hdl:srf:1-2-blk:srf:1-6-bagE method=onProduct bound=1
08-26 17:32:17.303 23888 23915 I QuickAppKit: android.event.block_handler_bind surface=srf:1 handler=hdl:srf:1-2-blk:srf:1-6-cupF method=onProduct bound=1
08-26 17:32:17.303 23888 23915 I QuickAppKit: android.event.block_handler_bind surface=srf:1 handler=hdl:srf:1-2-blk:srf:1-6-lampG method=onProduct bound=1
08-26 17:32:17.303 23888 23915 I QuickAppKit: android.event.block_handler_bind surface=srf:1 handler=hdl:srf:1-2-blk:srf:1-6-bagH method=onProduct bound=1
08-26 17:32:17.303 23888 23915 I QuickAppKit: android.event.block_handler_bind surface=srf:1 handler=hdl:srf:1-2-blk:srf:1-6-cupI method=onProduct bound=1
08-26 17:32:17.303 23888 23915 I QuickAppKit: android.event.block_handler_bind surface=srf:1 handler=hdl:srf:1-2-blk:srf:1-6-lampJ method=onProduct bound=1
08-26 17:32:17.303 23888 23915 I QuickAppKit: android.event.block_handler_bind surface=srf:1 handler=hdl:srf:1-2-blk:srf:1-6-bagK method=onProduct bound=1
08-26 17:32:17.303 23888 23915 I QuickAppKit: android.event.block_handler_bind surface=srf:1 handler=hdl:srf:1-2-blk:srf:1-6-cupL method=onProduct bound=1
08-26 17:32:17.303 23888 23915 I QuickAppKit: android.event.block_handler_bind surface=srf:1 handler=hdl:srf:1-2-blk:srf:1-6-lampM method=onProduct bound=1
08-26 17:32:17.303 23888 23915 I QuickAppKit: android.event.block_handler_bind surface=srf:1 handler=hdl:srf:1-2-blk:srf:1-6-bagN method=onProduct bound=1
08-26 17:32:17.303 23888 23915 I QuickAppKit: android.event.block_handler_bind surface=srf:1 handler=hdl:srf:1-2-blk:srf:1-6-cupO method=onProduct bound=1
08-26 17:32:17.303 23888 23915 I QuickAppKit: android.event.block_handler_bind surface=srf:1 handler=hdl:srf:1-2-blk:srf:1-6-lampP method=onProduct bound=1
08-26 17:32:17.303 23888 23915 I QuickAppKit: android.event.block_handler_bind surface=srf:1 handler=hdl:srf:1-2-blk:srf:1-6-bagQ method=onProduct bound=1
08-26 17:32:17.303 23888 23915 I QuickAppKit: android.event.block_handler_bind surface=srf:1 handler=hdl:srf:1-2-blk:srf:1-6-cupR method=onProduct bound=1
08-26 17:32:17.303 23888 23915 I QuickAppKit: android.event.block_handler_bind surface=srf:1 handler=hdl:srf:1-2-blk:srf:1-6-lampS method=onProduct bound=1
08-26 17:32:17.303 23888 23915 I QuickAppKit: android.event.block_handler_bind surface=srf:1 handler=hdl:srf:1-2-blk:srf:1-6-bagT method=onProduct bound=1
08-26 17:32:17.347 23888 23912 I QuickAppKit: android.native.mount surface=srf:1 operations=837
08-26 17:32:17.352 23888 23912 I QuickAppKit: android.platform.mount surface=srf:1 operations=837
08-26 17:32:17.352 23888 23912 I QuickAppKit: android.stage=core.ingress.instantiate.accepted
08-26 17:32:17.352 23888 23912 I QuickAppKit: android.event.handlers count=22 hdl1node=
08-26 17:32:17.353 23888 23888 I QuickAppKit: android.platform.mount.ui surface=srf:1
08-26 17:32:17.355   492   492 W skia    : AGTM parsing failed flags.readFromStream(s) at 159
08-26 17:32:17.370 23888 23888 D CompatChangeReporter: Compat change id reported: 376561342; UID 10231; state: ENABLED
08-26 17:32:17.388   492   492 W skia    : AGTM parsing failed flags.readFromStream(s) at 159
08-26 17:32:17.388   492   492 W skia    : AGTM parsing failed flags.readFromStream(s) at 159
08-26 17:32:17.388   492   492 W skia    : AGTM parsing failed flags.readFromStream(s) at 159
08-26 17:32:17.388   492   492 W skia    : AGTM parsing failed flags.readFromStream(s) at 159
08-26 17:32:17.388   492   492 W skia    : AGTM parsing failed flags.readFromStream(s) at 159
08-26 17:32:17.388   492   492 W skia    : AGTM parsing failed flags.readFromStream(s) at 159
08-26 17:32:17.388   492   492 W skia    : AGTM parsing failed flags.readFromStream(s) at 159
08-26 17:32:17.485   492   492 W skia    : AGTM parsing failed flags.readFromStream(s) at 159
08-26 17:32:17.485   492   492 W skia    : AGTM parsing failed flags.readFromStream(s) at 159
08-26 17:32:17.485   492   492 W skia    : AGTM parsing failed flags.readFromStream(s) at 159
08-26 17:32:17.485   492   492 W skia    : AGTM parsing failed flags.readFromStream(s) at 159
08-26 17:32:17.485   492   492 W skia    : AGTM parsing failed flags.readFromStream(s) at 159
08-26 17:32:17.485   492   492 W skia    : AGTM parsing failed flags.readFromStream(s) at 159
08-26 17:32:17.485   492   492 W skia    : AGTM parsing failed flags.readFromStream(s) at 159
08-26 17:32:17.487   492   534 W skia    : AGTM parsing failed flags.readFromStream(s) at 159
08-26 17:32:17.487   492   534 W skia    : AGTM parsing failed flags.readFromStream(s) at 159
08-26 17:32:17.544   559   641 W libbinder.IPCThreadState: Sending oneway calls to frozen process.
08-26 17:32:17.544   559   641 W libbinder.IPCThreadState: Sending oneway calls to frozen process.
08-26 17:32:17.563   492   492 W skia    : AGTM parsing failed flags.readFromStream(s) at 159
08-26 17:32:17.563   492   492 W skia    : AGTM parsing failed flags.readFromStream(s) at 159
08-26 17:32:17.563   492   492 W skia    : AGTM parsing failed flags.readFromStream(s) at 159
08-26 17:32:17.563   492   492 W skia    : AGTM parsing failed flags.readFromStream(s) at 159
08-26 17:32:17.563   492   492 W skia    : AGTM parsing failed flags.readFromStream(s) at 159
08-26 17:32:17.563   492   492 W skia    : AGTM parsing failed flags.readFromStream(s) at 159
08-26 17:32:17.563   492   492 W skia    : AGTM parsing failed flags.readFromStream(s) at 159
08-26 17:32:17.588   492   534 W skia    : AGTM parsing failed flags.readFromStream(s) at 159
08-26 17:32:17.588   492   534 W skia    : AGTM parsing failed flags.readFromStream(s) at 159
08-26 17:32:17.596   492   492 W skia    : AGTM parsing failed flags.readFromStream(s) at 159
08-26 17:32:17.596   492   492 W skia    : AGTM parsing failed flags.readFromStream(s) at 159
08-26 17:32:17.596   492   492 W skia    : AGTM parsing failed flags.readFromStream(s) at 159
08-26 17:32:17.596   492   492 W skia    : AGTM parsing failed flags.readFromStream(s) at 159
08-26 17:32:17.596   492   492 W skia    : AGTM parsing failed flags.readFromStream(s) at 159
08-26 17:32:17.596   492   492 W skia    : AGTM parsing failed flags.readFromStream(s) at 159
08-26 17:32:17.634   492   492 W skia    : AGTM parsing failed flags.readFromStream(s) at 159
08-26 17:32:17.634   492   492 W skia    : AGTM parsing failed flags.readFromStream(s) at 159
08-26 17:32:17.634   492   492 W skia    : AGTM parsing failed flags.readFromStream(s) at 159
08-26 17:32:17.634   492   492 W skia    : AGTM parsing failed flags.readFromStream(s) at 159
08-26 17:32:17.634   492   492 W skia    : AGTM parsing failed flags.readFromStream(s) at 159
08-26 17:32:17.634   492   492 W skia    : AGTM parsing failed flags.readFromStream(s) at 159
08-26 17:32:17.666 23888 23888 I QuickAppKit: android.platform.mount.result surface=srf:1 ok=true
08-26 17:32:17.667 23888 23888 I QuickAppKit: android.mount.result.received surface=srf:1 revision=0 attempt=mnt:1 source=req:j-1 mounted=1
08-26 17:32:17.671 23888 23912 I QuickAppKit: android.stage=core.initial.prepared
08-26 17:32:17.671 23888 23912 I QuickAppKit: android.initial.result surface=srf:1 prepared=1 error=
08-26 17:32:17.671 23888 23912 I QuickAppKit: android.initial.controller.enqueue=1
08-26 17:32:17.671 23888 23912 I QuickAppKit: android.mount.result.accepted=1
08-26 17:32:17.671 23888 23912 I QuickAppKit: android.native.surface.present.enter request=req:111 surface=srf:1
08-26 17:32:17.671 23888 23912 I QuickAppKit: android.native.present request=req:111 surface=srf:1 push=0
08-26 17:32:17.671 23888 23912 I QuickAppKit: android.platform.present request=req:111 surface=srf:1
08-26 17:32:17.671 23888 23912 I QuickAppKit: android.native.surface.present.exit posted=1
08-26 17:32:17.671 23888 23912 I QuickAppKit: android.stage=core.loop.controller.work
08-26 17:32:17.671 23888 23912 I QuickAppKit: android.core.controller.drained count=1
08-26 17:32:17.688 23888 23888 I HWUI    : Using FreeType backend (prop=Auto)
08-26 17:32:17.692   492   492 W skia    : AGTM parsing failed flags.readFromStream(s) at 159
08-26 17:32:17.692   492   492 W skia    : AGTM parsing failed flags.readFromStream(s) at 159
08-26 17:32:17.692   492   492 W skia    : AGTM parsing failed flags.readFromStream(s) at 159
08-26 17:32:17.692   492   492 W skia    : AGTM parsing failed flags.readFromStream(s) at 159
08-26 17:32:17.692   492   492 W skia    : AGTM parsing failed flags.readFromStream(s) at 159
08-26 17:32:17.692   492   492 W skia    : AGTM parsing failed flags.readFromStream(s) at 159
08-26 17:32:17.719 23888 23888 I QuickAppKit: android.platform.present.ui surface=srf:1
08-26 17:32:17.722   492   492 W skia    : AGTM parsing failed flags.readFromStream(s) at 159
08-26 17:32:17.722   492   492 W skia    : AGTM parsing failed flags.readFromStream(s) at 159
08-26 17:32:17.722   492   492 W skia    : AGTM parsing failed flags.readFromStream(s) at 159
08-26 17:32:17.722   492   492 W skia    : AGTM parsing failed flags.readFromStream(s) at 159
08-26 17:32:17.722   492   492 W skia    : AGTM parsing failed flags.readFromStream(s) at 159
08-26 17:32:17.722   492   492 W skia    : AGTM parsing failed flags.readFromStream(s) at 159
08-26 17:32:17.728 23888 23888 I QuickAppKit: android.stage=surface.result.received
08-26 17:32:17.732 23888 23912 I QuickAppKit: android.stage=surface.result.core
08-26 17:32:17.732 23888 23912 I QuickAppKit: android.stage=page.command.received
08-26 17:32:17.732 23888 23912 I QuickAppKit: android.stage=core.loop.controller.work
08-26 17:32:17.732 23888 23912 I QuickAppKit: android.core.controller.drained count=1
08-26 17:32:17.759   492   492 W skia    : AGTM parsing failed flags.readFromStream(s) at 159
08-26 17:32:17.759   492   492 W skia    : AGTM parsing failed flags.readFromStream(s) at 159
08-26 17:32:17.759   492   492 W skia    : AGTM parsing failed flags.readFromStream(s) at 159
08-26 17:32:17.759   492   492 W skia    : AGTM parsing failed flags.readFromStream(s) at 159
08-26 17:32:17.759   492   492 W skia    : AGTM parsing failed flags.readFromStream(s) at 159
08-26 17:32:17.759   517   517 I adbd    : adbd service requested 'shell,v2,TERM=dumb,raw:input tap 954 1062'
08-26 17:32:17.785 23888 23915 I QuickAppKit: android.stage=page.command.js
08-26 17:32:17.787 23888 23912 I QuickAppKit: android.stage=surface.operation.completed
08-26 17:32:17.787 23888 23912 I QuickAppKit: android.surface.operation kind=0 request=req:android-root target=srf:1 error=
08-26 17:32:17.787 23888 23912 I QuickAppKit: android.stage=core.loop.controller.work
08-26 17:32:17.787 23888 23912 I QuickAppKit: android.core.controller.drained count=1
08-26 17:32:17.827   492   492 W skia    : AGTM parsing failed flags.readFromStream(s) at 159
08-26 17:32:17.827   492   492 W skia    : AGTM parsing failed flags.readFromStream(s) at 159
08-26 17:32:17.827   492   492 W skia    : AGTM parsing failed flags.readFromStream(s) at 159
08-26 17:32:17.827   492   492 W skia    : AGTM parsing failed flags.readFromStream(s) at 159
08-26 17:32:17.827   492   492 W skia    : AGTM parsing failed flags.readFromStream(s) at 159
08-26 17:32:17.827   492   492 W skia    : AGTM parsing failed flags.readFromStream(s) at 159
08-26 17:32:17.829   492   534 W skia    : AGTM parsing failed flags.readFromStream(s) at 159
08-26 17:32:17.917   657   794 W InputChannel-JNI: Channel already disposed.
08-26 17:32:17.918 23888 23888 I QuickAppKit: android.input.click surface=srf:1 node=node:23
08-26 17:32:17.918 23888 23888 I QuickAppKit: android.event.click.received surface=srf:1 node=node:23
08-26 17:32:17.919 23888 23912 I QuickAppKit: android.event.js_callback posted=1 error=
08-26 17:32:17.920  5412  5412 I GoogleInputMethodService: GoogleInputMethodService.onFinishInput():2269 
08-26 17:32:17.920  5412  5412 I Module  : DeviceLockedStatusModuleProvider$Module.updateDeviceLockedStatusInternal():127 repeatCheckTimes = 0, locked = false
08-26 17:32:17.921 23888 23915 I QuickAppKit: android.event.handler_execute surface=srf:1 handler=hdl:srf:1-2-blk:srf:1-6-lampA dispatched=1
08-26 17:32:17.921  5412  5412 I GoogleInputMethodService: GoogleInputMethodService.onStartInput():1454 onStartInput(EditorInfo{EditorInfo{packageName=dev.quickapp.kit.android, inputType=0, inputTypeString=NULL, enableLearning=false, autoCorrection=false, autoComplete=false, imeOptions=0, privateImeOptions=null, actionName=UNSPECIFIED, actionLabel=null, initialSelStart=-1, initialSelEnd=-1, initialCapsMode=0, label=null, fieldId=0, fieldName=null, extras=null, hintText=null, hintLocales=[]}}, false)
08-26 17:32:17.923 23888 23912 I QuickAppKit: android.event.click.dispatched=1
08-26 17:32:17.931 23888 23912 I QuickAppKit: android.navigation.push request=req:j-100001 source=srf:1 uri=/pages/ProductDetail accepted=1
08-26 17:32:17.932   492   492 W skia    : AGTM parsing failed flags.readFromStream(s) at 159
08-26 17:32:17.932   657   941 W AS.PlaybackActivityMon: No piid assigned for invalid/internal port id 16
08-26 17:32:17.932 23888 23912 I QuickAppKit: android.native.create surface=srf:2
08-26 17:32:17.933  5412  5412 I AndroidIME: LatinIMEBase.updateInputViewCoverNavigation():321 Update input view padding, isNavbarOverInputWindow=true, bottom inset=144
08-26 17:32:17.933  5412  5412 I Module  : DeviceLockedStatusModuleProvider$Module.updateDeviceLockedStatusInternal():127 repeatCheckTimes = 1, locked = false
08-26 17:32:17.933 23888 23912 I QuickAppKit: android.platform.create request=req:117 surface=srf:2
08-26 17:32:17.933 23888 23912 I QuickAppKit: android.stage=core.loop.controller.work
08-26 17:32:17.933 23888 23912 I QuickAppKit: android.core.controller.drained count=1
08-26 17:32:17.934   657  1933 W PackageConfigPersister: App-specific configuration not found for packageName: dev.quickapp.kit.android and userId: 0
08-26 17:32:17.934   657   923 W AS.PlaybackActivityMon: No piid assigned for invalid/internal port id 16
08-26 17:32:17.952   492   534 W skia    : AGTM parsing failed flags.readFromStream(s) at 159
08-26 17:32:17.963   488   516 D AudioFlinger: mixer(0xb40078b88a03b790) throttle end: throttle time(38)
08-26 17:32:17.968 23888 23888 I QuickAppKit: android.platform.create.ui surface=srf:2
08-26 17:32:17.968 23888 23888 I QuickAppKit: android.platform.create.ui.result=true
08-26 17:32:17.968 23888 23888 I QuickAppKit: android.stage=surface.result.received
08-26 17:32:17.968 23888 23888 I QuickAppKit: android.platform.create.completed surface=srf:2
08-26 17:32:17.968 23888 23912 I QuickAppKit: android.stage=surface.result.core
08-26 17:32:17.968 23888 23912 I QuickAppKit: android.stage=page.command.received
08-26 17:32:17.968 23888 23912 I QuickAppKit: android.stage=core.loop.controller.work
08-26 17:32:17.968 23888 23912 I QuickAppKit: android.core.controller.drained count=1
08-26 17:32:17.968 23888 23915 I QuickAppKit: android.stage=page.command.js
08-26 17:32:17.974 23888 23915 I QuickAppKit: android.stage=js.module.loaded
08-26 17:32:17.988 23888 23915 I QuickAppKit: android.js.module id=@quickapp-kit/page/pages/ProductDetail kind=page status=loaded error=
08-26 17:32:17.988 23888 23915 I QuickAppKit: android.stage=page.start.completed
08-26 17:32:17.989   492   492 W skia    : AGTM parsing failed flags.readFromStream(s) at 159
08-26 17:32:17.990 23888 23912 I QuickAppKit: android.stage=initial.command.received
08-26 17:32:17.990 23888 23912 I QuickAppKit: android.stage=initial.command.coordinator
08-26 17:32:17.990 23888 23912 I QuickAppKit: android.stage=core.loop.controller.work
08-26 17:32:17.990 23888 23912 I QuickAppKit: android.core.controller.drained count=1
08-26 17:32:17.990 23888 23915 I QuickAppKit: android.stage=initial.command.js
08-26 17:32:17.992 23888 23915 I QuickAppKit: android.stage=page.vm.ready
08-26 17:32:17.992 23888 23915 I QuickAppKit: android.event.handler_bind surface=srf:2 handler=hdl:1 method=onAdd bound=1 method_ok=1 vm_ok=1
08-26 17:32:17.992 23888 23915 I QuickAppKit: android.event.handler_bind surface=srf:2 handler=hdl:2 method=onBack bound=1 method_ok=1 vm_ok=1
08-26 17:32:17.993 23888 23912 I QuickAppKit: android.stage=core.ingress.instantiate
08-26 17:32:17.995 23888 23912 I QuickAppKit: android.native.mount surface=srf:2 operations=47
08-26 17:32:17.995 23888 23912 I QuickAppKit: android.platform.mount surface=srf:2 operations=47
08-26 17:32:17.995 23888 23912 I QuickAppKit: android.stage=core.ingress.instantiate.accepted
08-26 17:32:17.995 23888 23912 I QuickAppKit: android.event.handlers count=24 hdl1node=node:7
08-26 17:32:18.011   492   492 W skia    : AGTM parsing failed flags.readFromStream(s) at 159
08-26 17:32:18.014 23888 23888 I QuickAppKit: android.platform.mount.ui surface=srf:2
08-26 17:32:18.041   438 23923 E android.hardware.audio@7.1-impl.ranchu: consumeThread: tinyalsa revents=0x000C
08-26 17:32:18.051   492   492 W skia    : AGTM parsing failed flags.readFromStream(s) at 159
08-26 17:32:18.055 23888 23888 I QuickAppKit: android.platform.mount.result surface=srf:2 ok=true
08-26 17:32:18.055 23888 23888 I QuickAppKit: android.mount.result.received surface=srf:2 revision=0 attempt=mnt:2 source=req:j-2 mounted=1
08-26 17:32:18.059 23888 23912 I QuickAppKit: android.stage=core.initial.prepared
08-26 17:32:18.059 23888 23912 I QuickAppKit: android.initial.result surface=srf:2 prepared=1 error=
08-26 17:32:18.059 23888 23912 I QuickAppKit: android.initial.controller.enqueue=1
08-26 17:32:18.059 23888 23912 I QuickAppKit: android.mount.result.accepted=1
08-26 17:32:18.059 23888 23912 I QuickAppKit: android.native.surface.present.enter request=req:124 surface=srf:2
08-26 17:32:18.059 23888 23912 I QuickAppKit: android.native.present request=req:124 surface=srf:2 push=1
08-26 17:32:18.059 23888 23912 I QuickAppKit: android.platform.present request=req:124 surface=srf:2
08-26 17:32:18.059 23888 23912 I QuickAppKit: android.native.surface.present.exit posted=1
08-26 17:32:18.059 23888 23912 I QuickAppKit: android.stage=core.loop.controller.work
08-26 17:32:18.059 23888 23912 I QuickAppKit: android.core.controller.drained count=1
08-26 17:32:18.094   438 23923 E android.hardware.audio@7.1-impl.ranchu: consumeThread: tinyalsa revents=0x000C
08-26 17:32:18.096   492   492 W skia    : AGTM parsing failed flags.readFromStream(s) at 159
08-26 17:32:18.128   488   505 I APM_AudioPolicyManager: getNewOutputDevices io 13 recent device override {AUDIO_DEVICE_OUT_SPEAKER, @:}
08-26 17:32:18.136   492   492 W skia    : AGTM parsing failed flags.readFromStream(s) at 159
08-26 17:32:18.136   492   492 W skia    : AGTM parsing failed flags.readFromStream(s) at 159
08-26 17:32:18.148 23888 23888 I QuickAppKit: android.platform.present.ui surface=srf:2
08-26 17:32:18.159   492   534 W skia    : AGTM parsing failed flags.readFromStream(s) at 159
08-26 17:32:18.166   492   492 W skia    : AGTM parsing failed flags.readFromStream(s) at 159
08-26 17:32:18.170 23888 23888 I QuickAppKit: android.stage=surface.result.received
08-26 17:32:18.175 23888 23912 I QuickAppKit: android.stage=surface.result.core
08-26 17:32:18.175 23888 23912 I QuickAppKit: android.stage=page.command.received
08-26 17:32:18.175 23888 23912 I QuickAppKit: android.stage=core.loop.controller.work
08-26 17:32:18.175 23888 23912 I QuickAppKit: android.core.controller.drained count=1
08-26 17:32:18.175 23888 23915 I QuickAppKit: android.stage=page.command.js
08-26 17:32:18.176 23888 23912 I QuickAppKit: android.stage=page.command.received
08-26 17:32:18.176 23888 23912 I QuickAppKit: android.stage=core.loop.controller.work
08-26 17:32:18.176 23888 23912 I QuickAppKit: android.core.controller.drained count=1
08-26 17:32:18.176 23888 23915 I QuickAppKit: android.stage=page.command.js
08-26 17:32:18.178 23888 23912 I QuickAppKit: android.stage=surface.operation.completed
08-26 17:32:18.178 23888 23912 I QuickAppKit: android.surface.operation kind=1 request=req:j-100001 target=srf:2 error=
08-26 17:32:18.178 23888 23912 I QuickAppKit: android.stage=core.loop.controller.work
08-26 17:32:18.178 23888 23912 I QuickAppKit: android.core.controller.drained count=1
08-26 17:32:18.220   438 23923 E android.hardware.audio@7.1-impl.ranchu: consumeThread: tinyalsa revents=0x000C
08-26 17:32:18.235   492   492 W skia    : AGTM parsing failed flags.readFromStream(s) at 159
08-26 17:32:18.253   492   534 W skia    : AGTM parsing failed flags.readFromStream(s) at 159
08-26 17:32:18.263   492   492 W skia    : AGTM parsing failed flags.readFromStream(s) at 159
08-26 17:32:18.263   492   492 W skia    : AGTM parsing failed flags.readFromStream(s) at 159
08-26 17:32:18.328 23888 23892 I app.kit.android: Compiler allocated 5599KB to compile void android.view.ViewRootImpl.performTraversals(long)
08-26 17:32:18.354   492   534 W skia    : AGTM parsing failed flags.readFromStream(s) at 159
08-26 17:32:18.396   492   492 W skia    : AGTM parsing failed flags.readFromStream(s) at 159
08-26 17:32:18.429   492   492 W skia    : AGTM parsing failed flags.readFromStream(s) at 159
08-26 17:32:18.458   492   534 W skia    : AGTM parsing failed flags.readFromStream(s) at 159
08-26 17:32:18.463   492   492 W skia    : AGTM parsing failed flags.readFromStream(s) at 159
08-26 17:32:18.496   492   492 W skia    : AGTM parsing failed flags.readFromStream(s) at 159
08-26 17:32:18.529   492   492 W skia    : AGTM parsing failed flags.readFromStream(s) at 159
08-26 17:32:18.558   492   534 W skia    : AGTM parsing failed flags.readFromStream(s) at 159
08-26 17:32:18.563   492   492 W skia    : AGTM parsing failed flags.readFromStream(s) at 159
08-26 17:32:18.596   492   492 W skia    : AGTM parsing failed flags.readFromStream(s) at 159
08-26 17:32:18.659   492   534 W skia    : AGTM parsing failed flags.readFromStream(s) at 159
08-26 17:32:18.912   517   517 I adbd    : adbd service requested 'shell,v2,TERM=dumb,raw:uiautomator dump /sdcard/detail-a.xml'
08-26 17:32:19.000 23924 23924 D AndroidRuntime: >>>>>> START com.android.internal.os.RuntimeInit uid 2000 <<<<<<
08-26 17:32:19.003 23924 23924 I AndroidRuntime: Using default boot image
08-26 17:32:19.003 23924 23924 I AndroidRuntime: Leaving lock profiling enabled
08-26 17:32:19.005 23924 23924 I app_process: Core platform API enforcement reporting only by runtime option
08-26 17:32:19.005 23924 23924 I app_process: Using generational CollectorTypeCMC GC.
08-26 17:32:19.051 23924 23924 D nativeloader: InitDefaultPublicLibraries for_preload=1: libandroid.so:libaaudio.so:libamidi.so:libbinder_ndk.so:libc.so:libcamera2ndk.so:libdl.so:libEGL.so:libGLESv1_CM.so:libGLESv2.so:libGLESv3.so:libicu.so:libicui18n.so:libicuuc.so:libjnigraphics.so:liblog.so:libmediandk.so:libm.so:libnativehelper.so:libnativewindow.so:libOpenMAXAL.so:libOpenSLES.so:libRS.so:libstdc++.so:libsync.so:libvulkan.so:libwebviewchromium_plat_support.so:libz.so
08-26 17:32:19.057 23924 23924 D nativeloader: Load libicu_jni.so using APEX ns com_android_art for caller /apex/com.android.art/javalib/core-oj.jar: ok
08-26 17:32:19.057 23924 23924 D app_process: u_setTimeZoneFilesDirectory("/apex/com.android.tzdata/etc/tz/versioned/10/icu") succeeded. 
08-26 17:32:19.057 23924 23924 D app_process: I18n APEX ICU file found: /apex/com.android.i18n/etc/icu/icudt78l.dat
08-26 17:32:19.058 23924 23924 D nativeloader: Load libjavacore.so using APEX ns com_android_art for caller /apex/com.android.art/javalib/core-oj.jar: ok
08-26 17:32:19.058 23924 23924 D nativeloader: Load libopenjdk.so using APEX ns com_android_art for caller /apex/com.android.art/javalib/core-oj.jar: ok
08-26 17:32:19.059 23924 23924 I app_process: Priority-to-niceness mapping: 19, 16, 13, 10, 0, -2, -4, -5, -6, -8
08-26 17:32:19.060 23924 23924 W app_process: ClassLoaderContext shared library size mismatch. Expected=2, found=0 (PCL[]{PCL[/system/framework/android.test.base.jar*1579129895]#PCL[/system/framework/android.test.mock.jar*1147775851]} | PCL[])
08-26 17:32:19.060 23924 23924 W app_process: ClassLoaderContext classpath size mismatch. expected=0, found=1 (PCL[]{PCL[/system/framework/android.test.runner.jar*2652887513]{PCL[/system/framework/android.test.base.jar*1579129895]#PCL[/system/framework/android.test.mock.jar*1147775851]}#PCL[/system/framework/android.test.base.jar*1579129895]} | PCL[/system/framework/android.test.runner.jar*2652887513])
08-26 17:32:19.097 23924 23924 D nativeloader: Load libframework-connectivity-tiramisu-jni.so using APEX ns com_android_tethering for caller /apex/com.android.tethering/javalib/framework-connectivity-t.jar: ok
08-26 17:32:19.098 23924 23924 D AndroidRuntime: Calling main entry com.android.commands.uiautomator.Launcher
08-26 17:32:19.102 23924 23924 I AconfigPackage: android.media.swcodec.flags is mapped to com.android.media.swcodec
08-26 17:32:19.103 23924 23924 I AconfigPackage: com.android.permission.flags is mapped to com.android.permission
08-26 17:32:19.103 23924 23924 I AconfigPackage: com.android.permissioncontroller.flags is mapped to com.android.permission
08-26 17:32:19.103 23924 23924 I AconfigPackage: com.google.android.widevine.flags is mapped to com.google.android.widevine
08-26 17:32:19.105 23924 23924 I AconfigPackage: com.android.icu is mapped to com.android.i18n
08-26 17:32:19.106 23924 23924 I AconfigPackage: com.android.appsearch.flags is mapped to com.android.appsearch
08-26 17:32:19.106 23924 23924 I AconfigPackage: com.android.uprobestats.flags is mapped to com.android.uprobestats
08-26 17:32:19.106 23924 23924 I AconfigPackage: android.uprobestats.mainline.flags is mapped to com.android.uprobestats
08-26 17:32:19.106 23924 23924 I AconfigPackage: com.android.crashrecovery.flags is mapped to com.android.crashrecovery
08-26 17:32:19.106 23924 23924 I AconfigPackage: android.provider.flags is mapped to com.android.configinfrastructure
08-26 17:32:19.106 23924 23924 I AconfigPackage: com.android.server.deviceconfig is mapped to com.android.configinfrastructure
08-26 17:32:19.106 23924 23924 I AconfigPackage: com.android.art.flags is mapped to com.android.art
08-26 17:32:19.106 23924 23924 I AconfigPackage: com.android.art.rw.flags is mapped to com.android.art
08-26 17:32:19.106 23924 23924 I AconfigPackage: com.android.libcore is mapped to com.android.art
08-26 17:32:19.106 23924 23924 I AconfigPackage: android.telecom.flags is mapped to com.android.telephonycore
08-26 17:32:19.106 23924 23924 I AconfigPackage: com.android.internal.telecom.flags is mapped to com.android.telephonycore
08-26 17:32:19.106 23924 23924 I AconfigPackage: com.android.telephony.flags is mapped to com.android.telephonycore
08-26 17:32:19.106 23924 23924 I AconfigPackage: com.android.media.extractor.flags is mapped to com.android.media
08-26 17:32:19.106 23924 23924 I AconfigPackage: com.android.media.metrics.flags is mapped to com.android.media
08-26 17:32:19.106 23924 23924 I AconfigPackage: com.android.media.mainline.flags is mapped to com.android.media
08-26 17:32:19.107 23924 23924 I AconfigPackage: com.android.wifi.flags is mapped to com.android.wifi
08-26 17:32:19.107 23924 23924 I AconfigPackage: com.android.org.conscrypt.flags is mapped to com.android.conscrypt
08-26 17:32:19.107 23924 23924 I AconfigPackage: com.android.org.conscrypt.net.flags is mapped to com.android.conscrypt
08-26 17:32:19.107 23924 23924 I AconfigPackage: com.android.healthfitness.flags is mapped to com.android.healthfitness
08-26 17:32:19.107 23924 23924 I AconfigPackage: com.android.healthfitness.beta is mapped to com.android.healthfitness
08-26 17:32:19.107 23924 23924 I AconfigPackage: com.android.ipsec.flags is mapped to com.android.ipsec
08-26 17:32:19.107 23924 23924 I AconfigPackage: com.android.nfc.module.flags is mapped to com.android.nfcservices
08-26 17:32:19.107 23924 23924 I AconfigPackage: com.android.nfc.module.nonexported.flags is mapped to com.android.nfcservices
08-26 17:32:19.107 23924 23924 I AconfigPackage: com.android.adservices.ondevicepersonalization.flags is mapped to com.android.ondevicepersonalization
08-26 17:32:19.107 23924 23924 I AconfigPackage: com.android.scheduling.flags is mapped to com.android.scheduling
08-26 17:32:19.107 23924 23924 I AconfigPackage: com.android.adbd.flags is mapped to com.android.adbd
08-26 17:32:19.107 23924 23924 I AconfigPackage: com.android.bluetooth.beta.flags is mapped to com.android.bt
08-26 17:32:19.107 23924 23924 I AconfigPackage: com.android.bluetooth.flags is mapped to com.android.bt
08-26 17:32:19.107 23924 23924 I AconfigPackage: com.android.devicelock.flags is mapped to com.android.devicelock
08-26 17:32:19.108 23924 23924 I AconfigPackage: android.os.profiling is mapped to com.android.profiling
08-26 17:32:19.108 23924 23924 I AconfigPackage: android.os.profiling.anomaly.beta.flags is mapped to com.android.profiling
08-26 17:32:19.108 23924 23924 I AconfigPackage: android.os.profiling.anomaly.flags is mapped to com.android.profiling
08-26 17:32:19.108 23924 23924 I AconfigPackage: com.android.os.statsd.flags is mapped to com.android.os.statsd
08-26 17:32:19.108 23924 23924 I AconfigPackage: com.android.webapp.flags is mapped to com.android.webapp
08-26 17:32:19.108 23924 23924 I AconfigPackage: com.android.rkpd.flags is mapped to com.android.rkpd
08-26 17:32:19.108 23924 23924 I AconfigPackage: com.android.cellbroadcastreceiver.flags is mapped to com.android.cellbroadcast
08-26 17:32:19.108 23924 23924 I AconfigPackage: com.android.adservices.flags is mapped to com.android.adservices
08-26 17:32:19.108 23924 23924 I AconfigPackage: com.android.sdksandbox.flags is mapped to com.android.adservices
08-26 17:32:19.108 23924 23924 I AconfigPackage: android.app.sdksandbox.flags is mapped to com.android.adservices
08-26 17:32:19.108 23924 23924 I AconfigPackage: com.android.uwb.flags is mapped to com.android.uwb
08-26 17:32:19.108 23924 23924 I AconfigPackage: com.android.ranging.flags is mapped to com.android.uwb
08-26 17:32:19.108 23924 23924 I AconfigPackage: com.android.npumanager is mapped to com.android.npumanager
08-26 17:32:19.108 23924 23924 I AconfigPackage: com.android.signature.flags is mapped to com.android.mediaprovider
08-26 17:32:19.108 23924 23924 I AconfigPackage: com.android.providers.media.flags is mapped to com.android.mediaprovider
08-26 17:32:19.108 23924 23924 I AconfigPackage: android.graphics.pdf.flags is mapped to com.android.mediaprovider
08-26 17:32:19.108 23924 23924 I AconfigPackage: android.graphics.pdf.flags.readonly is mapped to com.android.mediaprovider
08-26 17:32:19.108 23924 23924 I AconfigPackage: com.android.tethering.mainline.beta is mapped to com.android.tethering
08-26 17:32:19.108 23924 23924 I AconfigPackage: android.net.http is mapped to com.android.tethering
08-26 17:32:19.108 23924 23924 I AconfigPackage: com.android.tethering.readonly.flags is mapped to com.android.tethering
08-26 17:32:19.108 23924 23924 I AconfigPackage: android.net.vcn is mapped to com.android.tethering
08-26 17:32:19.108 23924 23924 I AconfigPackage: com.android.net.flags is mapped to com.android.tethering
08-26 17:32:19.108 23924 23924 I AconfigPackage: com.android.tethering.flags is mapped to com.android.tethering
08-26 17:32:19.108 23924 23924 I AconfigPackage: com.android.tethering.beta.test is mapped to com.android.tethering
08-26 17:32:19.108 23924 23924 I AconfigPackage: com.android.nearby.flags is mapped to com.android.tethering
08-26 17:32:19.108 23924 23924 I AconfigPackage: com.android.net.thread.flags is mapped to com.android.tethering
08-26 17:32:19.108 23924 23924 I AconfigPackage: android.net.http.flags is mapped to com.android.tethering
08-26 17:32:19.108 23924 23924 I AconfigPackage: com.android.system.virtualmachine.flags is mapped to com.android.virt
08-26 17:32:19.108 23924 23924 E FeatureFlagsImplExport: android.os.flagging.AconfigStorageReadException: ERROR_PACKAGE_NOT_FOUND: package android.xr cannot be found on the device
08-26 17:32:19.110 23924 23924 D UiAutomationConnection: Created on user UserHandle{0}
08-26 17:32:19.110 23924 23924 I UiAutomation: Initialized for user 0 on display 0
08-26 17:32:19.110 23924 23924 W UiAutomation: Created with deprecatead constructor, assumes DEFAULT_DISPLAY
08-26 17:32:19.112   657  1933 D AccessibilityManagerService: changeCurrentUserForTestAutomationIfNeededLocked(0): ignoring because device doesn't support visible background users
08-26 17:32:19.112   657  1933 I UiAutomationManager: Registering UiTestAutomationService (id=com.android.server.accessibility/UiAutomation, flags=0x0) when called by user 0
08-26 17:32:19.112   657  1933 V AccessibilityManagerService: onUserStateChangedLocked for userId: 0, forceUpdate: false
08-26 17:32:19.113   657  1933 V AccessibilityUserState: updateShortcutTargets: type:accessibility_shortcut_target_service, current:{}, new:{}
08-26 17:32:19.113   657  1933 V AccessibilityUserState: updateShortcutTargets: type:accessibility_button_targets, current:{}, new:{}
08-26 17:32:19.113   657  1933 V AccessibilityUserState: updateShortcutTargets: type:accessibility_gesture_targets, current:{}, new:{}
08-26 17:32:19.113   657  1933 V AccessibilityUserState: updateShortcutTargets: type:accessibility_qs_targets, current:{}, new:{}
08-26 17:32:19.113   657  1933 V AccessibilityUserState: updateShortcutTargets: type:accessibility_key_gesture_targets, current:{}, new:{}
08-26 17:32:19.113   657  1933 V AccessibilityUserState: updateShortcutTargets: type:accessibility_top_row_key_targets, current:{}, new:{}
08-26 17:32:19.113   657  1933 V AccessibilityUserState: updateShortcutTargets: type:accessibility_quick_access_targets, current:{}, new:{}
08-26 17:32:19.113   657  1933 W MagnificationConnectionManager: requestConnection duplicated request: connect=false, mConnectionState=DISCONNECTED
08-26 17:32:19.113  1777  2586 I AiAiEcho: Settings changed for uri: content://settings/secure/accessibility_enabled
08-26 17:32:19.115  1777  1991 I AiAiEcho: Predicting[0]:  [CONTEXT sampling_count=5 ]
08-26 17:32:19.115   657   657 W libbinder.IPCThreadState: Sending oneway calls to frozen process.
08-26 17:32:19.115   657   657 W libbinder.IPCThreadState: Sending oneway calls to frozen process.
08-26 17:32:19.115   657   657 W libbinder.IPCThreadState: Sending oneway calls to frozen process.
08-26 17:32:19.115   657   657 W libbinder.IPCThreadState: Sending oneway calls to frozen process.
08-26 17:32:19.115   657   657 W libbinder.IPCThreadState: Sending oneway calls to frozen process.
08-26 17:32:19.115   657   657 W libbinder.IPCThreadState: Sending oneway calls to frozen process.
08-26 17:32:19.116  1777  1991 I AiAiEcho: EchoTargets: 
08-26 17:32:19.116  1777  1991 I AiAiEcho: Filtered by AiAi flag check: 
08-26 17:32:19.116  1777  1991 I AiAiEcho: [CONTEXT ratelimit_period="10 SECONDS" ]
08-26 17:32:19.116  1777  1991 I AiAiEcho: #remoteViewsTwiddler: feature disabled.
08-26 17:32:19.116   657   657 W libbinder.IPCThreadState: Sending oneway calls to frozen process.
08-26 17:32:19.117   657   657 W libbinder.IPCThreadState: Sending oneway calls to frozen process.
08-26 17:32:19.117   657   657 W libbinder.IPCThreadState: Sending oneway calls to frozen process.
08-26 17:32:19.117  1777  1991 I AiAiEcho: #postPredictionTargets: Sending updates to UISurface home with targets# 0 (types=[])
08-26 17:32:19.118   657   657 W libbinder.IPCThreadState: Sending oneway calls to frozen process.
08-26 17:32:19.118   657   657 W libbinder.IPCThreadState: Sending oneway calls to frozen process.
08-26 17:32:19.118   657   657 W libbinder.IPCThreadState: Sending oneway calls to frozen process.
08-26 17:32:19.118   657   657 W libbinder.IPCThreadState: Sending oneway calls to frozen process.
08-26 17:32:19.118   657   657 W libbinder.IPCThreadState: Sending oneway calls to frozen process.
08-26 17:32:19.118   657   657 W libbinder.IPCThreadState: Sending oneway calls to frozen process.
08-26 17:32:19.118   657   657 W libbinder.IPCThreadState: Sending oneway calls to frozen process.
08-26 17:32:19.118   657   657 W libbinder.IPCThreadState: Sending oneway calls to frozen process.
08-26 17:32:19.118   657   657 W libbinder.IPCThreadState: Sending oneway calls to frozen process.
08-26 17:32:19.118   657   657 W libbinder.IPCThreadState: Sending oneway calls to frozen process.
08-26 17:32:19.118   657   657 W libbinder.IPCThreadState: Sending oneway calls to frozen process.
08-26 17:32:19.118   657   657 W libbinder.IPCThreadState: Sending oneway calls to frozen process.
08-26 17:32:19.119   657   657 D BatterySaverPolicy: accessibility changed to true, updating policy.
08-26 17:32:19.122   657   671 V AccessibilityManagerService: onUserStateChangedLocked for userId: 0, forceUpdate: false
08-26 17:32:19.123   657   671 V AccessibilityUserState: updateShortcutTargets: type:accessibility_shortcut_target_service, current:{}, new:{}
08-26 17:32:19.123   657   671 V AccessibilityUserState: updateShortcutTargets: type:accessibility_button_targets, current:{}, new:{}
08-26 17:32:19.123   657   671 V AccessibilityUserState: updateShortcutTargets: type:accessibility_gesture_targets, current:{}, new:{}
08-26 17:32:19.123   657   671 V AccessibilityUserState: updateShortcutTargets: type:accessibility_qs_targets, current:{}, new:{}
08-26 17:32:19.123   657   671 V AccessibilityUserState: updateShortcutTargets: type:accessibility_key_gesture_targets, current:{}, new:{}
08-26 17:32:19.123   657   671 V AccessibilityUserState: updateShortcutTargets: type:accessibility_top_row_key_targets, current:{}, new:{}
08-26 17:32:19.123   657   671 V AccessibilityUserState: updateShortcutTargets: type:accessibility_quick_access_targets, current:{}, new:{}
08-26 17:32:19.123  1777  2586 I AiAiEcho: Settings changed for uri: content://settings/secure/accessibility_enabled
08-26 17:32:19.124  1777  1991 I AiAiEcho: Predicting[0]:  [CONTEXT sampling_count=5 ]
08-26 17:32:19.124  1777  1991 I AiAiEcho: EchoTargets: 
08-26 17:32:19.124  1777  1991 I AiAiEcho: Filtered by AiAi flag check: 
08-26 17:32:19.124  1777  1991 I AiAiEcho: [CONTEXT ratelimit_period="10 SECONDS" ]
08-26 17:32:19.124  1777  1991 I AiAiEcho: #remoteViewsTwiddler: feature disabled.
08-26 17:32:19.124  1777  1991 I AiAiEcho: #postPredictionTargets: Sending updates to UISurface home with targets# 0 (types=[])
08-26 17:32:19.124   657   671 W MagnificationConnectionManager: requestConnection duplicated request: connect=false, mConnectionState=DISCONNECTED
08-26 17:32:19.124   657   657 W libbinder.IPCThreadState: Sending oneway calls to frozen process.
08-26 17:32:19.124   657   657 W libbinder.IPCThreadState: Sending oneway calls to frozen process.
08-26 17:32:19.124   657   657 W libbinder.IPCThreadState: Sending oneway calls to frozen process.
08-26 17:32:19.124   657   657 W libbinder.IPCThreadState: Sending oneway calls to frozen process.
08-26 17:32:19.124   657   657 W libbinder.IPCThreadState: Sending oneway calls to frozen process.
08-26 17:32:19.124   657   657 W libbinder.IPCThreadState: Sending oneway calls to frozen process.
08-26 17:32:19.124   657   657 W libbinder.IPCThreadState: Sending oneway calls to frozen process.
08-26 17:32:19.125   657   657 W libbinder.IPCThreadState: Sending oneway calls to frozen process.
08-26 17:32:19.125   657   657 W libbinder.IPCThreadState: Sending oneway calls to frozen process.
08-26 17:32:19.125   657   657 W libbinder.IPCThreadState: Sending oneway calls to frozen process.
08-26 17:32:19.125   657   657 W libbinder.IPCThreadState: Sending oneway calls to frozen process.
08-26 17:32:19.125   657   657 W libbinder.IPCThreadState: Sending oneway calls to frozen process.
08-26 17:32:19.125   657   657 W libbinder.IPCThreadState: Sending oneway calls to frozen process.
08-26 17:32:19.125   657   657 W libbinder.IPCThreadState: Sending oneway calls to frozen process.
08-26 17:32:19.129   657  1933 D AccessibilityManagerService: .getAccessibilityShortcutTargets {shortcutType=32, userId=0}
08-26 17:32:19.130   492   492 W skia    : AGTM parsing failed flags.readFromStream(s) at 159
08-26 17:32:19.130   492   492 W skia    : AGTM parsing failed flags.readFromStream(s) at 159
08-26 17:32:19.130   492   492 W skia    : AGTM parsing failed flags.readFromStream(s) at 159
08-26 17:32:19.130   492   492 W skia    : AGTM parsing failed flags.readFromStream(s) at 159
08-26 17:32:19.130   492   492 W skia    : AGTM parsing failed flags.readFromStream(s) at 159
08-26 17:32:19.187   492   492 W skia    : AGTM parsing failed flags.readFromStream(s) at 159
08-26 17:32:19.187   492   492 W skia    : AGTM parsing failed flags.readFromStream(s) at 159
08-26 17:32:19.187   492   492 W skia    : AGTM parsing failed flags.readFromStream(s) at 159
08-26 17:32:19.187   492   492 W skia    : AGTM parsing failed flags.readFromStream(s) at 159
08-26 17:32:19.187   492   492 W skia    : AGTM parsing failed flags.readFromStream(s) at 159
08-26 17:32:19.197   438 23923 E android.hardware.audio@7.1-impl.ranchu: consumeThread: tinyalsa revents=0x000C
08-26 17:32:19.210   492   534 W skia    : AGTM parsing failed flags.readFromStream(s) at 159
08-26 17:32:19.628   517   517 I adbd    : adbd service requested 'shell,v2,raw:dumpsys package com.google.android.gms'
08-26 17:32:19.691  2635  2719 I artd    : GetBestInfo: odex next to the dex file (/data/app/~~bX9OEGQ8NofBOJHm0BYQkg==/com.google.android.gms-Gv8nBSt27pvHbuElOejyNw==/oat/arm64/base.odex) is kOatUpToDate with filter 'verify' executable 'false'
08-26 17:32:19.691  2635  2719 I artd    : GetBestInfo: odex next to the dex file (/data/app/~~bX9OEGQ8NofBOJHm0BYQkg==/com.google.android.gms-Gv8nBSt27pvHbuElOejyNw==/oat/arm64/base.odex) is kOatUpToDate with filter 'verify' executable 'false'
08-26 17:32:19.693  2635  2719 I artd    : GetBestInfo: dm (/data/app/~~bX9OEGQ8NofBOJHm0BYQkg==/com.google.android.gms-Gv8nBSt27pvHbuElOejyNw==/split_AdsDynamite_installtime.dm) is kOatUpToDate with filter 'verify' executable 'false'
08-26 17:32:19.694  2635  2719 I artd    : GetBestInfo: odex next to the dex file (/data/app/~~bX9OEGQ8NofBOJHm0BYQkg==/com.google.android.gms-Gv8nBSt27pvHbuElOejyNw==/oat/arm64/split_CronetDynamite_installtime.odex) is kOatUpToDate with filter 'speed-profile' executable 'false'
08-26 17:32:19.694  2635  2719 I artd    : GetBestInfo: odex next to the dex file (/data/app/~~bX9OEGQ8NofBOJHm0BYQkg==/com.google.android.gms-Gv8nBSt27pvHbuElOejyNw==/oat/arm64/split_CronetDynamite_installtime.odex) is kOatUpToDate with filter 'speed-profile' executable 'false'
08-26 17:32:19.695  2635  2719 I artd    : GetBestInfo: dm (/data/app/~~bX9OEGQ8NofBOJHm0BYQkg==/com.google.android.gms-Gv8nBSt27pvHbuElOejyNw==/split_DynamiteLoader_installtime.dm) is kOatUpToDate with filter 'verify' executable 'false'
08-26 17:32:19.696  2635  2719 I artd    : GetBestInfo: dm (/data/app/~~bX9OEGQ8NofBOJHm0BYQkg==/com.google.android.gms-Gv8nBSt27pvHbuElOejyNw==/split_DynamiteModulesA_installtime.dm) is kOatUpToDate with filter 'verify' executable 'false'
08-26 17:32:19.697  2635  2719 I artd    : GetBestInfo: dm (/data/app/~~bX9OEGQ8NofBOJHm0BYQkg==/com.google.android.gms-Gv8nBSt27pvHbuElOejyNw==/split_DynamiteModulesC_installtime.dm) is kOatUpToDate with filter 'verify' executable 'false'
08-26 17:32:19.698  2635  2719 I artd    : GetBestInfo: dm (/data/app/~~bX9OEGQ8NofBOJHm0BYQkg==/com.google.android.gms-Gv8nBSt27pvHbuElOejyNw==/split_GoogleCertificates_installtime.dm) is kOatUpToDate with filter 'verify' executable 'false'
08-26 17:32:19.699  2635 20535 I artd    : GetBestInfo: dm (/data/app/~~bX9OEGQ8NofBOJHm0BYQkg==/com.google.android.gms-Gv8nBSt27pvHbuElOejyNw==/split_MapsDynamite_installtime.dm) is kOatUpToDate with filter 'verify' executable 'false'
08-26 17:32:19.699  2635  2719 I artd    : GetBestInfo: dm (/data/app/~~bX9OEGQ8NofBOJHm0BYQkg==/com.google.android.gms-Gv8nBSt27pvHbuElOejyNw==/split_MeasurementDynamite_installtime.dm) is kOatUpToDate with filter 'verify' executable 'false'
08-26 17:32:19.700  2635  2719 I artd    : GetBestInfo: dm (/data/app/~~bX9OEGQ8NofBOJHm0BYQkg==/com.google.android.gms-Gv8nBSt27pvHbuElOejyNw==/split_all_locale_splits.dm) is kOatUpToDate with filter 'verify' executable 'false'
08-26 17:32:19.701  2635  2719 I artd    : GetBestInfo: /data/user_de/0/com.google.android.gms/app_chimera/m/0000000c/dl-TfliteDynamiteDynamite.integ_252130102100400.apk has no usable artifacts
08-26 17:32:19.702  2635  2719 I artd    : GetBestInfo: /data/user_de/0/com.google.android.gms/app_chimera/m/00000001/CronetDynamite.apk has no usable artifacts
08-26 17:32:19.702  2635  2719 I artd    : GetBestInfo: vdex next to the dex file (/data/user/0/com.google.android.gms/app_dg_cache/F43216EC192C66BFB5A30C3CDD57E8C5C9005730/oat/arm64/the.vdex) is kOatUpToDate with filter 'verify' executable 'false'
08-26 17:32:19.703  2635  2719 I artd    : GetBestInfo: /data/user_de/0/com.google.android.gms/app_chimera/m/00000002/DynamiteLoader.apk has no usable artifacts
08-26 17:32:19.703  2635  2719 I artd    : GetBestInfo: /data/user_de/0/com.google.android.gms/app_chimera/m/00000012/dl-MlkitBarcodeUi.optional_263234100400.apk has no usable artifacts
08-26 17:32:19.704  2635  2719 I artd    : GetBestInfo: /data/user_de/0/com.google.android.gms/app_chimera/m/00000005/GoogleCertificates.apk has no usable artifacts
08-26 17:32:19.704  2635  2719 I artd    : GetBestInfo: /data/user_de/0/com.google.android.gms/app_chimera/m/00000015/dl-TfliteDynamiteDynamite.integ_260580502100400.apk has no usable artifacts
08-26 17:32:19.705  2635  2719 I artd    : GetBestInfo: /data/user_de/0/com.google.android.gms/app_chimera/m/0000000f/dl-MlkitBarcodeUi.optional_262236100400.apk has no usable artifacts
08-26 17:32:19.706  2635  2719 I artd    : GetBestInfo: /data/user_de/0/com.google.android.gms/app_chimera/m/00000016/dl-PlayCloudSearch.optional_263234100000.apk has no usable artifacts
08-26 17:32:19.707  2635  2719 I artd    : GetBestInfo: /data/user_de/0/com.google.android.gms/app_chimera/m/00000010/dl-PlayCloudSearch.optional_262236100000.apk has no usable artifacts
08-26 17:32:19.708  2635  2719 I artd    : GetBestInfo: vdex next to the dex file (/data/user/0/com.google.android.gms/app_dg_cache/708EA63B31A09E17FD6C7CDE0FE83B45EA4CEC30/oat/arm64/the.vdex) is kOatUpToDate with filter 'verify' executable 'false'
08-26 17:32:19.708  2635  2719 I artd    : GetBestInfo: /data/user_de/0/com.google.android.gms/app_chimera/m/00000008/dl-VisionOcr.optional_262236100000.apk has no usable artifacts
08-26 17:32:19.709  2635  2719 I artd    : GetBestInfo: vdex next to the dex file (/data/user/0/com.google.android.gms/app_dg_cache/D04EBEF623804AD1CEE87B2156DE98F2840B89F7/oat/arm64/the.vdex) is kOatUpToDate with filter 'verify' executable 'false'
08-26 17:32:19.710  2635  2719 I artd    : GetBestInfo: /data/user_de/0/com.google.android.gms/app_chimera/m/0000000b/dl-MlkitOcrCommon.optional_262236100400.apk has no usable artifacts
08-26 17:32:19.711  2635  2719 I artd    : GetBestInfo: /data/user_de/0/com.google.android.gms/app_chimera/m/00000014/dl-MlkitOcrCommon.optional_263234100400.apk has no usable artifacts
08-26 17:32:19.711  2635  2719 I artd    : GetBestInfo: /data/user_de/0/com.google.android.gms/app_chimera/m/00000009/dl-Appsearch.optional_262236100400.apk has no usable artifacts
08-26 17:32:19.712  2635  2719 I artd    : GetBestInfo: /data/user_de/0/com.google.android.gms/app_chimera/m/00000017/dl-VisionOcr.optional_263234100000.apk has no usable artifacts
08-26 17:32:19.712  2635  2719 I artd    : GetBestInfo: /data/user_de/0/com.google.android.gms/app_chimera/m/00000007/MeasurementDynamite.apk has no usable artifacts
08-26 17:32:19.713  2635  2719 I artd    : GetBestInfo: /data/user_de/0/com.google.android.gms/app_chimera/m/00000011/dl-Appsearch.optional_263234100400.apk has no usable artifacts
08-26 17:32:19.724   657  1821 E TaskPersister: File error accessing recents directory (directory doesn't exist?).
08-26 17:32:20.152  1725  2732 W MediaProvider: isAppCloneUserPair for user 0: false
08-26 17:32:20.159 23924 23924 W AccessibilityNodeInfoDumper: Fetch time: 20ms
08-26 17:32:20.166   657  1933 V AccessibilityManagerService: onUserStateChangedLocked for userId: 0, forceUpdate: false
08-26 17:32:20.167   657  1933 V AccessibilityUserState: updateShortcutTargets: type:accessibility_shortcut_target_service, current:{}, new:{}
08-26 17:32:20.167   657  1933 V AccessibilityUserState: updateShortcutTargets: type:accessibility_button_targets, current:{}, new:{}
08-26 17:32:20.167   657  1933 V AccessibilityUserState: updateShortcutTargets: type:accessibility_gesture_targets, current:{}, new:{}
08-26 17:32:20.167   657  1933 V AccessibilityUserState: updateShortcutTargets: type:accessibility_qs_targets, current:{}, new:{}
08-26 17:32:20.167   657  1933 V AccessibilityUserState: updateShortcutTargets: type:accessibility_key_gesture_targets, current:{}, new:{}
08-26 17:32:20.167   657  1933 V AccessibilityUserState: updateShortcutTargets: type:accessibility_top_row_key_targets, current:{}, new:{}
08-26 17:32:20.167   657  1933 V AccessibilityUserState: updateShortcutTargets: type:accessibility_quick_access_targets, current:{}, new:{}
08-26 17:32:20.167   657  1933 W MagnificationConnectionManager: requestConnection duplicated request: connect=false, mConnectionState=DISCONNECTED
08-26 17:32:20.167   657  1933 D AccessibilityManagerService: restoreCurrentUserForTestAutomationIfNeededLocked(): ignoring because device doesn't support visible background users
08-26 17:32:20.167  1777  2586 I AiAiEcho: Settings changed for uri: content://settings/secure/accessibility_enabled
08-26 17:32:20.167   657   657 W libbinder.IPCThreadState: Sending oneway calls to frozen process.
08-26 17:32:20.167   657   657 W libbinder.IPCThreadState: Sending oneway calls to frozen process.
08-26 17:32:20.168   657   657 W libbinder.IPCThreadState: Sending oneway calls to frozen process.
08-26 17:32:20.168   657   657 W libbinder.IPCThreadState: Sending oneway calls to frozen process.
08-26 17:32:20.168  1777  1991 I AiAiEcho: Predicting[0]:  [CONTEXT sampling_count=5 ]
08-26 17:32:20.168  1777  1991 I AiAiEcho: EchoTargets: 
08-26 17:32:20.168  1777  1991 I AiAiEcho: Filtered by AiAi flag check: 
08-26 17:32:20.168  1777  1991 I AiAiEcho: [CONTEXT ratelimit_period="10 SECONDS" ]
08-26 17:32:20.168  1777  1991 I AiAiEcho: #remoteViewsTwiddler: feature disabled.
08-26 17:32:20.168  1777  1991 I AiAiEcho: #postPredictionTargets: Sending updates to UISurface home with targets# 0 (types=[])
08-26 17:32:20.168 23924 23924 D AndroidRuntime: Shutting down VM
08-26 17:32:20.168   657   657 W libbinder.IPCThreadState: Sending oneway calls to frozen process.
08-26 17:32:20.168   657   657 W libbinder.IPCThreadState: Sending oneway calls to frozen process.
08-26 17:32:20.168   657   657 W libbinder.IPCThreadState: Sending oneway calls to frozen process.
08-26 17:32:20.168   657   657 W libbinder.IPCThreadState: Sending oneway calls to frozen process.
08-26 17:32:20.168   657   657 W libbinder.IPCThreadState: Sending oneway calls to frozen process.
08-26 17:32:20.168 23924 23933 W libbinder.IPCThreadState: call to talkWithDriver in joinThreadPool returned error: -9 (Bad file descriptor), FD: -1
08-26 17:32:20.169   657   657 W libbinder.IPCThreadState: Sending oneway calls to frozen process.
08-26 17:32:20.169   657   657 W libbinder.IPCThreadState: Sending oneway calls to frozen process.
08-26 17:32:20.169 23924 23935 W libbinder.IPCThreadState: call to talkWithDriver in joinThreadPool returned error: -9 (Bad file descriptor), FD: -1
08-26 17:32:20.171   657   657 W libbinder.IPCThreadState: Sending oneway calls to frozen process.
08-26 17:32:20.171   657   657 W libbinder.IPCThreadState: Sending oneway calls to frozen process.
08-26 17:32:20.171   657   657 W libbinder.IPCThreadState: Sending oneway calls to frozen process.
08-26 17:32:20.172   657   657 W libbinder.IPCThreadState: Sending oneway calls to frozen process.
08-26 17:32:20.173  1725  1740 W FuseDaemon: Reducing the number of considered missed Gc histogram windows from 1010 to 100
08-26 17:32:20.173   657   657 W libbinder.IPCThreadState: Sending oneway calls to frozen process.
08-26 17:32:20.173   657   657 W libbinder.IPCThreadState: Sending oneway calls to frozen process.
08-26 17:32:20.173   657   657 W libbinder.IPCThreadState: Sending oneway calls to frozen process.
08-26 17:32:20.173   657   657 W libbinder.IPCThreadState: Sending oneway calls to frozen process.
08-26 17:32:20.173   657   657 W libbinder.IPCThreadState: Sending oneway calls to frozen process.
08-26 17:32:20.173   657   657 W libbinder.IPCThreadState: Sending oneway calls to frozen process.
08-26 17:32:20.173   657   657 D BatterySaverPolicy: accessibility changed to false, updating policy.
08-26 17:32:20.180   492   492 W skia    : AGTM parsing failed flags.readFromStream(s) at 159
08-26 17:32:20.180   492   492 W skia    : AGTM parsing failed flags.readFromStream(s) at 159
08-26 17:32:20.180   492   492 W skia    : AGTM parsing failed flags.readFromStream(s) at 159
08-26 17:32:20.180   492   492 W skia    : AGTM parsing failed flags.readFromStream(s) at 159
08-26 17:32:20.180   492   492 W skia    : AGTM parsing failed flags.readFromStream(s) at 159
08-26 17:32:20.193   492   534 W skia    : AGTM parsing failed flags.readFromStream(s) at 159
08-26 17:32:20.213   492   492 W skia    : AGTM parsing failed flags.readFromStream(s) at 159
08-26 17:32:20.213   492   492 W skia    : AGTM parsing failed flags.readFromStream(s) at 159
08-26 17:32:20.213   492   492 W skia    : AGTM parsing failed flags.readFromStream(s) at 159
08-26 17:32:20.213   492   492 W skia    : AGTM parsing failed flags.readFromStream(s) at 159
08-26 17:32:20.213   492   492 W skia    : AGTM parsing failed flags.readFromStream(s) at 159
08-26 17:32:20.241   657   923 D ActivityManager: sync unfroze 18438 com.google.android.gms for 6
08-26 17:32:20.253   657   923 W ProcessStats: Tracking association SourceState{f3da901 com.google.android.gms.persistent/10217 ImpBg #26101} whose proc state 6 is better than process ProcessState{66c077c com.google.android.gms/10217 pkg=com.google.android.gms} proc state 14 (0 skipped)
08-26 17:32:20.264  5147 23846 I NetworkScheduler.Stats: (REDACTED) Task %s/%s started execution. cause:%s exec_start_elapsed_seconds: %s
08-26 17:32:20.269 18438 23942 I GmscoreIpa: Starting mediastore instant index [CONTEXT service_id=255 ]
08-26 17:32:20.270  5147 23735 I NetworkScheduler.Stats: (REDACTED) Task %s/%s finished executing. cause:%s result: %s elapsed_millis: %s uptime_millis: %s exec_start_elapsed_seconds: %s
08-26 17:32:20.284   492   534 W skia    : AGTM parsing failed flags.readFromStream(s) at 159
08-26 17:32:21.037   438  2672 D android.hardware.audio@7.1-impl.ranchu: threadLoop: entering standby, frames: 16162240
08-26 17:32:21.037   438  2672 D android.hardware.audio@7.1-impl.ranchu: ~TinyalsaSink: joining consumeThread
08-26 17:32:21.038   438 23923 D android.hardware.audio@7.1-impl.ranchu: consumeThread: exiting
08-26 17:32:21.045   517   517 I adbd    : adbd service requested 'shell,v2,TERM=dumb,raw:cat /sdcard/detail-a.xml'
08-26 17:32:21.101   517   517 I adbd    : adbd service requested 'exec:screencap '-p''
08-26 17:32:21.162 23949 23949 W libbinder.BackendUnifiedServiceManager: Thread Pool max thread count is 0. Cannot cache binder as linkToDeath cannot be implemented. serviceName: SurfaceFlingerAIDL
08-26 17:32:21.162 23949 23949 W libbinder.BpBinder: Linking to death on android.gui.ISurfaceComposer but there are no threads (yet?) listening to incoming transactions. See ProcessState::startThreadPool and ProcessState::setThreadPoolMaxThreadCount. Generally you should setup the binder threadpool before other initialization steps.
08-26 17:32:21.162 23949 23949 W libbinder.ProcessState: Extra binder thread started, but 0 threads requested. Do not use *startThreadPool when zero threads are requested.
08-26 17:32:21.184   492   534 W skia    : AGTM parsing failed flags.readFromStream(s) at 159
08-26 17:32:21.184   492   534 W skia    : AGTM parsing failed flags.readFromStream(s) at 159
08-26 17:32:21.184   492   534 W skia    : AGTM parsing failed flags.readFromStream(s) at 159
08-26 17:32:21.195 23949 23950 W libc    : Access denied finding property "vendor.mesa.virtgpu.kumquat"
08-26 17:32:21.336   517   517 I adbd    : adbd service requested 'shell,v2,TERM=dumb,raw:input tap 639 1842'
08-26 17:32:21.353 23888 23888 I QuickAppKit: android.input.click surface=srf:2 node=node:8
08-26 17:32:21.353 23888 23888 I QuickAppKit: android.event.click.received surface=srf:2 node=node:8
08-26 17:32:21.353 23888 23912 I QuickAppKit: android.event.js_callback posted=1 error=
08-26 17:32:21.353 23888 23912 I QuickAppKit: android.event.click.dispatched=1
08-26 17:32:21.354 23888 23915 I QuickAppKit: android.event.handler_execute surface=srf:2 handler=hdl:2 dispatched=1
08-26 17:32:21.355   657   746 W AS.PlaybackActivityMon: No piid assigned for invalid/internal port id 16
08-26 17:32:21.355   657  1933 W AS.PlaybackActivityMon: No piid assigned for invalid/internal port id 16
08-26 17:32:21.355 23888 23912 I QuickAppKit: android.navigation.close request=req:j-100002 source=srf:2 accepted=1
08-26 17:32:21.355 23888 23912 I QuickAppKit: android.platform.close request=req:127 source=srf:2 reveal=srf:1
08-26 17:32:21.355 23888 23912 I QuickAppKit: android.stage=core.loop.controller.work
08-26 17:32:21.355 23888 23912 I QuickAppKit: android.core.controller.drained count=1
08-26 17:32:21.356 23888 23888 I QuickAppKit: android.platform.close.result request=req:127 source=srf:2 reveal=srf:1 ok=true surfaces=2
08-26 17:32:21.356 23888 23888 I QuickAppKit: android.stage=surface.result.received
08-26 17:32:21.356   488   516 D AudioFlinger: mixer(0xb40078b88a03b790) throttle end: throttle time(42)
08-26 17:32:21.357 23888 23912 I QuickAppKit: android.stage=surface.result.core
08-26 17:32:21.357 23888 23912 I QuickAppKit: android.stage=page.command.received
08-26 17:32:21.357 23888 23912 I QuickAppKit: android.stage=core.loop.controller.work
08-26 17:32:21.357 23888 23912 I QuickAppKit: android.core.controller.drained count=1
08-26 17:32:21.357 23888 23915 I QuickAppKit: android.stage=page.command.js
08-26 17:32:21.358 23888 23912 I QuickAppKit: android.stage=page.command.received
08-26 17:32:21.358 23888 23912 I QuickAppKit: android.stage=core.loop.controller.work
08-26 17:32:21.358 23888 23912 I QuickAppKit: android.core.controller.drained count=1
08-26 17:32:21.358 23888 23915 I QuickAppKit: android.stage=page.command.js
08-26 17:32:21.360 23888 23912 I QuickAppKit: android.stage=page.command.received
08-26 17:32:21.360 23888 23912 I QuickAppKit: android.stage=core.loop.controller.work
08-26 17:32:21.360 23888 23912 I QuickAppKit: android.core.controller.drained count=1
08-26 17:32:21.360 23888 23915 I QuickAppKit: android.stage=page.command.js
08-26 17:32:21.361 23888 23912 I QuickAppKit: android.stage=surface.operation.completed
08-26 17:32:21.361 23888 23912 I QuickAppKit: android.surface.operation kind=2 request=req:j-100002 target=srf:2 error=
08-26 17:32:21.361 23888 23912 I QuickAppKit: android.navigation.close.result request=req:j-100002 source=srf:2 revealed=srf:1 completed=1
08-26 17:32:21.361 23888 23912 I QuickAppKit: android.stage=core.loop.controller.work
08-26 17:32:21.361 23888 23912 I QuickAppKit: android.core.controller.drained count=1
08-26 17:32:21.382   492   492 W skia    : AGTM parsing failed flags.readFromStream(s) at 159
08-26 17:32:21.384   492   534 W skia    : AGTM parsing failed flags.readFromStream(s) at 159
08-26 17:32:21.463   492   492 W skia    : AGTM parsing failed flags.readFromStream(s) at 159
08-26 17:32:21.490   492   534 W skia    : AGTM parsing failed flags.readFromStream(s) at 159
08-26 17:32:21.496   492   492 W skia    : AGTM parsing failed flags.readFromStream(s) at 159
08-26 17:32:21.529   492   492 W skia    : AGTM parsing failed flags.readFromStream(s) at 159
08-26 17:32:21.544   488   505 I APM_AudioPolicyManager: getNewOutputDevices io 13 recent device override {AUDIO_DEVICE_OUT_SPEAKER, @:}
08-26 17:32:21.563   492   492 W skia    : AGTM parsing failed flags.readFromStream(s) at 159
08-26 17:32:21.593   492   534 W skia    : AGTM parsing failed flags.readFromStream(s) at 159
08-26 17:32:21.596   492   492 W skia    : AGTM parsing failed flags.readFromStream(s) at 159
08-26 17:32:21.629   492   492 W skia    : AGTM parsing failed flags.readFromStream(s) at 159
08-26 17:32:21.663   492   492 W skia    : AGTM parsing failed flags.readFromStream(s) at 159
08-26 17:32:21.693   492   534 W skia    : AGTM parsing failed flags.readFromStream(s) at 159
08-26 17:32:22.419   517   517 I adbd    : adbd service requested 'shell,v2,TERM=dumb,raw:uiautomator dump /sdcard/home-a.xml'
08-26 17:32:22.509 23957 23957 D AndroidRuntime: >>>>>> START com.android.internal.os.RuntimeInit uid 2000 <<<<<<
08-26 17:32:22.512 23957 23957 I AndroidRuntime: Using default boot image
08-26 17:32:22.512 23957 23957 I AndroidRuntime: Leaving lock profiling enabled
08-26 17:32:22.513 23957 23957 I app_process: Core platform API enforcement reporting only by runtime option
08-26 17:32:22.513 23957 23957 I app_process: Using generational CollectorTypeCMC GC.
08-26 17:32:22.559 23957 23957 D nativeloader: InitDefaultPublicLibraries for_preload=1: libandroid.so:libaaudio.so:libamidi.so:libbinder_ndk.so:libc.so:libcamera2ndk.so:libdl.so:libEGL.so:libGLESv1_CM.so:libGLESv2.so:libGLESv3.so:libicu.so:libicui18n.so:libicuuc.so:libjnigraphics.so:liblog.so:libmediandk.so:libm.so:libnativehelper.so:libnativewindow.so:libOpenMAXAL.so:libOpenSLES.so:libRS.so:libstdc++.so:libsync.so:libvulkan.so:libwebviewchromium_plat_support.so:libz.so
08-26 17:32:22.565 23957 23957 D nativeloader: Load libicu_jni.so using APEX ns com_android_art for caller /apex/com.android.art/javalib/core-oj.jar: ok
08-26 17:32:22.565 23957 23957 D app_process: u_setTimeZoneFilesDirectory("/apex/com.android.tzdata/etc/tz/versioned/10/icu") succeeded. 
08-26 17:32:22.565 23957 23957 D app_process: I18n APEX ICU file found: /apex/com.android.i18n/etc/icu/icudt78l.dat
08-26 17:32:22.565 23957 23957 D nativeloader: Load libjavacore.so using APEX ns com_android_art for caller /apex/com.android.art/javalib/core-oj.jar: ok
08-26 17:32:22.566 23957 23957 D nativeloader: Load libopenjdk.so using APEX ns com_android_art for caller /apex/com.android.art/javalib/core-oj.jar: ok
08-26 17:32:22.566 23957 23957 I app_process: Priority-to-niceness mapping: 19, 16, 13, 10, 0, -2, -4, -5, -6, -8
08-26 17:32:22.567 23957 23957 W app_process: ClassLoaderContext shared library size mismatch. Expected=2, found=0 (PCL[]{PCL[/system/framework/android.test.base.jar*1579129895]#PCL[/system/framework/android.test.mock.jar*1147775851]} | PCL[])
08-26 17:32:22.568 23957 23957 W app_process: ClassLoaderContext classpath size mismatch. expected=0, found=1 (PCL[]{PCL[/system/framework/android.test.runner.jar*2652887513]{PCL[/system/framework/android.test.base.jar*1579129895]#PCL[/system/framework/android.test.mock.jar*1147775851]}#PCL[/system/framework/android.test.base.jar*1579129895]} | PCL[/system/framework/android.test.runner.jar*2652887513])
08-26 17:32:22.582 23957 23957 D nativeloader: Load libframework-connectivity-tiramisu-jni.so using APEX ns com_android_tethering for caller /apex/com.android.tethering/javalib/framework-connectivity-t.jar: ok
08-26 17:32:22.582 23957 23957 D AndroidRuntime: Calling main entry com.android.commands.uiautomator.Launcher
08-26 17:32:22.584 23957 23957 I AconfigPackage: android.media.swcodec.flags is mapped to com.android.media.swcodec
08-26 17:32:22.584 23957 23957 I AconfigPackage: com.android.permission.flags is mapped to com.android.permission
08-26 17:32:22.584 23957 23957 I AconfigPackage: com.android.permissioncontroller.flags is mapped to com.android.permission
08-26 17:32:22.584 23957 23957 I AconfigPackage: com.google.android.widevine.flags is mapped to com.google.android.widevine
08-26 17:32:22.584 23957 23957 I AconfigPackage: com.android.icu is mapped to com.android.i18n
08-26 17:32:22.584 23957 23957 I AconfigPackage: com.android.appsearch.flags is mapped to com.android.appsearch
08-26 17:32:22.584 23957 23957 I AconfigPackage: com.android.uprobestats.flags is mapped to com.android.uprobestats
08-26 17:32:22.584 23957 23957 I AconfigPackage: android.uprobestats.mainline.flags is mapped to com.android.uprobestats
08-26 17:32:22.584 23957 23957 I AconfigPackage: com.android.crashrecovery.flags is mapped to com.android.crashrecovery
08-26 17:32:22.584 23957 23957 I AconfigPackage: android.provider.flags is mapped to com.android.configinfrastructure
08-26 17:32:22.584 23957 23957 I AconfigPackage: com.android.server.deviceconfig is mapped to com.android.configinfrastructure
08-26 17:32:22.584 23957 23957 I AconfigPackage: com.android.art.flags is mapped to com.android.art
08-26 17:32:22.584 23957 23957 I AconfigPackage: com.android.art.rw.flags is mapped to com.android.art
08-26 17:32:22.584 23957 23957 I AconfigPackage: com.android.libcore is mapped to com.android.art
08-26 17:32:22.584 23957 23957 I AconfigPackage: android.telecom.flags is mapped to com.android.telephonycore
08-26 17:32:22.584 23957 23957 I AconfigPackage: com.android.internal.telecom.flags is mapped to com.android.telephonycore
08-26 17:32:22.585 23957 23957 I AconfigPackage: com.android.telephony.flags is mapped to com.android.telephonycore
08-26 17:32:22.585 23957 23957 I AconfigPackage: com.android.media.extractor.flags is mapped to com.android.media
08-26 17:32:22.585 23957 23957 I AconfigPackage: com.android.media.metrics.flags is mapped to com.android.media
08-26 17:32:22.585 23957 23957 I AconfigPackage: com.android.media.mainline.flags is mapped to com.android.media
08-26 17:32:22.585 23957 23957 I AconfigPackage: com.android.wifi.flags is mapped to com.android.wifi
08-26 17:32:22.585 23957 23957 I AconfigPackage: com.android.org.conscrypt.flags is mapped to com.android.conscrypt
08-26 17:32:22.585 23957 23957 I AconfigPackage: com.android.org.conscrypt.net.flags is mapped to com.android.conscrypt
08-26 17:32:22.585 23957 23957 I AconfigPackage: com.android.healthfitness.flags is mapped to com.android.healthfitness
08-26 17:32:22.585 23957 23957 I AconfigPackage: com.android.healthfitness.beta is mapped to com.android.healthfitness
08-26 17:32:22.585 23957 23957 I AconfigPackage: com.android.ipsec.flags is mapped to com.android.ipsec
08-26 17:32:22.585 23957 23957 I AconfigPackage: com.android.nfc.module.flags is mapped to com.android.nfcservices
08-26 17:32:22.585 23957 23957 I AconfigPackage: com.android.nfc.module.nonexported.flags is mapped to com.android.nfcservices
08-26 17:32:22.585 23957 23957 I AconfigPackage: com.android.adservices.ondevicepersonalization.flags is mapped to com.android.ondevicepersonalization
08-26 17:32:22.585 23957 23957 I AconfigPackage: com.android.scheduling.flags is mapped to com.android.scheduling
08-26 17:32:22.586 23957 23957 I AconfigPackage: com.android.adbd.flags is mapped to com.android.adbd
08-26 17:32:22.586 23957 23957 I AconfigPackage: com.android.bluetooth.beta.flags is mapped to com.android.bt
08-26 17:32:22.586 23957 23957 I AconfigPackage: com.android.bluetooth.flags is mapped to com.android.bt
08-26 17:32:22.586 23957 23957 I AconfigPackage: com.android.devicelock.flags is mapped to com.android.devicelock
08-26 17:32:22.586 23957 23957 I AconfigPackage: android.os.profiling is mapped to com.android.profiling
08-26 17:32:22.586 23957 23957 I AconfigPackage: android.os.profiling.anomaly.beta.flags is mapped to com.android.profiling
08-26 17:32:22.586 23957 23957 I AconfigPackage: android.os.profiling.anomaly.flags is mapped to com.android.profiling
08-26 17:32:22.586 23957 23957 I AconfigPackage: com.android.os.statsd.flags is mapped to com.android.os.statsd
08-26 17:32:22.586 23957 23957 I AconfigPackage: com.android.webapp.flags is mapped to com.android.webapp
08-26 17:32:22.586 23957 23957 I AconfigPackage: com.android.rkpd.flags is mapped to com.android.rkpd
08-26 17:32:22.586 23957 23957 I AconfigPackage: com.android.cellbroadcastreceiver.flags is mapped to com.android.cellbroadcast
08-26 17:32:22.586 23957 23957 I AconfigPackage: com.android.adservices.flags is mapped to com.android.adservices
08-26 17:32:22.586 23957 23957 I AconfigPackage: com.android.sdksandbox.flags is mapped to com.android.adservices
08-26 17:32:22.586 23957 23957 I AconfigPackage: android.app.sdksandbox.flags is mapped to com.android.adservices
08-26 17:32:22.587 23957 23957 I AconfigPackage: com.android.uwb.flags is mapped to com.android.uwb
08-26 17:32:22.587 23957 23957 I AconfigPackage: com.android.ranging.flags is mapped to com.android.uwb
08-26 17:32:22.587 23957 23957 I AconfigPackage: com.android.npumanager is mapped to com.android.npumanager
08-26 17:32:22.587 23957 23957 I AconfigPackage: com.android.signature.flags is mapped to com.android.mediaprovider
08-26 17:32:22.587 23957 23957 I AconfigPackage: com.android.providers.media.flags is mapped to com.android.mediaprovider
08-26 17:32:22.587 23957 23957 I AconfigPackage: android.graphics.pdf.flags is mapped to com.android.mediaprovider
08-26 17:32:22.587 23957 23957 I AconfigPackage: android.graphics.pdf.flags.readonly is mapped to com.android.mediaprovider
08-26 17:32:22.587 23957 23957 I AconfigPackage: com.android.tethering.mainline.beta is mapped to com.android.tethering
08-26 17:32:22.587 23957 23957 I AconfigPackage: android.net.http is mapped to com.android.tethering
08-26 17:32:22.587 23957 23957 I AconfigPackage: com.android.tethering.readonly.flags is mapped to com.android.tethering
08-26 17:32:22.587 23957 23957 I AconfigPackage: android.net.vcn is mapped to com.android.tethering
08-26 17:32:22.587 23957 23957 I AconfigPackage: com.android.net.flags is mapped to com.android.tethering
08-26 17:32:22.587 23957 23957 I AconfigPackage: com.android.tethering.flags is mapped to com.android.tethering
08-26 17:32:22.587 23957 23957 I AconfigPackage: com.android.tethering.beta.test is mapped to com.android.tethering
08-26 17:32:22.587 23957 23957 I AconfigPackage: com.android.nearby.flags is mapped to com.android.tethering
08-26 17:32:22.587 23957 23957 I AconfigPackage: com.android.net.thread.flags is mapped to com.android.tethering
08-26 17:32:22.587 23957 23957 I AconfigPackage: android.net.http.flags is mapped to com.android.tethering
08-26 17:32:22.587 23957 23957 I AconfigPackage: com.android.system.virtualmachine.flags is mapped to com.android.virt
08-26 17:32:22.587 23957 23957 E FeatureFlagsImplExport: android.os.flagging.AconfigStorageReadException: ERROR_PACKAGE_NOT_FOUND: package android.xr cannot be found on the device
08-26 17:32:22.589 23957 23957 D UiAutomationConnection: Created on user UserHandle{0}
08-26 17:32:22.589 23957 23957 I UiAutomation: Initialized for user 0 on display 0
08-26 17:32:22.589 23957 23957 W UiAutomation: Created with deprecatead constructor, assumes DEFAULT_DISPLAY
08-26 17:32:22.590   657   746 D AccessibilityManagerService: changeCurrentUserForTestAutomationIfNeededLocked(0): ignoring because device doesn't support visible background users
08-26 17:32:22.590   657   746 I UiAutomationManager: Registering UiTestAutomationService (id=com.android.server.accessibility/UiAutomation, flags=0x0) when called by user 0
08-26 17:32:22.591   657   746 V AccessibilityManagerService: onUserStateChangedLocked for userId: 0, forceUpdate: false
08-26 17:32:22.592   657   746 V AccessibilityUserState: updateShortcutTargets: type:accessibility_shortcut_target_service, current:{}, new:{}
08-26 17:32:22.592   657   746 V AccessibilityUserState: updateShortcutTargets: type:accessibility_button_targets, current:{}, new:{}
08-26 17:32:22.592   657   746 V AccessibilityUserState: updateShortcutTargets: type:accessibility_gesture_targets, current:{}, new:{}
08-26 17:32:22.592   657   746 V AccessibilityUserState: updateShortcutTargets: type:accessibility_qs_targets, current:{}, new:{}
08-26 17:32:22.592   657   746 V AccessibilityUserState: updateShortcutTargets: type:accessibility_key_gesture_targets, current:{}, new:{}
08-26 17:32:22.592   657   746 V AccessibilityUserState: updateShortcutTargets: type:accessibility_top_row_key_targets, current:{}, new:{}
08-26 17:32:22.592   657   746 V AccessibilityUserState: updateShortcutTargets: type:accessibility_quick_access_targets, current:{}, new:{}
08-26 17:32:22.592   657   746 W MagnificationConnectionManager: requestConnection duplicated request: connect=false, mConnectionState=DISCONNECTED
08-26 17:32:22.593   657   657 W libbinder.IPCThreadState: Sending oneway calls to frozen process.
08-26 17:32:22.593   657   657 W libbinder.IPCThreadState: Sending oneway calls to frozen process.
08-26 17:32:22.593   657   657 W libbinder.IPCThreadState: Sending oneway calls to frozen process.
08-26 17:32:22.593   657   657 W libbinder.IPCThreadState: Sending oneway calls to frozen process.
08-26 17:32:22.593   657   657 W libbinder.IPCThreadState: Sending oneway calls to frozen process.
08-26 17:32:22.593   657   657 W libbinder.IPCThreadState: Sending oneway calls to frozen process.
08-26 17:32:22.593   657   657 W libbinder.IPCThreadState: Sending oneway calls to frozen process.
08-26 17:32:22.594   657   657 W libbinder.IPCThreadState: Sending oneway calls to frozen process.
08-26 17:32:22.594   657   657 W libbinder.IPCThreadState: Sending oneway calls to frozen process.
08-26 17:32:22.594   657   657 W libbinder.IPCThreadState: Sending oneway calls to frozen process.
08-26 17:32:22.594   657   657 W libbinder.IPCThreadState: Sending oneway calls to frozen process.
08-26 17:32:22.594   657   657 W libbinder.IPCThreadState: Sending oneway calls to frozen process.
08-26 17:32:22.594   657   657 W libbinder.IPCThreadState: Sending oneway calls to frozen process.
08-26 17:32:22.594   657   657 W libbinder.IPCThreadState: Sending oneway calls to frozen process.
08-26 17:32:22.596   657   657 W libbinder.IPCThreadState: Sending oneway calls to frozen process.
08-26 17:32:22.596   657   657 W libbinder.IPCThreadState: Sending oneway calls to frozen process.
08-26 17:32:22.596   657   657 W libbinder.IPCThreadState: Sending oneway calls to frozen process.
08-26 17:32:22.596   657   657 W libbinder.IPCThreadState: Sending oneway calls to frozen process.
08-26 17:32:22.596   657   657 W libbinder.IPCThreadState: Sending oneway calls to frozen process.
08-26 17:32:22.596   657   657 W libbinder.IPCThreadState: Sending oneway calls to frozen process.
08-26 17:32:22.596   657   657 W libbinder.IPCThreadState: Sending oneway calls to frozen process.
08-26 17:32:22.596   657   657 D BatterySaverPolicy: accessibility changed to true, updating policy.
08-26 17:32:22.602  1777  2586 I AiAiEcho: Settings changed for uri: content://settings/secure/accessibility_enabled
08-26 17:32:22.607   492   492 W skia    : AGTM parsing failed flags.readFromStream(s) at 159
08-26 17:32:22.607   492   492 W skia    : AGTM parsing failed flags.readFromStream(s) at 159
08-26 17:32:22.607   492   492 W skia    : AGTM parsing failed flags.readFromStream(s) at 159
08-26 17:32:22.607   492   492 W skia    : AGTM parsing failed flags.readFromStream(s) at 159
08-26 17:32:22.607   492   492 W skia    : AGTM parsing failed flags.readFromStream(s) at 159
08-26 17:32:22.613   657   923 V AccessibilityManagerService: onUserStateChangedLocked for userId: 0, forceUpdate: false
08-26 17:32:22.614   657   923 V AccessibilityUserState: updateShortcutTargets: type:accessibility_shortcut_target_service, current:{}, new:{}
08-26 17:32:22.614   657   923 V AccessibilityUserState: updateShortcutTargets: type:accessibility_button_targets, current:{}, new:{}
08-26 17:32:22.614   657   923 V AccessibilityUserState: updateShortcutTargets: type:accessibility_gesture_targets, current:{}, new:{}
08-26 17:32:22.614   657   923 V AccessibilityUserState: updateShortcutTargets: type:accessibility_qs_targets, current:{}, new:{}
08-26 17:32:22.614   657   923 V AccessibilityUserState: updateShortcutTargets: type:accessibility_key_gesture_targets, current:{}, new:{}
08-26 17:32:22.614   657   923 V AccessibilityUserState: updateShortcutTargets: type:accessibility_top_row_key_targets, current:{}, new:{}
08-26 17:32:22.614   657   923 V AccessibilityUserState: updateShortcutTargets: type:accessibility_quick_access_targets, current:{}, new:{}
08-26 17:32:22.614   657   923 W MagnificationConnectionManager: requestConnection duplicated request: connect=false, mConnectionState=DISCONNECTED
08-26 17:32:22.614   657   657 W libbinder.IPCThreadState: Sending oneway calls to frozen process.
08-26 17:32:22.614   657   657 W libbinder.IPCThreadState: Sending oneway calls to frozen process.
08-26 17:32:22.614   657   657 W libbinder.IPCThreadState: Sending oneway calls to frozen process.
08-26 17:32:22.614   657   657 W libbinder.IPCThreadState: Sending oneway calls to frozen process.
08-26 17:32:22.614  1777  2586 I AiAiEcho: Settings changed for uri: content://settings/secure/accessibility_enabled
08-26 17:32:22.614   657   657 W libbinder.IPCThreadState: Sending oneway calls to frozen process.
08-26 17:32:22.614   657   657 W libbinder.IPCThreadState: Sending oneway calls to frozen process.
08-26 17:32:22.614   657   657 W libbinder.IPCThreadState: Sending oneway calls to frozen process.
08-26 17:32:22.614   657   657 W libbinder.IPCThreadState: Sending oneway calls to frozen process.
08-26 17:32:22.614   657   657 W libbinder.IPCThreadState: Sending oneway calls to frozen process.
08-26 17:32:22.614   657   657 W libbinder.IPCThreadState: Sending oneway calls to frozen process.
08-26 17:32:22.614   657   657 W libbinder.IPCThreadState: Sending oneway calls to frozen process.
08-26 17:32:22.614   657   657 W libbinder.IPCThreadState: Sending oneway calls to frozen process.
08-26 17:32:22.615   657   657 W libbinder.IPCThreadState: Sending oneway calls to frozen process.
08-26 17:32:22.615   657   657 W libbinder.IPCThreadState: Sending oneway calls to frozen process.
08-26 17:32:22.615   657   923 D AccessibilityManagerService: .getAccessibilityShortcutTargets {shortcutType=32, userId=0}
08-26 17:32:22.635  1777  1991 I AiAiEcho: Predicting[0]:  [CONTEXT sampling_count=5 ]
08-26 17:32:22.635  1777  1991 I AiAiEcho: EchoTargets: 
08-26 17:32:22.635  1777  1991 I AiAiEcho: Filtered by AiAi flag check: 
08-26 17:32:22.635  1777  1991 I AiAiEcho: [CONTEXT ratelimit_period="10 SECONDS" ]
08-26 17:32:22.635  1777  1991 I AiAiEcho: #remoteViewsTwiddler: feature disabled.
08-26 17:32:22.635  1777  1991 I AiAiEcho: Predicting[0]:  [CONTEXT sampling_count=5 ]
08-26 17:32:22.635  1777  1991 I AiAiEcho: EchoTargets: 
08-26 17:32:22.635  1777  1991 I AiAiEcho: Filtered by AiAi flag check: 
08-26 17:32:22.635  1777  1991 I AiAiEcho: [CONTEXT ratelimit_period="10 SECONDS" ]
08-26 17:32:22.635  1777  1991 I AiAiEcho: #remoteViewsTwiddler: feature disabled.
08-26 17:32:22.636  1777  1991 I AiAiEcho: #postPredictionTargets: Sending updates to UISurface home with targets# 0 (types=[])
08-26 17:32:22.636   438 23956 E android.hardware.audio@7.1-impl.ranchu: consumeThread: tinyalsa revents=0x000C
08-26 17:32:22.650  1777  1991 I AiAiEcho: #postPredictionTargets: Sending updates to UISurface home with targets# 0 (types=[])
08-26 17:32:22.663   492   492 W skia    : AGTM parsing failed flags.readFromStream(s) at 159
08-26 17:32:22.663   492   492 W skia    : AGTM parsing failed flags.readFromStream(s) at 159
08-26 17:32:22.663   492   492 W skia    : AGTM parsing failed flags.readFromStream(s) at 159
08-26 17:32:22.663   492   492 W skia    : AGTM parsing failed flags.readFromStream(s) at 159
08-26 17:32:22.663   492   492 W skia    : AGTM parsing failed flags.readFromStream(s) at 159
08-26 17:32:22.668   492   534 W skia    : AGTM parsing failed flags.readFromStream(s) at 159
08-26 17:32:22.986   492   492 W skia    : AGTM parsing failed flags.readFromStream(s) at 159
08-26 17:32:22.994   492   534 W skia    : AGTM parsing failed flags.readFromStream(s) at 159
08-26 17:32:23.032   492   492 W skia    : AGTM parsing failed flags.readFromStream(s) at 159
08-26 17:32:23.044   438 23956 E android.hardware.audio@7.1-impl.ranchu: consumeThread: tinyalsa revents=0x000C
08-26 17:32:23.081   492   492 W skia    : AGTM parsing failed flags.readFromStream(s) at 159
08-26 17:32:23.113   492   492 W skia    : AGTM parsing failed flags.readFromStream(s) at 159
08-26 17:32:23.137   492   534 W skia    : AGTM parsing failed flags.readFromStream(s) at 159
08-26 17:32:23.164   492   492 W skia    : AGTM parsing failed flags.readFromStream(s) at 159
08-26 17:32:23.219   492   492 W skia    : AGTM parsing failed flags.readFromStream(s) at 159
08-26 17:32:23.245   492   534 W skia    : AGTM parsing failed flags.readFromStream(s) at 159
08-26 17:32:23.267   492   492 W skia    : AGTM parsing failed flags.readFromStream(s) at 159
08-26 17:32:23.296   492   492 W skia    : AGTM parsing failed flags.readFromStream(s) at 159
08-26 17:32:23.344   492   534 W skia    : AGTM parsing failed flags.readFromStream(s) at 159
08-26 17:32:23.364   492   492 W skia    : AGTM parsing failed flags.readFromStream(s) at 159
08-26 17:32:23.444   492   534 W skia    : AGTM parsing failed flags.readFromStream(s) at 159
08-26 17:32:23.611  1725  1896 W MediaProvider: isAppCloneUserPair for user 0: false
08-26 17:32:23.632 23957 23957 I AccessibilityNodeInfoDumper: Skipping invisible child: android.view.accessibility.AccessibilityNodeInfo@13930; boundsInParent: Rect(0, 0 - 549, 45); boundsInScreen: Rect(291, 2484 - 840, 2460); boundsInWindow: Rect(291, 2484 - 840, 2460); packageName: dev.quickapp.kit.android; className: android.widget.TextView; text: 出行 / 热卖; error: null; maxTextLength: -1; stateDescription: null; contentDescription: null; tooltipText: null; containerTitle: null; viewIdResName: null; uniqueId: null; checkable: false; checked: false; focusable: false; focused: false; selected: false; clickable: false; longClickable: false; contextClickable: false; enabled: true; password: false; scrollable: false; granularScrollingSupported: false; importantForAccessibility: true; visible: false; actions: [AccessibilityAction: ACTION_SELECT - null, AccessibilityAction: ACTION_CLEAR_SELECTION - null, AccessibilityAction: ACTION_ACCESSIBILITY_FOCUS - null, AccessibilityAction: ACTION_NEXT_AT_MOVEMENT_GRANULARITY - null, AccessibilityAction: ACTION_PREVIOUS_AT_MOVEMENT_GRANULARITY - null, AccessibilityAction: ACTION_SET_SELECTION - null, AccessibilityAction: ACTION_SHOW_ON_SCREEN - null]; isTextSelectable: false
08-26 17:32:23.632 23957 23957 I AccessibilityNodeInfoDumper: Skipping invisible child: android.view.accessibility.AccessibilityNodeInfo@13cf1; boundsInParent: Rect(0, 0 - 549, 45); boundsInScreen: Rect(291, 2529 - 840, 2460); boundsInWindow: Rect(291, 2529 - 840, 2460); packageName: dev.quickapp.kit.android; className: android.widget.TextView; text: 239 元; error: null; maxTextLength: -1; stateDescription: null; contentDescription: null; tooltipText: null; containerTitle: null; viewIdResName: null; uniqueId: null; checkable: false; checked: false; focusable: false; focused: false; selected: false; clickable: false; longClickable: false; contextClickable: false; enabled: true; password: false; scrollable: false; granularScrollingSupported: false; importantForAccessibility: true; visible: false; actions: [AccessibilityAction: ACTION_SELECT - null, AccessibilityAction: ACTION_CLEAR_SELECTION - null, AccessibilityAction: ACTION_ACCESSIBILITY_FOCUS - null, AccessibilityAction: ACTION_NEXT_AT_MOVEMENT_GRANULARITY - null, AccessibilityAction: ACTION_PREVIOUS_AT_MOVEMENT_GRANULARITY - null, AccessibilityAction: ACTION_SET_SELECTION - null, AccessibilityAction: ACTION_SHOW_ON_SCREEN - null]; isTextSelectable: false
08-26 17:32:23.633 23957 23957 I AccessibilityNodeInfoDumper: Skipping invisible child: android.view.accessibility.AccessibilityNodeInfo@14473; boundsInParent: Rect(0, 0 - 1209, 336); boundsInScreen: Rect(36, 2694 - 1245, 2460); boundsInWindow: Rect(36, 2694 - 1245, 2460); packageName: dev.quickapp.kit.android; className: android.widget.FrameLayout; text: null; error: null; maxTextLength: -1; stateDescription: null; contentDescription: null; tooltipText: null; containerTitle: null; viewIdResName: null; uniqueId: null; checkable: false; checked: false; focusable: false; focused: false; selected: false; clickable: false; longClickable: false; contextClickable: false; enabled: true; password: false; scrollable: false; granularScrollingSupported: false; importantForAccessibility: false; visible: false; actions: [AccessibilityAction: ACTION_SELECT - null, AccessibilityAction: ACTION_CLEAR_SELECTION - null, AccessibilityAction: ACTION_ACCESSIBILITY_FOCUS - null, AccessibilityAction: ACTION_SHOW_ON_SCREEN - null]; isTextSelectable: false
08-26 17:32:23.633 23957 23957 I AccessibilityNodeInfoDumper: Skipping invisible child: android.view.accessibility.AccessibilityNodeInfo@15eba; boundsInParent: Rect(0, 0 - 1209, 336); boundsInScreen: Rect(36, 3054 - 1245, 2460); boundsInWindow: Rect(36, 3054 - 1245, 2460); packageName: dev.quickapp.kit.android; className: android.widget.FrameLayout; text: null; error: null; maxTextLength: -1; stateDescription: null; contentDescription: null; tooltipText: null; containerTitle: null; viewIdResName: null; uniqueId: null; checkable: false; checked: false; focusable: false; focused: false; selected: false; clickable: false; longClickable: false; contextClickable: false; enabled: true; password: false; scrollable: false; granularScrollingSupported: false; importantForAccessibility: false; visible: false; actions: [AccessibilityAction: ACTION_SELECT - null, AccessibilityAction: ACTION_CLEAR_SELECTION - null, AccessibilityAction: ACTION_ACCESSIBILITY_FOCUS - null, AccessibilityAction: ACTION_SHOW_ON_SCREEN - null]; isTextSelectable: false
08-26 17:32:23.633 23957 23957 I AccessibilityNodeInfoDumper: Skipping invisible child: android.view.accessibility.AccessibilityNodeInfo@17901; boundsInParent: Rect(0, 0 - 1209, 336); boundsInScreen: Rect(36, 3414 - 1245, 2460); boundsInWindow: Rect(36, 3414 - 1245, 2460); packageName: dev.quickapp.kit.android; className: android.widget.FrameLayout; text: null; error: null; maxTextLength: -1; stateDescription: null; contentDescription: null; tooltipText: null; containerTitle: null; viewIdResName: null; uniqueId: null; checkable: false; checked: false; focusable: false; focused: false; selected: false; clickable: false; longClickable: false; contextClickable: false; enabled: true; password: false; scrollable: false; granularScrollingSupported: false; importantForAccessibility: false; visible: false; actions: [AccessibilityAction: ACTION_SELECT - null, AccessibilityAction: ACTION_CLEAR_SELECTION - null, AccessibilityAction: ACTION_ACCESSIBILITY_FOCUS - null, AccessibilityAction: ACTION_SHOW_ON_SCREEN - null]; isTextSelectable: false
08-26 17:32:23.633 23957 23957 I AccessibilityNodeInfoDumper: Skipping invisible child: android.view.accessibility.AccessibilityNodeInfo@19348; boundsInParent: Rect(0, 0 - 1209, 336); boundsInScreen: Rect(36, 3774 - 1245, 2460); boundsInWindow: Rect(36, 3774 - 1245, 2460); packageName: dev.quickapp.kit.android; className: android.widget.FrameLayout; text: null; error: null; maxTextLength: -1; stateDescription: null; contentDescription: null; tooltipText: null; containerTitle: null; viewIdResName: null; uniqueId: null; checkable: false; checked: false; focusable: false; focused: false; selected: false; clickable: false; longClickable: false; contextClickable: false; enabled: true; password: false; scrollable: false; granularScrollingSupported: false; importantForAccessibility: false; visible: false; actions: [AccessibilityAction: ACTION_SELECT - null, AccessibilityAction: ACTION_CLEAR_SELECTION - null, AccessibilityAction: ACTION_ACCESSIBILITY_FOCUS - null, AccessibilityAction: ACTION_SHOW_ON_SCREEN - null]; isTextSelectable: false
08-26 17:32:23.633 23957 23957 I AccessibilityNodeInfoDumper: Skipping invisible child: android.view.accessibility.AccessibilityNodeInfo@1ad8f; boundsInParent: Rect(0, 0 - 1209, 336); boundsInScreen: Rect(36, 4134 - 1245, 2460); boundsInWindow: Rect(36, 4134 - 1245, 2460); packageName: dev.quickapp.kit.android; className: android.widget.FrameLayout; text: null; error: null; maxTextLength: -1; stateDescription: null; contentDescription: null; tooltipText: null; containerTitle: null; viewIdResName: null; uniqueId: null; checkable: false; checked: false; focusable: false; focused: false; selected: false; clickable: false; longClickable: false; contextClickable: false; enabled: true; password: false; scrollable: false; granularScrollingSupported: false; importantForAccessibility: false; visible: false; actions: [AccessibilityAction: ACTION_SELECT - null, AccessibilityAction: ACTION_CLEAR_SELECTION - null, AccessibilityAction: ACTION_ACCESSIBILITY_FOCUS - null, AccessibilityAction: ACTION_SHOW_ON_SCREEN - null]; isTextSelectable: false
08-26 17:32:23.633 23957 23957 I AccessibilityNodeInfoDumper: Skipping invisible child: android.view.accessibility.AccessibilityNodeInfo@1c7d6; boundsInParent: Rect(0, 0 - 1209, 336); boundsInScreen: Rect(36, 4494 - 1245, 2460); boundsInWindow: Rect(36, 4494 - 1245, 2460); packageName: dev.quickapp.kit.android; className: android.widget.FrameLayout; text: null; error: null; maxTextLength: -1; stateDescription: null; contentDescription: null; tooltipText: null; containerTitle: null; viewIdResName: null; uniqueId: null; checkable: false; checked: false; focusable: false; focused: false; selected: false; clickable: false; longClickable: false; contextClickable: false; enabled: true; password: false; scrollable: false; granularScrollingSupported: false; importantForAccessibility: false; visible: false; actions: [AccessibilityAction: ACTION_SELECT - null, AccessibilityAction: ACTION_CLEAR_SELECTION - null, AccessibilityAction: ACTION_ACCESSIBILITY_FOCUS - null, AccessibilityAction: ACTION_SHOW_ON_SCREEN - null]; isTextSelectable: false
08-26 17:32:23.633 23957 23957 I AccessibilityNodeInfoDumper: Skipping invisible child: android.view.accessibility.AccessibilityNodeInfo@1e21d; boundsInParent: Rect(0, 0 - 1209, 336); boundsInScreen: Rect(36, 4854 - 1245, 2460); boundsInWindow: Rect(36, 4854 - 1245, 2460); packageName: dev.quickapp.kit.android; className: android.widget.FrameLayout; text: null; error: null; maxTextLength: -1; stateDescription: null; contentDescription: null; tooltipText: null; containerTitle: null; viewIdResName: null; uniqueId: null; checkable: false; checked: false; focusable: false; focused: false; selected: false; clickable: false; longClickable: false; contextClickable: false; enabled: true; password: false; scrollable: false; granularScrollingSupported: false; importantForAccessibility: false; visible: false; actions: [AccessibilityAction: ACTION_SELECT - null, AccessibilityAction: ACTION_CLEAR_SELECTION - null, AccessibilityAction: ACTION_ACCESSIBILITY_FOCUS - null, AccessibilityAction: ACTION_SHOW_ON_SCREEN - null]; isTextSelectable: false
08-26 17:32:23.633 23957 23957 I AccessibilityNodeInfoDumper: Skipping invisible child: android.view.accessibility.AccessibilityNodeInfo@1fc64; boundsInParent: Rect(0, 0 - 1209, 336); boundsInScreen: Rect(36, 5214 - 1245, 2460); boundsInWindow: Rect(36, 5214 - 1245, 2460); packageName: dev.quickapp.kit.android; className: android.widget.FrameLayout; text: null; error: null; maxTextLength: -1; stateDescription: null; contentDescription: null; tooltipText: null; containerTitle: null; viewIdResName: null; uniqueId: null; checkable: false; checked: false; focusable: false; focused: false; selected: false; clickable: false; longClickable: false; contextClickable: false; enabled: true; password: false; scrollable: false; granularScrollingSupported: false; importantForAccessibility: false; visible: false; actions: [AccessibilityAction: ACTION_SELECT - null, AccessibilityAction: ACTION_CLEAR_SELECTION - null, AccessibilityAction: ACTION_ACCESSIBILITY_FOCUS - null, AccessibilityAction: ACTION_SHOW_ON_SCREEN - null]; isTextSelectable: false
08-26 17:32:23.633 23957 23957 I AccessibilityNodeInfoDumper: Skipping invisible child: android.view.accessibility.AccessibilityNodeInfo@216ab; boundsInParent: Rect(0, 0 - 1209, 336); boundsInScreen: Rect(36, 5574 - 1245, 2460); boundsInWindow: Rect(36, 5574 - 1245, 2460); packageName: dev.quickapp.kit.android; className: android.widget.FrameLayout; text: null; error: null; maxTextLength: -1; stateDescription: null; contentDescription: null; tooltipText: null; containerTitle: null; viewIdResName: null; uniqueId: null; checkable: false; checked: false; focusable: false; focused: false; selected: false; clickable: false; longClickable: false; contextClickable: false; enabled: true; password: false; scrollable: false; granularScrollingSupported: false; importantForAccessibility: false; visible: false; actions: [AccessibilityAction: ACTION_SELECT - null, AccessibilityAction: ACTION_CLEAR_SELECTION - null, AccessibilityAction: ACTION_ACCESSIBILITY_FOCUS - null, AccessibilityAction: ACTION_SHOW_ON_SCREEN - null]; isTextSelectable: false
08-26 17:32:23.633 23957 23957 I AccessibilityNodeInfoDumper: Skipping invisible child: android.view.accessibility.AccessibilityNodeInfo@230f2; boundsInParent: Rect(0, 0 - 1209, 336); boundsInScreen: Rect(36, 5934 - 1245, 2460); boundsInWindow: Rect(36, 5934 - 1245, 2460); packageName: dev.quickapp.kit.android; className: android.widget.FrameLayout; text: null; error: null; maxTextLength: -1; stateDescription: null; contentDescription: null; tooltipText: null; containerTitle: null; viewIdResName: null; uniqueId: null; checkable: false; checked: false; focusable: false; focused: false; selected: false; clickable: false; longClickable: false; contextClickable: false; enabled: true; password: false; scrollable: false; granularScrollingSupported: false; importantForAccessibility: false; visible: false; actions: [AccessibilityAction: ACTION_SELECT - null, AccessibilityAction: ACTION_CLEAR_SELECTION - null, AccessibilityAction: ACTION_ACCESSIBILITY_FOCUS - null, AccessibilityAction: ACTION_SHOW_ON_SCREEN - null]; isTextSelectable: false
08-26 17:32:23.633 23957 23957 I AccessibilityNodeInfoDumper: Skipping invisible child: android.view.accessibility.AccessibilityNodeInfo@24b39; boundsInParent: Rect(0, 0 - 1209, 336); boundsInScreen: Rect(36, 6294 - 1245, 2460); boundsInWindow: Rect(36, 6294 - 1245, 2460); packageName: dev.quickapp.kit.android; className: android.widget.FrameLayout; text: null; error: null; maxTextLength: -1; stateDescription: null; contentDescription: null; tooltipText: null; containerTitle: null; viewIdResName: null; uniqueId: null; checkable: false; checked: false; focusable: false; focused: false; selected: false; clickable: false; longClickable: false; contextClickable: false; enabled: true; password: false; scrollable: false; granularScrollingSupported: false; importantForAccessibility: false; visible: false; actions: [AccessibilityAction: ACTION_SELECT - null, AccessibilityAction: ACTION_CLEAR_SELECTION - null, AccessibilityAction: ACTION_ACCESSIBILITY_FOCUS - null, AccessibilityAction: ACTION_SHOW_ON_SCREEN - null]; isTextSelectable: false
08-26 17:32:23.633 23957 23957 I AccessibilityNodeInfoDumper: Skipping invisible child: android.view.accessibility.AccessibilityNodeInfo@26580; boundsInParent: Rect(0, 0 - 1209, 336); boundsInScreen: Rect(36, 6654 - 1245, 2460); boundsInWindow: Rect(36, 6654 - 1245, 2460); packageName: dev.quickapp.kit.android; className: android.widget.FrameLayout; text: null; error: null; maxTextLength: -1; stateDescription: null; contentDescription: null; tooltipText: null; containerTitle: null; viewIdResName: null; uniqueId: null; checkable: false; checked: false; focusable: false; focused: false; selected: false; clickable: false; longClickable: false; contextClickable: false; enabled: true; password: false; scrollable: false; granularScrollingSupported: false; importantForAccessibility: false; visible: false; actions: [AccessibilityAction: ACTION_SELECT - null, AccessibilityAction: ACTION_CLEAR_SELECTION - null, AccessibilityAction: ACTION_ACCESSIBILITY_FOCUS - null, AccessibilityAction: ACTION_SHOW_ON_SCREEN - null]; isTextSelectable: false
08-26 17:32:23.633 23957 23957 I AccessibilityNodeInfoDumper: Skipping invisible child: android.view.accessibility.AccessibilityNodeInfo@27fc7; boundsInParent: Rect(0, 0 - 1209, 336); boundsInScreen: Rect(36, 7014 - 1245, 2460); boundsInWindow: Rect(36, 7014 - 1245, 2460); packageName: dev.quickapp.kit.android; className: android.widget.FrameLayout; text: null; error: null; maxTextLength: -1; stateDescription: null; contentDescription: null; tooltipText: null; containerTitle: null; viewIdResName: null; uniqueId: null; checkable: false; checked: false; focusable: false; focused: false; selected: false; clickable: false; longClickable: false; contextClickable: false; enabled: true; password: false; scrollable: false; granularScrollingSupported: false; importantForAccessibility: false; visible: false; actions: [AccessibilityAction: ACTION_SELECT - null, AccessibilityAction: ACTION_CLEAR_SELECTION - null, AccessibilityAction: ACTION_ACCESSIBILITY_FOCUS - null, AccessibilityAction: ACTION_SHOW_ON_SCREEN - null]; isTextSelectable: false
08-26 17:32:23.633 23957 23957 I AccessibilityNodeInfoDumper: Skipping invisible child: android.view.accessibility.AccessibilityNodeInfo@29a0e; boundsInParent: Rect(0, 0 - 1209, 336); boundsInScreen: Rect(36, 7374 - 1245, 2460); boundsInWindow: Rect(36, 7374 - 1245, 2460); packageName: dev.quickapp.kit.android; className: android.widget.FrameLayout; text: null; error: null; maxTextLength: -1; stateDescription: null; contentDescription: null; tooltipText: null; containerTitle: null; viewIdResName: null; uniqueId: null; checkable: false; checked: false; focusable: false; focused: false; selected: false; clickable: false; longClickable: false; contextClickable: false; enabled: true; password: false; scrollable: false; granularScrollingSupported: false; importantForAccessibility: false; visible: false; actions: [AccessibilityAction: ACTION_SELECT - null, AccessibilityAction: ACTION_CLEAR_SELECTION - null, AccessibilityAction: ACTION_ACCESSIBILITY_FOCUS - null, AccessibilityAction: ACTION_SHOW_ON_SCREEN - null]; isTextSelectable: false
08-26 17:32:23.633 23957 23957 I AccessibilityNodeInfoDumper: Skipping invisible child: android.view.accessibility.AccessibilityNodeInfo@2b455; boundsInParent: Rect(0, 0 - 1209, 336); boundsInScreen: Rect(36, 7734 - 1245, 2460); boundsInWindow: Rect(36, 7734 - 1245, 2460); packageName: dev.quickapp.kit.android; className: android.widget.FrameLayout; text: null; error: null; maxTextLength: -1; stateDescription: null; contentDescription: null; tooltipText: null; containerTitle: null; viewIdResName: null; uniqueId: null; checkable: false; checked: false; focusable: false; focused: false; selected: false; clickable: false; longClickable: false; contextClickable: false; enabled: true; password: false; scrollable: false; granularScrollingSupported: false; importantForAccessibility: false; visible: false; actions: [AccessibilityAction: ACTION_SELECT - null, AccessibilityAction: ACTION_CLEAR_SELECTION - null, AccessibilityAction: ACTION_ACCESSIBILITY_FOCUS - null, AccessibilityAction: ACTION_SHOW_ON_SCREEN - null]; isTextSelectable: false
08-26 17:32:23.638 23957 23957 W AccessibilityNodeInfoDumper: Fetch time: 29ms
08-26 17:32:23.639   657  1933 V AccessibilityManagerService: onUserStateChangedLocked for userId: 0, forceUpdate: false
08-26 17:32:23.640   657  1933 V AccessibilityUserState: updateShortcutTargets: type:accessibility_shortcut_target_service, current:{}, new:{}
08-26 17:32:23.640   657  1933 V AccessibilityUserState: updateShortcutTargets: type:accessibility_button_targets, current:{}, new:{}
08-26 17:32:23.640   657  1933 V AccessibilityUserState: updateShortcutTargets: type:accessibility_gesture_targets, current:{}, new:{}
08-26 17:32:23.640   657  1933 V AccessibilityUserState: updateShortcutTargets: type:accessibility_qs_targets, current:{}, new:{}
08-26 17:32:23.640  1777  2586 I AiAiEcho: Settings changed for uri: content://settings/secure/accessibility_enabled
08-26 17:32:23.640   657  1933 V AccessibilityUserState: updateShortcutTargets: type:accessibility_key_gesture_targets, current:{}, new:{}
08-26 17:32:23.640   657  1933 V AccessibilityUserState: updateShortcutTargets: type:accessibility_top_row_key_targets, current:{}, new:{}
08-26 17:32:23.640   657  1933 V AccessibilityUserState: updateShortcutTargets: type:accessibility_quick_access_targets, current:{}, new:{}
08-26 17:32:23.640   657  1933 W MagnificationConnectionManager: requestConnection duplicated request: connect=false, mConnectionState=DISCONNECTED
08-26 17:32:23.640   657  1933 D AccessibilityManagerService: restoreCurrentUserForTestAutomationIfNeededLocked(): ignoring because device doesn't support visible background users
08-26 17:32:23.641  1777  1991 I AiAiEcho: Predicting[0]:  [CONTEXT sampling_count=5 ]
08-26 17:32:23.641   657   657 W libbinder.IPCThreadState: Sending oneway calls to frozen process.
08-26 17:32:23.641   657   657 W libbinder.IPCThreadState: Sending oneway calls to frozen process.
08-26 17:32:23.641  1777  1991 I AiAiEcho: EchoTargets: 
08-26 17:32:23.641  1777  1991 I AiAiEcho: Filtered by AiAi flag check: 
08-26 17:32:23.641  1777  1991 I AiAiEcho: [CONTEXT ratelimit_period="10 SECONDS" ]
08-26 17:32:23.641   657   657 W libbinder.IPCThreadState: Sending oneway calls to frozen process.
08-26 17:32:23.641   657   657 W libbinder.IPCThreadState: Sending oneway calls to frozen process.
08-26 17:32:23.641  1777  1991 I AiAiEcho: #remoteViewsTwiddler: feature disabled.
08-26 17:32:23.641   657   657 W libbinder.IPCThreadState: Sending oneway calls to frozen process.
08-26 17:32:23.641   657   657 W libbinder.IPCThreadState: Sending oneway calls to frozen process.
08-26 17:32:23.641   657   657 W libbinder.IPCThreadState: Sending oneway calls to frozen process.
08-26 17:32:23.641  1777  1991 I AiAiEcho: #postPredictionTargets: Sending updates to UISurface home with targets# 0 (types=[])
08-26 17:32:23.641   657   657 W libbinder.IPCThreadState: Sending oneway calls to frozen process.
08-26 17:32:23.641   657   657 W libbinder.IPCThreadState: Sending oneway calls to frozen process.
08-26 17:32:23.641   657   657 W libbinder.IPCThreadState: Sending oneway calls to frozen process.
08-26 17:32:23.641   657   657 W libbinder.IPCThreadState: Sending oneway calls to frozen process.
08-26 17:32:23.641 23957 23957 D AndroidRuntime: Shutting down VM
08-26 17:32:23.641 23957 23966 W libbinder.IPCThreadState: call to talkWithDriver in joinThreadPool returned error: -9 (Bad file descriptor), FD: -1
08-26 17:32:23.641 23957 23970 W libbinder.IPCThreadState: call to talkWithDriver in joinThreadPool returned error: -9 (Bad file descriptor), FD: -1
08-26 17:32:23.641 23957 23967 W libbinder.IPCThreadState: call to talkWithDriver in joinThreadPool returned error: -9 (Bad file descriptor), FD: -1
08-26 17:32:23.641   657   657 W libbinder.IPCThreadState: Sending oneway calls to frozen process.
08-26 17:32:23.641   657   657 W libbinder.IPCThreadState: Sending oneway calls to frozen process.
08-26 17:32:23.641   657   657 W libbinder.IPCThreadState: Sending oneway calls to frozen process.
08-26 17:32:23.642   657   657 W libbinder.IPCThreadState: Sending oneway calls to frozen process.
08-26 17:32:23.642   657   657 W libbinder.IPCThreadState: Sending oneway calls to frozen process.
08-26 17:32:23.642   657   657 W libbinder.IPCThreadState: Sending oneway calls to frozen process.
08-26 17:32:23.642   657   657 W libbinder.IPCThreadState: Sending oneway calls to frozen process.
08-26 17:32:23.643   657   657 W libbinder.IPCThreadState: Sending oneway calls to frozen process.
08-26 17:32:23.643   657   657 W libbinder.IPCThreadState: Sending oneway calls to frozen process.
08-26 17:32:23.643   657   657 W libbinder.IPCThreadState: Sending oneway calls to frozen process.
08-26 17:32:23.643   657   657 D BatterySaverPolicy: accessibility changed to false, updating policy.
08-26 17:32:23.646   492   492 W skia    : AGTM parsing failed flags.readFromStream(s) at 159
08-26 17:32:23.646   492   492 W skia    : AGTM parsing failed flags.readFromStream(s) at 159
08-26 17:32:23.646   492   492 W skia    : AGTM parsing failed flags.readFromStream(s) at 159
08-26 17:32:23.646   492   492 W skia    : AGTM parsing failed flags.readFromStream(s) at 159
08-26 17:32:23.646   492   492 W skia    : AGTM parsing failed flags.readFromStream(s) at 159
08-26 17:32:23.648   492   534 W skia    : AGTM parsing failed flags.readFromStream(s) at 159
08-26 17:32:23.680   492   492 W skia    : AGTM parsing failed flags.readFromStream(s) at 159
08-26 17:32:23.680   492   492 W skia    : AGTM parsing failed flags.readFromStream(s) at 159
08-26 17:32:23.680   492   492 W skia    : AGTM parsing failed flags.readFromStream(s) at 159
08-26 17:32:23.680   492   492 W skia    : AGTM parsing failed flags.readFromStream(s) at 159
08-26 17:32:23.680   492   492 W skia    : AGTM parsing failed flags.readFromStream(s) at 159
08-26 17:32:23.713   492   492 W skia    : AGTM parsing failed flags.readFromStream(s) at 159
08-26 17:32:23.713   492   492 W skia    : AGTM parsing failed flags.readFromStream(s) at 159
08-26 17:32:23.713   492   492 W skia    : AGTM parsing failed flags.readFromStream(s) at 159
08-26 17:32:23.713   492   492 W skia    : AGTM parsing failed flags.readFromStream(s) at 159
08-26 17:32:23.713   492   492 W skia    : AGTM parsing failed flags.readFromStream(s) at 159
08-26 17:32:23.749   492   534 W skia    : AGTM parsing failed flags.readFromStream(s) at 159
08-26 17:32:24.407   438  2672 D android.hardware.audio@7.1-impl.ranchu: threadLoop: entering standby, frames: 16311296
08-26 17:32:24.408   438  2672 D android.hardware.audio@7.1-impl.ranchu: ~TinyalsaSink: joining consumeThread
08-26 17:32:24.408   438 23956 D android.hardware.audio@7.1-impl.ranchu: consumeThread: exiting
08-26 17:32:24.489   517   517 I adbd    : adbd service requested 'shell,v2,TERM=dumb,raw:cat /sdcard/home-a.xml'
08-26 17:32:24.525   517   517 I adbd    : adbd service requested 'shell,v2,TERM=dumb,raw:input tap 954 1062'
08-26 17:32:24.543 23888 23888 I QuickAppKit: android.input.click surface=srf:1 node=node:23
08-26 17:32:24.543 23888 23888 I QuickAppKit: android.event.click.received surface=srf:1 node=node:23
08-26 17:32:24.543 23888 23912 I QuickAppKit: android.event.js_callback posted=1 error=
08-26 17:32:24.543 23888 23912 I QuickAppKit: android.event.click.dispatched=1
08-26 17:32:24.543 23888 23915 I QuickAppKit: android.event.handler_execute surface=srf:1 handler=hdl:srf:1-2-blk:srf:1-6-lampA dispatched=1
08-26 17:32:24.544 23888 23912 I QuickAppKit: android.navigation.push request=req:j-100003 source=srf:1 uri=/pages/ProductDetail accepted=1
08-26 17:32:24.545 23888 23912 I QuickAppKit: android.native.create surface=srf:3
08-26 17:32:24.545   657   746 W AS.PlaybackActivityMon: No piid assigned for invalid/internal port id 16
08-26 17:32:24.545 23888 23912 I QuickAppKit: android.platform.create request=req:135 surface=srf:3
08-26 17:32:24.545 23888 23912 I QuickAppKit: android.stage=core.loop.controller.work
08-26 17:32:24.546   657   923 W AS.PlaybackActivityMon: No piid assigned for invalid/internal port id 16
08-26 17:32:24.547 23888 23888 I QuickAppKit: android.platform.create.ui surface=srf:3
08-26 17:32:24.547 23888 23888 I QuickAppKit: android.platform.create.ui.result=true
08-26 17:32:24.547 23888 23888 I QuickAppKit: android.stage=surface.result.received
08-26 17:32:24.547 23888 23888 I QuickAppKit: android.platform.create.completed surface=srf:3
08-26 17:32:24.547 23888 23912 I QuickAppKit: android.core.controller.drained count=1
08-26 17:32:24.549   488   516 D AudioFlinger: mixer(0xb40078b88a03b790) throttle end: throttle time(37)
08-26 17:32:24.549 23888 23912 I QuickAppKit: android.stage=surface.result.core
08-26 17:32:24.549 23888 23912 I QuickAppKit: android.stage=page.command.received
08-26 17:32:24.549 23888 23912 I QuickAppKit: android.stage=core.loop.controller.work
08-26 17:32:24.549 23888 23912 I QuickAppKit: android.core.controller.drained count=1
08-26 17:32:24.549 23888 23915 I QuickAppKit: android.stage=page.command.js
08-26 17:32:24.549 23888 23915 I QuickAppKit: android.stage=js.module.loaded
08-26 17:32:24.549 23888 23915 I QuickAppKit: android.js.module id=@quickapp-kit/page/pages/ProductDetail kind=page status=loaded error=
08-26 17:32:24.549 23888 23915 I QuickAppKit: android.stage=page.start.completed
08-26 17:32:24.550 23888 23912 I QuickAppKit: android.stage=initial.command.received
08-26 17:32:24.550 23888 23912 I QuickAppKit: android.stage=initial.command.coordinator
08-26 17:32:24.550 23888 23912 I QuickAppKit: android.stage=core.loop.controller.work
08-26 17:32:24.550 23888 23912 I QuickAppKit: android.core.controller.drained count=1
08-26 17:32:24.550 23888 23915 I QuickAppKit: android.stage=initial.command.js
08-26 17:32:24.551 23888 23915 I QuickAppKit: android.stage=page.vm.ready
08-26 17:32:24.551 23888 23915 I QuickAppKit: android.event.handler_bind surface=srf:3 handler=hdl:1 method=onAdd bound=1 method_ok=1 vm_ok=1
08-26 17:32:24.551 23888 23915 I QuickAppKit: android.event.handler_bind surface=srf:3 handler=hdl:2 method=onBack bound=1 method_ok=1 vm_ok=1
08-26 17:32:24.551 23888 23912 I QuickAppKit: android.stage=core.ingress.instantiate
08-26 17:32:24.552 23888 23912 I QuickAppKit: android.native.mount surface=srf:3 operations=47
08-26 17:32:24.552 23888 23912 I QuickAppKit: android.platform.mount surface=srf:3 operations=47
08-26 17:32:24.552 23888 23912 I QuickAppKit: android.stage=core.ingress.instantiate.accepted
08-26 17:32:24.552 23888 23912 I QuickAppKit: android.event.handlers count=24 hdl1node=node:7
08-26 17:32:24.564 23888 23888 I QuickAppKit: android.platform.mount.ui surface=srf:3
08-26 17:32:24.566 23888 23888 I QuickAppKit: android.platform.mount.result surface=srf:3 ok=true
08-26 17:32:24.566 23888 23888 I QuickAppKit: android.mount.result.received surface=srf:3 revision=0 attempt=mnt:3 source=req:j-3 mounted=1
08-26 17:32:24.567 23888 23912 I QuickAppKit: android.stage=core.initial.prepared
08-26 17:32:24.567 23888 23912 I QuickAppKit: android.initial.result surface=srf:3 prepared=1 error=
08-26 17:32:24.567 23888 23912 I QuickAppKit: android.initial.controller.enqueue=1
08-26 17:32:24.567 23888 23912 I QuickAppKit: android.mount.result.accepted=1
08-26 17:32:24.567 23888 23912 I QuickAppKit: android.native.surface.present.enter request=req:142 surface=srf:3
08-26 17:32:24.567 23888 23912 I QuickAppKit: android.native.present request=req:142 surface=srf:3 push=1
08-26 17:32:24.567 23888 23912 I QuickAppKit: android.platform.present request=req:142 surface=srf:3
08-26 17:32:24.567 23888 23912 I QuickAppKit: android.native.surface.present.exit posted=1
08-26 17:32:24.568 23888 23912 I QuickAppKit: android.stage=core.loop.controller.work
08-26 17:32:24.568 23888 23912 I QuickAppKit: android.core.controller.drained count=1
08-26 17:32:24.580   492   492 W skia    : AGTM parsing failed flags.readFromStream(s) at 159
08-26 17:32:24.583 23888 23888 I QuickAppKit: android.platform.present.ui surface=srf:3
08-26 17:32:24.583 23888 23888 I QuickAppKit: android.stage=surface.result.received
08-26 17:32:24.583   492   534 W skia    : AGTM parsing failed flags.readFromStream(s) at 159
08-26 17:32:24.584 23888 23912 I QuickAppKit: android.stage=surface.result.core
08-26 17:32:24.584 23888 23912 I QuickAppKit: android.stage=page.command.received
08-26 17:32:24.584 23888 23912 I QuickAppKit: android.stage=core.loop.controller.work
08-26 17:32:24.584 23888 23912 I QuickAppKit: android.core.controller.drained count=1
08-26 17:32:24.584 23888 23915 I QuickAppKit: android.stage=page.command.js
08-26 17:32:24.597 23888 23912 I QuickAppKit: android.stage=page.command.received
08-26 17:32:24.597 23888 23912 I QuickAppKit: android.stage=core.loop.controller.work
08-26 17:32:24.597 23888 23912 I QuickAppKit: android.core.controller.drained count=1
08-26 17:32:24.598 23888 23915 I QuickAppKit: android.stage=page.command.js
08-26 17:32:24.601 23888 23912 I QuickAppKit: android.stage=surface.operation.completed
08-26 17:32:24.602 23888 23912 I QuickAppKit: android.surface.operation kind=1 request=req:j-100003 target=srf:3 error=
08-26 17:32:24.602 23888 23912 I QuickAppKit: android.stage=core.loop.controller.work
08-26 17:32:24.602 23888 23912 I QuickAppKit: android.core.controller.drained count=1
08-26 17:32:24.602   488   516 D AudioFlinger: mixer(0xb40078b88a03b790) throttle end: throttle time(32)
08-26 17:32:24.615   492   492 W skia    : AGTM parsing failed flags.readFromStream(s) at 159
08-26 17:32:24.627   438 23978 E android.hardware.audio@7.1-impl.ranchu: consumeThread: tinyalsa revents=0x000C
08-26 17:32:24.679   492   492 W skia    : AGTM parsing failed flags.readFromStream(s) at 159
08-26 17:32:24.685   492   534 W skia    : AGTM parsing failed flags.readFromStream(s) at 159
08-26 17:32:24.710   488   505 I APM_AudioPolicyManager: getNewOutputDevices io 13 recent device override {AUDIO_DEVICE_OUT_SPEAKER, @:}
08-26 17:32:24.746   492   492 W skia    : AGTM parsing failed flags.readFromStream(s) at 159
08-26 17:32:24.779   492   492 W skia    : AGTM parsing failed flags.readFromStream(s) at 159
08-26 17:32:24.800   492   534 W skia    : AGTM parsing failed flags.readFromStream(s) at 159
08-26 17:32:24.813   492   492 W skia    : AGTM parsing failed flags.readFromStream(s) at 159
08-26 17:32:24.846   492   492 W skia    : AGTM parsing failed flags.readFromStream(s) at 159
08-26 17:32:24.879   492   492 W skia    : AGTM parsing failed flags.readFromStream(s) at 159
08-26 17:32:24.908   492   534 W skia    : AGTM parsing failed flags.readFromStream(s) at 159
08-26 17:32:24.912   492   492 W skia    : AGTM parsing failed flags.readFromStream(s) at 159
08-26 17:32:24.946   492   492 W skia    : AGTM parsing failed flags.readFromStream(s) at 159
08-26 17:32:25.008   492   534 W skia    : AGTM parsing failed flags.readFromStream(s) at 159
08-26 17:32:25.599   517   517 I adbd    : adbd service requested 'shell,v2,TERM=dumb,raw:uiautomator dump /sdcard/detail-b.xml'
08-26 17:32:25.682 23979 23979 D AndroidRuntime: >>>>>> START com.android.internal.os.RuntimeInit uid 2000 <<<<<<
08-26 17:32:25.684 23979 23979 I AndroidRuntime: Using default boot image
08-26 17:32:25.684 23979 23979 I AndroidRuntime: Leaving lock profiling enabled
08-26 17:32:25.685 23979 23979 I app_process: Core platform API enforcement reporting only by runtime option
08-26 17:32:25.686 23979 23979 I app_process: Using generational CollectorTypeCMC GC.
08-26 17:32:25.710 23979 23979 D nativeloader: InitDefaultPublicLibraries for_preload=1: libandroid.so:libaaudio.so:libamidi.so:libbinder_ndk.so:libc.so:libcamera2ndk.so:libdl.so:libEGL.so:libGLESv1_CM.so:libGLESv2.so:libGLESv3.so:libicu.so:libicui18n.so:libicuuc.so:libjnigraphics.so:liblog.so:libmediandk.so:libm.so:libnativehelper.so:libnativewindow.so:libOpenMAXAL.so:libOpenSLES.so:libRS.so:libstdc++.so:libsync.so:libvulkan.so:libwebviewchromium_plat_support.so:libz.so
08-26 17:32:25.715 23979 23979 D nativeloader: Load libicu_jni.so using APEX ns com_android_art for caller /apex/com.android.art/javalib/core-oj.jar: ok
08-26 17:32:25.715 23979 23979 D app_process: u_setTimeZoneFilesDirectory("/apex/com.android.tzdata/etc/tz/versioned/10/icu") succeeded. 
08-26 17:32:25.715 23979 23979 D app_process: I18n APEX ICU file found: /apex/com.android.i18n/etc/icu/icudt78l.dat
08-26 17:32:25.715 23979 23979 D nativeloader: Load libjavacore.so using APEX ns com_android_art for caller /apex/com.android.art/javalib/core-oj.jar: ok
08-26 17:32:25.715 23979 23979 D nativeloader: Load libopenjdk.so using APEX ns com_android_art for caller /apex/com.android.art/javalib/core-oj.jar: ok
08-26 17:32:25.716 23979 23979 I app_process: Priority-to-niceness mapping: 19, 16, 13, 10, 0, -2, -4, -5, -6, -8
08-26 17:32:25.716 23979 23979 W app_process: ClassLoaderContext shared library size mismatch. Expected=2, found=0 (PCL[]{PCL[/system/framework/android.test.base.jar*1579129895]#PCL[/system/framework/android.test.mock.jar*1147775851]} | PCL[])
08-26 17:32:25.717 23979 23979 W app_process: ClassLoaderContext classpath size mismatch. expected=0, found=1 (PCL[]{PCL[/system/framework/android.test.runner.jar*2652887513]{PCL[/system/framework/android.test.base.jar*1579129895]#PCL[/system/framework/android.test.mock.jar*1147775851]}#PCL[/system/framework/android.test.base.jar*1579129895]} | PCL[/system/framework/android.test.runner.jar*2652887513])
08-26 17:32:25.729 23979 23979 D nativeloader: Load libframework-connectivity-tiramisu-jni.so using APEX ns com_android_tethering for caller /apex/com.android.tethering/javalib/framework-connectivity-t.jar: ok
08-26 17:32:25.730 23979 23979 D AndroidRuntime: Calling main entry com.android.commands.uiautomator.Launcher
08-26 17:32:25.731 23979 23979 I AconfigPackage: android.media.swcodec.flags is mapped to com.android.media.swcodec
08-26 17:32:25.731 23979 23979 I AconfigPackage: com.android.permission.flags is mapped to com.android.permission
08-26 17:32:25.731 23979 23979 I AconfigPackage: com.android.permissioncontroller.flags is mapped to com.android.permission
08-26 17:32:25.731 23979 23979 I AconfigPackage: com.google.android.widevine.flags is mapped to com.google.android.widevine
08-26 17:32:25.731 23979 23979 I AconfigPackage: com.android.icu is mapped to com.android.i18n
08-26 17:32:25.731 23979 23979 I AconfigPackage: com.android.appsearch.flags is mapped to com.android.appsearch
08-26 17:32:25.731 23979 23979 I AconfigPackage: com.android.uprobestats.flags is mapped to com.android.uprobestats
08-26 17:32:25.732 23979 23979 I AconfigPackage: android.uprobestats.mainline.flags is mapped to com.android.uprobestats
08-26 17:32:25.732 23979 23979 I AconfigPackage: com.android.crashrecovery.flags is mapped to com.android.crashrecovery
08-26 17:32:25.732 23979 23979 I AconfigPackage: android.provider.flags is mapped to com.android.configinfrastructure
08-26 17:32:25.732 23979 23979 I AconfigPackage: com.android.server.deviceconfig is mapped to com.android.configinfrastructure
08-26 17:32:25.732 23979 23979 I AconfigPackage: com.android.art.flags is mapped to com.android.art
08-26 17:32:25.732 23979 23979 I AconfigPackage: com.android.art.rw.flags is mapped to com.android.art
08-26 17:32:25.732 23979 23979 I AconfigPackage: com.android.libcore is mapped to com.android.art
08-26 17:32:25.732 23979 23979 I AconfigPackage: android.telecom.flags is mapped to com.android.telephonycore
08-26 17:32:25.732 23979 23979 I AconfigPackage: com.android.internal.telecom.flags is mapped to com.android.telephonycore
08-26 17:32:25.732 23979 23979 I AconfigPackage: com.android.telephony.flags is mapped to com.android.telephonycore
08-26 17:32:25.732 23979 23979 I AconfigPackage: com.android.media.extractor.flags is mapped to com.android.media
08-26 17:32:25.732 23979 23979 I AconfigPackage: com.android.media.metrics.flags is mapped to com.android.media
08-26 17:32:25.732 23979 23979 I AconfigPackage: com.android.media.mainline.flags is mapped to com.android.media
08-26 17:32:25.732 23979 23979 I AconfigPackage: com.android.wifi.flags is mapped to com.android.wifi
08-26 17:32:25.732 23979 23979 I AconfigPackage: com.android.org.conscrypt.flags is mapped to com.android.conscrypt
08-26 17:32:25.732 23979 23979 I AconfigPackage: com.android.org.conscrypt.net.flags is mapped to com.android.conscrypt
08-26 17:32:25.732 23979 23979 I AconfigPackage: com.android.healthfitness.flags is mapped to com.android.healthfitness
08-26 17:32:25.732 23979 23979 I AconfigPackage: com.android.healthfitness.beta is mapped to com.android.healthfitness
08-26 17:32:25.732 23979 23979 I AconfigPackage: com.android.ipsec.flags is mapped to com.android.ipsec
08-26 17:32:25.732 23979 23979 I AconfigPackage: com.android.nfc.module.flags is mapped to com.android.nfcservices
08-26 17:32:25.732 23979 23979 I AconfigPackage: com.android.nfc.module.nonexported.flags is mapped to com.android.nfcservices
08-26 17:32:25.732 23979 23979 I AconfigPackage: com.android.adservices.ondevicepersonalization.flags is mapped to com.android.ondevicepersonalization
08-26 17:32:25.732 23979 23979 I AconfigPackage: com.android.scheduling.flags is mapped to com.android.scheduling
08-26 17:32:25.732 23979 23979 I AconfigPackage: com.android.adbd.flags is mapped to com.android.adbd
08-26 17:32:25.732 23979 23979 I AconfigPackage: com.android.bluetooth.beta.flags is mapped to com.android.bt
08-26 17:32:25.732 23979 23979 I AconfigPackage: com.android.bluetooth.flags is mapped to com.android.bt
08-26 17:32:25.732 23979 23979 I AconfigPackage: com.android.devicelock.flags is mapped to com.android.devicelock
08-26 17:32:25.732 23979 23979 I AconfigPackage: android.os.profiling is mapped to com.android.profiling
08-26 17:32:25.732 23979 23979 I AconfigPackage: android.os.profiling.anomaly.beta.flags is mapped to com.android.profiling
08-26 17:32:25.732 23979 23979 I AconfigPackage: android.os.profiling.anomaly.flags is mapped to com.android.profiling
08-26 17:32:25.732 23979 23979 I AconfigPackage: com.android.os.statsd.flags is mapped to com.android.os.statsd
08-26 17:32:25.732 23979 23979 I AconfigPackage: com.android.webapp.flags is mapped to com.android.webapp
08-26 17:32:25.733 23979 23979 I AconfigPackage: com.android.rkpd.flags is mapped to com.android.rkpd
08-26 17:32:25.733 23979 23979 I AconfigPackage: com.android.cellbroadcastreceiver.flags is mapped to com.android.cellbroadcast
08-26 17:32:25.733 23979 23979 I AconfigPackage: com.android.adservices.flags is mapped to com.android.adservices
08-26 17:32:25.733 23979 23979 I AconfigPackage: com.android.sdksandbox.flags is mapped to com.android.adservices
08-26 17:32:25.733 23979 23979 I AconfigPackage: android.app.sdksandbox.flags is mapped to com.android.adservices
08-26 17:32:25.733 23979 23979 I AconfigPackage: com.android.uwb.flags is mapped to com.android.uwb
08-26 17:32:25.733 23979 23979 I AconfigPackage: com.android.ranging.flags is mapped to com.android.uwb
08-26 17:32:25.733 23979 23979 I AconfigPackage: com.android.npumanager is mapped to com.android.npumanager
08-26 17:32:25.733 23979 23979 I AconfigPackage: com.android.signature.flags is mapped to com.android.mediaprovider
08-26 17:32:25.733 23979 23979 I AconfigPackage: com.android.providers.media.flags is mapped to com.android.mediaprovider
08-26 17:32:25.733 23979 23979 I AconfigPackage: android.graphics.pdf.flags is mapped to com.android.mediaprovider
08-26 17:32:25.733 23979 23979 I AconfigPackage: android.graphics.pdf.flags.readonly is mapped to com.android.mediaprovider
08-26 17:32:25.733 23979 23979 I AconfigPackage: com.android.tethering.mainline.beta is mapped to com.android.tethering
08-26 17:32:25.733 23979 23979 I AconfigPackage: android.net.http is mapped to com.android.tethering
08-26 17:32:25.733 23979 23979 I AconfigPackage: com.android.tethering.readonly.flags is mapped to com.android.tethering
08-26 17:32:25.733 23979 23979 I AconfigPackage: android.net.vcn is mapped to com.android.tethering
08-26 17:32:25.733 23979 23979 I AconfigPackage: com.android.net.flags is mapped to com.android.tethering
08-26 17:32:25.733 23979 23979 I AconfigPackage: com.android.tethering.flags is mapped to com.android.tethering
08-26 17:32:25.733 23979 23979 I AconfigPackage: com.android.tethering.beta.test is mapped to com.android.tethering
08-26 17:32:25.733 23979 23979 I AconfigPackage: com.android.nearby.flags is mapped to com.android.tethering
08-26 17:32:25.733 23979 23979 I AconfigPackage: com.android.net.thread.flags is mapped to com.android.tethering
08-26 17:32:25.733 23979 23979 I AconfigPackage: android.net.http.flags is mapped to com.android.tethering
08-26 17:32:25.733 23979 23979 I AconfigPackage: com.android.system.virtualmachine.flags is mapped to com.android.virt
08-26 17:32:25.733 23979 23979 E FeatureFlagsImplExport: android.os.flagging.AconfigStorageReadException: ERROR_PACKAGE_NOT_FOUND: package android.xr cannot be found on the device
08-26 17:32:25.734 23979 23979 D UiAutomationConnection: Created on user UserHandle{0}
08-26 17:32:25.734 23979 23979 I UiAutomation: Initialized for user 0 on display 0
08-26 17:32:25.734 23979 23979 W UiAutomation: Created with deprecatead constructor, assumes DEFAULT_DISPLAY
08-26 17:32:25.735   657  1933 D AccessibilityManagerService: changeCurrentUserForTestAutomationIfNeededLocked(0): ignoring because device doesn't support visible background users
08-26 17:32:25.735   657  1933 I UiAutomationManager: Registering UiTestAutomationService (id=com.android.server.accessibility/UiAutomation, flags=0x0) when called by user 0
08-26 17:32:25.735   657  1933 V AccessibilityManagerService: onUserStateChangedLocked for userId: 0, forceUpdate: false
08-26 17:32:25.735   657  1933 V AccessibilityUserState: updateShortcutTargets: type:accessibility_shortcut_target_service, current:{}, new:{}
08-26 17:32:25.735   657  1933 V AccessibilityUserState: updateShortcutTargets: type:accessibility_button_targets, current:{}, new:{}
08-26 17:32:25.735   657  1933 V AccessibilityUserState: updateShortcutTargets: type:accessibility_gesture_targets, current:{}, new:{}
08-26 17:32:25.735   657  1933 V AccessibilityUserState: updateShortcutTargets: type:accessibility_qs_targets, current:{}, new:{}
08-26 17:32:25.735   657  1933 V AccessibilityUserState: updateShortcutTargets: type:accessibility_key_gesture_targets, current:{}, new:{}
08-26 17:32:25.735   657  1933 V AccessibilityUserState: updateShortcutTargets: type:accessibility_top_row_key_targets, current:{}, new:{}
08-26 17:32:25.735   657  1933 V AccessibilityUserState: updateShortcutTargets: type:accessibility_quick_access_targets, current:{}, new:{}
08-26 17:32:25.735   657  1933 W MagnificationConnectionManager: requestConnection duplicated request: connect=false, mConnectionState=DISCONNECTED
08-26 17:32:25.736  1777  2586 I AiAiEcho: Settings changed for uri: content://settings/secure/accessibility_enabled
08-26 17:32:25.736   657   657 W libbinder.IPCThreadState: Sending oneway calls to frozen process.
08-26 17:32:25.736   657   657 W libbinder.IPCThreadState: Sending oneway calls to frozen process.
08-26 17:32:25.736   657   657 W libbinder.IPCThreadState: Sending oneway calls to frozen process.
08-26 17:32:25.736   657   657 W libbinder.IPCThreadState: Sending oneway calls to frozen process.
08-26 17:32:25.736   657   657 W libbinder.IPCThreadState: Sending oneway calls to frozen process.
08-26 17:32:25.736   657   657 W libbinder.IPCThreadState: Sending oneway calls to frozen process.
08-26 17:32:25.736   657   657 W libbinder.IPCThreadState: Sending oneway calls to frozen process.
08-26 17:32:25.736   657   657 W libbinder.IPCThreadState: Sending oneway calls to frozen process.
08-26 17:32:25.736   657   657 W libbinder.IPCThreadState: Sending oneway calls to frozen process.
08-26 17:32:25.736   657   657 W libbinder.IPCThreadState: Sending oneway calls to frozen process.
08-26 17:32:25.736   657   657 W libbinder.IPCThreadState: Sending oneway calls to frozen process.
08-26 17:32:25.736   657   657 W libbinder.IPCThreadState: Sending oneway calls to frozen process.
08-26 17:32:25.736   657   657 W libbinder.IPCThreadState: Sending oneway calls to frozen process.
08-26 17:32:25.736   657   657 W libbinder.IPCThreadState: Sending oneway calls to frozen process.
08-26 17:32:25.736   657   657 W libbinder.IPCThreadState: Sending oneway calls to frozen process.
08-26 17:32:25.736   657   657 W libbinder.IPCThreadState: Sending oneway calls to frozen process.
08-26 17:32:25.736   657   657 W libbinder.IPCThreadState: Sending oneway calls to frozen process.
08-26 17:32:25.736   657   657 W libbinder.IPCThreadState: Sending oneway calls to frozen process.
08-26 17:32:25.736   657   657 W libbinder.IPCThreadState: Sending oneway calls to frozen process.
08-26 17:32:25.736   657   657 W libbinder.IPCThreadState: Sending oneway calls to frozen process.
08-26 17:32:25.736   657   657 W libbinder.IPCThreadState: Sending oneway calls to frozen process.
08-26 17:32:25.736   657   657 D BatterySaverPolicy: accessibility changed to true, updating policy.
08-26 17:32:25.736  1777  1991 I AiAiEcho: Predicting[0]:  [CONTEXT sampling_count=5 ]
08-26 17:32:25.738  1095  1243 E SatelliteController: isSatelliteEnabled: mIsSatelliteEnabled=null
08-26 17:32:25.738  1095  1243 D SatelliteController: isInCarrierRoamingNbIotNtn: satellite is disabled
08-26 17:32:25.738  1095  1243 D SatelliteController: getCarrierRoamingNtnConnectType: Checking connect type from PLMN config for subId: 1
08-26 17:32:25.738  1095  1243 D TelephonyConfigUpdateInstallReceiver: getConfigParser: domain=satellite
08-26 17:32:25.738  1095  1243 V SatelliteController: satelliteConfigParser is not ready
08-26 17:32:25.738  1095  1243 D SatelliteController: isSatelliteAttachSupportedViaConfigupdater: return null (satelliteConfig is null)
08-26 17:32:25.738   657  2111 V AccessibilityManagerService: onUserStateChangedLocked for userId: 0, forceUpdate: false
08-26 17:32:25.738   657  2111 V AccessibilityUserState: updateShortcutTargets: type:accessibility_shortcut_target_service, current:{}, new:{}
08-26 17:32:25.738   657  2111 V AccessibilityUserState: updateShortcutTargets: type:accessibility_button_targets, current:{}, new:{}
08-26 17:32:25.738   657  2111 V AccessibilityUserState: updateShortcutTargets: type:accessibility_gesture_targets, current:{}, new:{}
08-26 17:32:25.738   657  2111 V AccessibilityUserState: updateShortcutTargets: type:accessibility_qs_targets, current:{}, new:{}
08-26 17:32:25.738   657  2111 V AccessibilityUserState: updateShortcutTargets: type:accessibility_key_gesture_targets, current:{}, new:{}
08-26 17:32:25.738   657  2111 V AccessibilityUserState: updateShortcutTargets: type:accessibility_top_row_key_targets, current:{}, new:{}
08-26 17:32:25.738   657  2111 V AccessibilityUserState: updateShortcutTargets: type:accessibility_quick_access_targets, current:{}, new:{}
08-26 17:32:25.738   657  2111 W MagnificationConnectionManager: requestConnection duplicated request: connect=false, mConnectionState=DISCONNECTED
08-26 17:32:25.738  1095  1243 D SatelliteController: getConfigForSubId: subId= 1, config= PersistableBundle[{satellite_esos_supported_bool=false, satellite_connection_hysteresis_sec_int=180, satellite_supported_disaster_plmn_string_array=[], regional_satellite_earfcn_bundle=PersistableBundle[{}], satellite_entitlement_supported_bool=false, satellite_supported_emergency_plmn_string_array=[], satellite_configs_per_plmn_bundle=PersistableBundle[{}], satellite_sos_max_datagram_size_bytes_int=255, satellite_supported_msg_apps_string_array=[com.google.android.apps.messaging], satellite_connected_notification_throttle_millis_int=604800000, satellite_display_name_string=, satellite_roaming_p2p_sms_inactivity_timeout_sec_int=180, satellite_roaming_turn_off_session_for_emergency_call_bool=true, emergency_messaging_supported_bool=false, carrier_roaming_satellite_emergency_messaging_provider_per_country_bundle=PersistableBundle[{}], satellite_data_support_mode_int=0, carrier_roaming_ntn_connect_type_int=0, satellite_attach_supported_bool=false, carrier_roaming_satellite_emergency_messaging_redirection_destination_string=, satellite_nidd_apn_name_string=, carrier_supported_satellite_services_per_provider_bundle=PersistableBundle[{310830=[2, 3, 6]}], satellite_roaming_esos_inactivity_timeout_sec_int=300, carrier_supported_satellite_notification_hysteresis_sec_int=180, carrier_config_applied_bool=true, carrier_roaming_ntn_emergency_call_to_satellite_handover_type_int=2, carrier_roaming_satellite_default_services_int_array=[2, 3, 6], imsserviceentitlement.entitlement_server_url_string=, emergency_call_to_satellite_t911_handover_timeout_millis_int=30000, satellite_roaming_p2p_sms_supported_bool=false, carrier_config_version_string=, satellite_roaming_screen_off_inactivity_timeout_sec_int=30}]
08-26 17:32:25.738   657  1857 W libbinder.IPCThreadState: Sending oneway calls to frozen process.
08-26 17:32:25.738  1095  1243 D SatelliteController: isSatelliteSupportedViaCarrier: using CarrierConfig for subId=1, isAttachSupported=false
08-26 17:32:25.738  1095  1243 D SatelliteController: getSatellitePerPlmnConfiguration: invalid subId or not supported via carrier.
08-26 17:32:25.738  1095  1243 D SatelliteController: getCarrierRoamingNtnConnectType: config: null
08-26 17:32:25.738  1095  1243 D TelephonyConfigUpdateInstallReceiver: getConfigParser: domain=satellite
08-26 17:32:25.738  1095  1243 V SatelliteController: satelliteConfigParser is not ready
08-26 17:32:25.738  1095  1243 D SatelliteController: getCarrierRoamingNtnConnectTypeViaConfigUpdater: return null (satelliteConfig is null)
08-26 17:32:25.739  1095  1243 D SatelliteController: getConfigForSubId: subId= 1, config= PersistableBundle[{satellite_esos_supported_bool=false, satellite_connection_hysteresis_sec_int=180, satellite_supported_disaster_plmn_string_array=[], regional_satellite_earfcn_bundle=PersistableBundle[{}], satellite_entitlement_supported_bool=false, satellite_supported_emergency_plmn_string_array=[], satellite_configs_per_plmn_bundle=PersistableBundle[{}], satellite_sos_max_datagram_size_bytes_int=255, satellite_supported_msg_apps_string_array=[com.google.android.apps.messaging], satellite_connected_notification_throttle_millis_int=604800000, satellite_display_name_string=, satellite_roaming_p2p_sms_inactivity_timeout_sec_int=180, satellite_roaming_turn_off_session_for_emergency_call_bool=true, emergency_messaging_supported_bool=false, carrier_roaming_satellite_emergency_messaging_provider_per_country_bundle=PersistableBundle[{}], satellite_data_support_mode_int=0, carrier_roaming_ntn_connect_type_int=0, satellite_attach_supported_bool=false, carrier_roaming_satellite_emergency_messaging_redirection_destination_string=, satellite_nidd_apn_name_string=, carrier_supported_satellite_services_per_provider_bundle=PersistableBundle[{310830=[2, 3, 6]}], satellite_roaming_esos_inactivity_timeout_sec_int=300, carrier_supported_satellite_notification_hysteresis_sec_int=180, carrier_config_applied_bool=true, carrier_roaming_ntn_emergency_call_to_satellite_handover_type_int=2, carrier_roaming_satellite_default_services_int_array=[2, 3, 6], imsserviceentitlement.entitlement_server_url_string=, emergency_call_to_satellite_t911_handover_timeout_millis_int=30000, satellite_roaming_p2p_sms_supported_bool=false, carrier_config_version_string=, satellite_roaming_screen_off_inactivity_timeout_sec_int=30}]
08-26 17:32:25.739  1095  1243 D SatelliteController: getCarrierRoamingNtnConnectType: Falling back to global carrier config connect type: 0
08-26 17:32:25.739  1095  1243 D TelephonyConfigUpdateInstallReceiver: getConfigParser: domain=satellite
08-26 17:32:25.739  1095  1243 V SatelliteController: satelliteConfigParser is not ready
08-26 17:32:25.739  1095  1243 D SatelliteController: isSatelliteAttachSupportedViaConfigupdater: return null (satelliteConfig is null)
08-26 17:32:25.739   657   657 W libbinder.IPCThreadState: Sending oneway calls to frozen process.
08-26 17:32:25.739   657   657 W libbinder.IPCThreadState: Sending oneway calls to frozen process.
08-26 17:32:25.739  1095  1243 D SatelliteController: getConfigForSubId: subId= 1, config= PersistableBundle[{satellite_esos_supported_bool=false, satellite_connection_hysteresis_sec_int=180, satellite_supported_disaster_plmn_string_array=[], regional_satellite_earfcn_bundle=PersistableBundle[{}], satellite_entitlement_supported_bool=false, satellite_supported_emergency_plmn_string_array=[], satellite_configs_per_plmn_bundle=PersistableBundle[{}], satellite_sos_max_datagram_size_bytes_int=255, satellite_supported_msg_apps_string_array=[com.google.android.apps.messaging], satellite_connected_notification_throttle_millis_int=604800000, satellite_display_name_string=, satellite_roaming_p2p_sms_inactivity_timeout_sec_int=180, satellite_roaming_turn_off_session_for_emergency_call_bool=true, emergency_messaging_supported_bool=false, carrier_roaming_satellite_emergency_messaging_provider_per_country_bundle=PersistableBundle[{}], satellite_data_support_mode_int=0, carrier_roaming_ntn_connect_type_int=0, satellite_attach_supported_bool=false, carrier_roaming_satellite_emergency_messaging_redirection_destination_string=, satellite_nidd_apn_name_string=, carrier_supported_satellite_services_per_provider_bundle=PersistableBundle[{310830=[2, 3, 6]}], satellite_roaming_esos_inactivity_timeout_sec_int=300, carrier_supported_satellite_notification_hysteresis_sec_int=180, carrier_config_applied_bool=true, carrier_roaming_ntn_emergency_call_to_satellite_handover_type_int=2, carrier_roaming_satellite_default_services_int_array=[2, 3, 6], imsserviceentitlement.entitlement_server_url_string=, emergency_call_to_satellite_t911_handover_timeout_millis_int=30000, satellite_roaming_p2p_sms_supported_bool=false, carrier_config_version_string=, satellite_roaming_screen_off_inactivity_timeout_sec_int=30}]
08-26 17:32:25.739  1095  1243 D SatelliteController: isSatelliteSupportedViaCarrier: using CarrierConfig for subId=1, isAttachSupported=false
08-26 17:32:25.739  1095  1243 D SatelliteController: isInSatelliteModeForCarrierRoaming: subId=1, connectType=0, result=false
08-26 17:32:25.739  1095  1243 D SatelliteController: getCarrierRoamingNtnConnectType: Checking connect type from PLMN config for subId: 1
08-26 17:32:25.739  1095  1243 D TelephonyConfigUpdateInstallReceiver: getConfigParser: domain=satellite
08-26 17:32:25.739  1095  1243 V SatelliteController: satelliteConfigParser is not ready
08-26 17:32:25.739  1095  1243 D SatelliteController: isSatelliteAttachSupportedViaConfigupdater: return null (satelliteConfig is null)
08-26 17:32:25.739   657   657 W libbinder.IPCThreadState: Sending oneway calls to frozen process.
08-26 17:32:25.739  1095  1243 D SatelliteController: getConfigForSubId: subId= 1, config= PersistableBundle[{satellite_esos_supported_bool=false, satellite_connection_hysteresis_sec_int=180, satellite_supported_disaster_plmn_string_array=[], regional_satellite_earfcn_bundle=PersistableBundle[{}], satellite_entitlement_supported_bool=false, satellite_supported_emergency_plmn_string_array=[], satellite_configs_per_plmn_bundle=PersistableBundle[{}], satellite_sos_max_datagram_size_bytes_int=255, satellite_supported_msg_apps_string_array=[com.google.android.apps.messaging], satellite_connected_notification_throttle_millis_int=604800000, satellite_display_name_string=, satellite_roaming_p2p_sms_inactivity_timeout_sec_int=180, satellite_roaming_turn_off_session_for_emergency_call_bool=true, emergency_messaging_supported_bool=false, carrier_roaming_satellite_emergency_messaging_provider_per_country_bundle=PersistableBundle[{}], satellite_data_support_mode_int=0, carrier_roaming_ntn_connect_type_int=0, satellite_attach_supported_bool=false, carrier_roaming_satellite_emergency_messaging_redirection_destination_string=, satellite_nidd_apn_name_string=, carrier_supported_satellite_services_per_provider_bundle=PersistableBundle[{310830=[2, 3, 6]}], satellite_roaming_esos_inactivity_timeout_sec_int=300, carrier_supported_satellite_notification_hysteresis_sec_int=180, carrier_config_applied_bool=true, carrier_roaming_ntn_emergency_call_to_satellite_handover_type_int=2, carrier_roaming_satellite_default_services_int_array=[2, 3, 6], imsserviceentitlement.entitlement_server_url_string=, emergency_call_to_satellite_t911_handover_timeout_millis_int=30000, satellite_roaming_p2p_sms_supported_bool=false, carrier_config_version_string=, satellite_roaming_screen_off_inactivity_timeout_sec_int=30}]
08-26 17:32:25.739  1095  1243 D SatelliteController: isSatelliteSupportedViaCarrier: using CarrierConfig for subId=1, isAttachSupported=false
08-26 17:32:25.739  1095  1243 D SatelliteController: getSatellitePerPlmnConfiguration: invalid subId or not supported via carrier.
08-26 17:32:25.739  1095  1243 D SatelliteController: getCarrierRoamingNtnConnectType: config: null
08-26 17:32:25.739  1095  1243 D TelephonyConfigUpdateInstallReceiver: getConfigParser: domain=satellite
08-26 17:32:25.739   657   657 W libbinder.IPCThreadState: Sending oneway calls to frozen process.
08-26 17:32:25.739  1095  1243 V SatelliteController: satelliteConfigParser is not ready
08-26 17:32:25.739  1095  1243 D SatelliteController: getCarrierRoamingNtnConnectTypeViaConfigUpdater: return null (satelliteConfig is null)
08-26 17:32:25.739   657   657 W libbinder.IPCThreadState: Sending oneway calls to frozen process.
08-26 17:32:25.739   657   657 W libbinder.IPCThreadState: Sending oneway calls to frozen process.
08-26 17:32:25.739   657   657 W libbinder.IPCThreadState: Sending oneway calls to frozen process.
08-26 17:32:25.739   657   657 W libbinder.IPCThreadState: Sending oneway calls to frozen process.
08-26 17:32:25.739   657   657 W libbinder.IPCThreadState: Sending oneway calls to frozen process.
08-26 17:32:25.739   657   657 W libbinder.IPCThreadState: Sending oneway calls to frozen process.
08-26 17:32:25.739   657   657 W libbinder.IPCThreadState: Sending oneway calls to frozen process.
08-26 17:32:25.739  1095  1243 D SatelliteController: getConfigForSubId: subId= 1, config= PersistableBundle[{satellite_esos_supported_bool=false, satellite_connection_hysteresis_sec_int=180, satellite_supported_disaster_plmn_string_array=[], regional_satellite_earfcn_bundle=PersistableBundle[{}], satellite_entitlement_supported_bool=false, satellite_supported_emergency_plmn_string_array=[], satellite_configs_per_plmn_bundle=PersistableBundle[{}], satellite_sos_max_datagram_size_bytes_int=255, satellite_supported_msg_apps_string_array=[com.google.android.apps.messaging], satellite_connected_notification_throttle_millis_int=604800000, satellite_display_name_string=, satellite_roaming_p2p_sms_inactivity_timeout_sec_int=180, satellite_roaming_turn_off_session_for_emergency_call_bool=true, emergency_messaging_supported_bool=false, carrier_roaming_satellite_emergency_messaging_provider_per_country_bundle=PersistableBundle[{}], satellite_data_support_mode_int=0, carrier_roaming_ntn_connect_type_int=0, satellite_attach_supported_bool=false, carrier_roaming_satellite_emergency_messaging_redirection_destination_string=, satellite_nidd_apn_name_string=, carrier_supported_satellite_services_per_provider_bundle=PersistableBundle[{310830=[2, 3, 6]}], satellite_roaming_esos_inactivity_timeout_sec_int=300, carrier_supported_satellite_notification_hysteresis_sec_int=180, carrier_config_applied_bool=true, carrier_roaming_ntn_emergency_call_to_satellite_handover_type_int=2, carrier_roaming_satellite_default_services_int_array=[2, 3, 6], imsserviceentitlement.entitlement_server_url_string=, emergency_call_to_satellite_t911_handover_timeout_millis_int=30000, satellite_roaming_p2p_sms_supported_bool=false, carrier_config_version_string=, satellite_roaming_screen_off_inactivity_timeout_sec_int=30}]
08-26 17:32:25.739  1095  1243 D SatelliteController: getCarrierRoamingNtnConnectType: Falling back to global carrier config connect type: 0
08-26 17:32:25.739  1095  1243 D TelephonyConfigUpdateInstallReceiver: getConfigParser: domain=satellite
08-26 17:32:25.739  1095  1243 V SatelliteController: satelliteConfigParser is not ready
08-26 17:32:25.739  1095  1243 D SatelliteController: isSatelliteAttachSupportedViaConfigupdater: return null (satelliteConfig is null)
08-26 17:32:25.739   657   657 W libbinder.IPCThreadState: Sending oneway calls to frozen process.
08-26 17:32:25.739   657   657 W libbinder.IPCThreadState: Sending oneway calls to frozen process.
08-26 17:32:25.739   657   657 W libbinder.IPCThreadState: Sending oneway calls to frozen process.
08-26 17:32:25.739  1095  1243 D SatelliteController: getConfigForSubId: subId= 1, config= PersistableBundle[{satellite_esos_supported_bool=false, satellite_connection_hysteresis_sec_int=180, satellite_supported_disaster_plmn_string_array=[], regional_satellite_earfcn_bundle=PersistableBundle[{}], satellite_entitlement_supported_bool=false, satellite_supported_emergency_plmn_string_array=[], satellite_configs_per_plmn_bundle=PersistableBundle[{}], satellite_sos_max_datagram_size_bytes_int=255, satellite_supported_msg_apps_string_array=[com.google.android.apps.messaging], satellite_connected_notification_throttle_millis_int=604800000, satellite_display_name_string=, satellite_roaming_p2p_sms_inactivity_timeout_sec_int=180, satellite_roaming_turn_off_session_for_emergency_call_bool=true, emergency_messaging_supported_bool=false, carrier_roaming_satellite_emergency_messaging_provider_per_country_bundle=PersistableBundle[{}], satellite_data_support_mode_int=0, carrier_roaming_ntn_connect_type_int=0, satellite_attach_supported_bool=false, carrier_roaming_satellite_emergency_messaging_redirection_destination_string=, satellite_nidd_apn_name_string=, carrier_supported_satellite_services_per_provider_bundle=PersistableBundle[{310830=[2, 3, 6]}], satellite_roaming_esos_inactivity_timeout_sec_int=300, carrier_supported_satellite_notification_hysteresis_sec_int=180, carrier_config_applied_bool=true, carrier_roaming_ntn_emergency_call_to_satellite_handover_type_int=2, carrier_roaming_satellite_default_services_int_array=[2, 3, 6], imsserviceentitlement.entitlement_server_url_string=, emergency_call_to_satellite_t911_handover_timeout_millis_int=30000, satellite_roaming_p2p_sms_supported_bool=false, carrier_config_version_string=, satellite_roaming_screen_off_inactivity_timeout_sec_int=30}]
08-26 17:32:25.739  1095  1243 D SatelliteController: isSatelliteSupportedViaCarrier: using CarrierConfig for subId=1, isAttachSupported=false
08-26 17:32:25.739  1095  1243 D SatelliteController: isInSatelliteModeForCarrierRoaming: subId=1, connectType=0, result=false
08-26 17:32:25.740  1777  1991 I AiAiEcho: EchoTargets: 
08-26 17:32:25.740  1777  1991 I AiAiEcho: Filtered by AiAi flag check: 
08-26 17:32:25.740  1777  1991 I AiAiEcho: [CONTEXT ratelimit_period="10 SECONDS" ]
08-26 17:32:25.740  1777  1991 I AiAiEcho: #remoteViewsTwiddler: feature disabled.
08-26 17:32:25.740  1777  1991 I AiAiEcho: #postPredictionTargets: Sending updates to UISurface home with targets# 0 (types=[])
08-26 17:32:25.743  1777  8087 I AiAiEcho: Settings changed for uri: content://settings/secure/accessibility_enabled
08-26 17:32:25.743   657   923 D AccessibilityManagerService: .getAccessibilityShortcutTargets {shortcutType=32, userId=0}
08-26 17:32:25.743  1777  1991 I AiAiEcho: Predicting[0]:  [CONTEXT sampling_count=5 ]
08-26 17:32:25.743  1777  1991 I AiAiEcho: EchoTargets: 
08-26 17:32:25.743  1777  1991 I AiAiEcho: Filtered by AiAi flag check: 
08-26 17:32:25.743  1777  1991 I AiAiEcho: [CONTEXT ratelimit_period="10 SECONDS" ]
08-26 17:32:25.743  1777  1991 I AiAiEcho: #remoteViewsTwiddler: feature disabled.
08-26 17:32:25.743  1777  1991 I AiAiEcho: #postPredictionTargets: Sending updates to UISurface home with targets# 0 (types=[])
08-26 17:32:25.746   492   492 W skia    : AGTM parsing failed flags.readFromStream(s) at 159
08-26 17:32:25.746   492   492 W skia    : AGTM parsing failed flags.readFromStream(s) at 159
08-26 17:32:25.746   492   492 W skia    : AGTM parsing failed flags.readFromStream(s) at 159
08-26 17:32:25.746   492   492 W skia    : AGTM parsing failed flags.readFromStream(s) at 159
08-26 17:32:25.746   492   492 W skia    : AGTM parsing failed flags.readFromStream(s) at 159
08-26 17:32:25.747   492   534 W skia    : AGTM parsing failed flags.readFromStream(s) at 159
08-26 17:32:25.779   492   492 W skia    : AGTM parsing failed flags.readFromStream(s) at 159
08-26 17:32:25.779   492   492 W skia    : AGTM parsing failed flags.readFromStream(s) at 159
08-26 17:32:25.779   492   492 W skia    : AGTM parsing failed flags.readFromStream(s) at 159
08-26 17:32:25.779   492   492 W skia    : AGTM parsing failed flags.readFromStream(s) at 159
08-26 17:32:25.779   492   492 W skia    : AGTM parsing failed flags.readFromStream(s) at 159
08-26 17:32:25.848   492   534 W skia    : AGTM parsing failed flags.readFromStream(s) at 159
08-26 17:32:26.758  1725  1893 W MediaProvider: isAppCloneUserPair for user 0: false
08-26 17:32:26.767 23979 23979 W AccessibilityNodeInfoDumper: Fetch time: 13ms
08-26 17:32:26.770   657  1866 V AccessibilityManagerService: onUserStateChangedLocked for userId: 0, forceUpdate: false
08-26 17:32:26.772   657  1866 V AccessibilityUserState: updateShortcutTargets: type:accessibility_shortcut_target_service, current:{}, new:{}
08-26 17:32:26.772   657  1866 V AccessibilityUserState: updateShortcutTargets: type:accessibility_button_targets, current:{}, new:{}
08-26 17:32:26.772   657  1866 V AccessibilityUserState: updateShortcutTargets: type:accessibility_gesture_targets, current:{}, new:{}
08-26 17:32:26.772   657  1866 V AccessibilityUserState: updateShortcutTargets: type:accessibility_qs_targets, current:{}, new:{}
08-26 17:32:26.772   657  1866 V AccessibilityUserState: updateShortcutTargets: type:accessibility_key_gesture_targets, current:{}, new:{}
08-26 17:32:26.772   657  1866 V AccessibilityUserState: updateShortcutTargets: type:accessibility_top_row_key_targets, current:{}, new:{}
08-26 17:32:26.772   657  1866 V AccessibilityUserState: updateShortcutTargets: type:accessibility_quick_access_targets, current:{}, new:{}
08-26 17:32:26.772   657  1866 W MagnificationConnectionManager: requestConnection duplicated request: connect=false, mConnectionState=DISCONNECTED
08-26 17:32:26.772   657  1866 D AccessibilityManagerService: restoreCurrentUserForTestAutomationIfNeededLocked(): ignoring because device doesn't support visible background users
08-26 17:32:26.772   657   657 W libbinder.IPCThreadState: Sending oneway calls to frozen process.
08-26 17:32:26.772   657   657 W libbinder.IPCThreadState: Sending oneway calls to frozen process.
08-26 17:32:26.772   657   657 W libbinder.IPCThreadState: Sending oneway calls to frozen process.
08-26 17:32:26.772   657   657 W libbinder.IPCThreadState: Sending oneway calls to frozen process.
08-26 17:32:26.772   657   657 W libbinder.IPCThreadState: Sending oneway calls to frozen process.
08-26 17:32:26.772   657   657 W libbinder.IPCThreadState: Sending oneway calls to frozen process.
08-26 17:32:26.772   657   657 W libbinder.IPCThreadState: Sending oneway calls to frozen process.
08-26 17:32:26.772   657   657 W libbinder.IPCThreadState: Sending oneway calls to frozen process.
08-26 17:32:26.772   657   657 W libbinder.IPCThreadState: Sending oneway calls to frozen process.
08-26 17:32:26.773   657   657 W libbinder.IPCThreadState: Sending oneway calls to frozen process.
08-26 17:32:26.773   657   657 W libbinder.IPCThreadState: Sending oneway calls to frozen process.
08-26 17:32:26.774  1777  2586 I AiAiEcho: Settings changed for uri: content://settings/secure/accessibility_enabled
08-26 17:32:26.774 23979 23979 D AndroidRuntime: Shutting down VM
08-26 17:32:26.774 23979 23988 W libbinder.IPCThreadState: call to talkWithDriver in joinThreadPool returned error: -9 (Bad file descriptor), FD: -1
08-26 17:32:26.776 23979 23989 W libbinder.IPCThreadState: call to talkWithDriver in joinThreadPool returned error: -9 (Bad file descriptor), FD: -1
08-26 17:32:26.777  1777  1991 I AiAiEcho: Predicting[0]:  [CONTEXT sampling_count=5 ]
08-26 17:32:26.778  1777  1991 I AiAiEcho: EchoTargets: 
08-26 17:32:26.778  1777  1991 I AiAiEcho: Filtered by AiAi flag check: 
08-26 17:32:26.778  1777  1991 I AiAiEcho: [CONTEXT ratelimit_period="10 SECONDS" ]
08-26 17:32:26.778  1777  1991 I AiAiEcho: #remoteViewsTwiddler: feature disabled.
08-26 17:32:26.778  1777  1991 I AiAiEcho: #postPredictionTargets: Sending updates to UISurface home with targets# 0 (types=[])
08-26 17:32:26.781   492   492 W skia    : AGTM parsing failed flags.readFromStream(s) at 159
08-26 17:32:26.781   492   492 W skia    : AGTM parsing failed flags.readFromStream(s) at 159
08-26 17:32:26.781   492   492 W skia    : AGTM parsing failed flags.readFromStream(s) at 159
08-26 17:32:26.781   492   492 W skia    : AGTM parsing failed flags.readFromStream(s) at 159
08-26 17:32:26.781   492   492 W skia    : AGTM parsing failed flags.readFromStream(s) at 159
08-26 17:32:26.784   657   657 W libbinder.IPCThreadState: Sending oneway calls to frozen process.
08-26 17:32:26.784   657   657 W libbinder.IPCThreadState: Sending oneway calls to frozen process.
08-26 17:32:26.784   657   657 W libbinder.IPCThreadState: Sending oneway calls to frozen process.
08-26 17:32:26.785   657   657 W libbinder.IPCThreadState: Sending oneway calls to frozen process.
08-26 17:32:26.785   657   657 W libbinder.IPCThreadState: Sending oneway calls to frozen process.
08-26 17:32:26.785   657   657 W libbinder.IPCThreadState: Sending oneway calls to frozen process.
08-26 17:32:26.785   492   534 W skia    : AGTM parsing failed flags.readFromStream(s) at 159
08-26 17:32:26.812   657   657 W libbinder.IPCThreadState: Sending oneway calls to frozen process.
08-26 17:32:26.812   657   657 W libbinder.IPCThreadState: Sending oneway calls to frozen process.
08-26 17:32:26.812   657   657 W libbinder.IPCThreadState: Sending oneway calls to frozen process.
08-26 17:32:26.812   657   657 W libbinder.IPCThreadState: Sending oneway calls to frozen process.
08-26 17:32:26.812   657   657 D BatterySaverPolicy: accessibility changed to false, updating policy.
08-26 17:32:26.813   492   492 W skia    : AGTM parsing failed flags.readFromStream(s) at 159
08-26 17:32:26.813   492   492 W skia    : AGTM parsing failed flags.readFromStream(s) at 159
08-26 17:32:26.813   492   492 W skia    : AGTM parsing failed flags.readFromStream(s) at 159
08-26 17:32:26.813   492   492 W skia    : AGTM parsing failed flags.readFromStream(s) at 159
08-26 17:32:26.813   492   492 W skia    : AGTM parsing failed flags.readFromStream(s) at 159
08-26 17:32:26.844   438 23978 E android.hardware.audio@7.1-impl.ranchu: consumeThread: tinyalsa revents=0x000C
08-26 17:32:26.849   492   492 W skia    : AGTM parsing failed flags.readFromStream(s) at 159
08-26 17:32:26.849   492   492 W skia    : AGTM parsing failed flags.readFromStream(s) at 159
08-26 17:32:26.849   492   492 W skia    : AGTM parsing failed flags.readFromStream(s) at 159
08-26 17:32:26.849   492   492 W skia    : AGTM parsing failed flags.readFromStream(s) at 159
08-26 17:32:26.849   492   492 W skia    : AGTM parsing failed flags.readFromStream(s) at 159
08-26 17:32:26.886   492   534 W skia    : AGTM parsing failed flags.readFromStream(s) at 159
08-26 17:32:27.033   657   836 E Nl80211Native: getChannelsMhzForBand: Wiphy index not recorded for band 8
08-26 17:32:27.034   657   836 E Nl80211Native: getChannelsMhzForBand: Wiphy index not recorded for band 16
08-26 17:32:27.034   657   836 D Nl80211Native: Ignoring unsupported scan type 2
08-26 17:32:27.034   657   836 I Nl80211Proxy: Sending Nl80211 message: GenericNetlinkMsg{ nlHeader{StructNlMsgHdr{ nlmsg_len{352}, nlmsg_type{29()}, nlmsg_flags{5(NLM_F_REQUEST|NLM_F_ACK)}, nlmsg_seq{3236}, nlmsg_pid{0} }}, genNlHeader{StructGenNlMsgHdr{ command{33}, version{1}, reserved{0} }}, attributes{[StructNlAttr{ nla_len{8}, nla_type{-32723}, nla_value{04000000}, }, StructNlAttr{ nla_len{8}, nla_type{3}, nla_value{10000000}, }, StructNlAttr{ nla_len{308}, nla_type{-32724}, nla_value{080000006C09000008000100710900000800020076090000080003007B09000008000400800900000800050085090000080006008A090000080007008F0900000800080094090000080009009909000008000A009E09000008000B00A309000008000C00A809000008000D00B409000008000E003C14000008000F005014000008001000641400000800110078140000080012008C14000008001300A014000008001400B414000008001500C8140000080016007C150000080017009015000008001800A415000008001900B815000008001A00CC15000008001B00E015000008001C00F415000008001D000816000008001E001C16000008001F0030160000080020004416000008002100711600000800220085160000080023009916000008002400AD16000008002500C1160000}, }, StructNlAttr{ nla_len{8}, nla_type{158}, nla_value{08000000}, }]} }
08-26 17:32:27.036   657   836 I Nl80211Proxy: Received NLMSG_ERROR with error 0 for message GenericNetlinkMsg{ nlHeader{StructNlMsgHdr{ nlmsg_len{352}, nlmsg_type{29()}, nlmsg_flags{5(NLM_F_REQUEST|NLM_F_ACK)}, nlmsg_seq{3236}, nlmsg_pid{0} }}, genNlHeader{StructGenNlMsgHdr{ command{33}, version{1}, reserved{0} }}, attributes{[StructNlAttr{ nla_len{8}, nla_type{-32723}, nla_value{04000000}, }, StructNlAttr{ nla_len{8}, nla_type{3}, nla_value{10000000}, }, StructNlAttr{ nla_len{308}, nla_type{-32724}, nla_value{080000006C09000008000100710900000800020076090000080003007B09000008000400800900000800050085090000080006008A090000080007008F0900000800080094090000080009009909000008000A009E09000008000B00A309000008000C00A809000008000D00B409000008000E003C14000008000F005014000008001000641400000800110078140000080012008C14000008001300A014000008001400B414000008001500C8140000080016007C150000080017009015000008001800A415000008001900B815000008001A00CC15000008001B00E015000008001C00F415000008001D000816000008001E001C16000008001F0030160000080020004416000008002100711600000800220085160000080023009916000008002400AD16000008002500C1160000}, }, StructNlAttr{ nla_len{8}, nla_type{158}, nla_value{08000000}, }]} }
08-26 17:32:27.590   438  2672 D android.hardware.audio@7.1-impl.ranchu: threadLoop: entering standby, frames: 16460352
08-26 17:32:27.590   438  2672 D android.hardware.audio@7.1-impl.ranchu: ~TinyalsaSink: joining consumeThread
08-26 17:32:27.590   438 23978 D android.hardware.audio@7.1-impl.ranchu: consumeThread: exiting
08-26 17:32:27.678   517   517 I adbd    : adbd service requested 'shell,v2,TERM=dumb,raw:cat /sdcard/detail-b.xml'
08-26 17:32:27.730   517   517 I adbd    : adbd service requested 'exec:screencap '-p''
08-26 17:32:27.780 23996 23996 W libbinder.BackendUnifiedServiceManager: Thread Pool max thread count is 0. Cannot cache binder as linkToDeath cannot be implemented. serviceName: SurfaceFlingerAIDL
08-26 17:32:27.780 23996 23996 W libbinder.BpBinder: Linking to death on android.gui.ISurfaceComposer but there are no threads (yet?) listening to incoming transactions. See ProcessState::startThreadPool and ProcessState::setThreadPoolMaxThreadCount. Generally you should setup the binder threadpool before other initialization steps.
08-26 17:32:27.781 23996 23996 W libbinder.ProcessState: Extra binder thread started, but 0 threads requested. Do not use *startThreadPool when zero threads are requested.
08-26 17:32:27.787   492   534 W skia    : AGTM parsing failed flags.readFromStream(s) at 159
08-26 17:32:27.787   492   534 W skia    : AGTM parsing failed flags.readFromStream(s) at 159
08-26 17:32:27.787   492   534 W skia    : AGTM parsing failed flags.readFromStream(s) at 159
08-26 17:32:27.804 23996 23997 W libc    : Access denied finding property "vendor.mesa.virtgpu.kumquat"
08-26 17:32:27.944   517   517 I adbd    : adbd service requested 'shell,v2,TERM=dumb,raw:input tap 639 1842'
08-26 17:32:27.955 23888 23888 I QuickAppKit: android.input.click surface=srf:3 node=node:8
08-26 17:32:27.955 23888 23888 I QuickAppKit: android.event.click.received surface=srf:3 node=node:8
08-26 17:32:27.956 23888 23912 I QuickAppKit: android.event.js_callback posted=1 error=
08-26 17:32:27.956 23888 23912 I QuickAppKit: android.event.click.dispatched=1
08-26 17:32:27.956   657   923 W AS.PlaybackActivityMon: No piid assigned for invalid/internal port id 16
08-26 17:32:27.956 23888 23915 I QuickAppKit: android.event.handler_execute surface=srf:3 handler=hdl:2 dispatched=1
08-26 17:32:27.957   657  1866 W AS.PlaybackActivityMon: No piid assigned for invalid/internal port id 16
08-26 17:32:27.958 23888 23912 I QuickAppKit: android.navigation.close request=req:j-100004 source=srf:3 accepted=1
08-26 17:32:27.958 23888 23912 I QuickAppKit: android.platform.close request=req:145 source=srf:3 reveal=srf:1
08-26 17:32:27.958 23888 23912 I QuickAppKit: android.stage=core.loop.controller.work
08-26 17:32:27.958 23888 23912 I QuickAppKit: android.core.controller.drained count=1
08-26 17:32:27.959 23888 23888 I QuickAppKit: android.platform.close.result request=req:145 source=srf:3 reveal=srf:1 ok=true surfaces=3
08-26 17:32:27.959 23888 23888 I QuickAppKit: android.stage=surface.result.received
08-26 17:32:27.959 23888 23912 I QuickAppKit: android.stage=surface.result.core
08-26 17:32:27.959 23888 23912 I QuickAppKit: android.stage=page.command.received
08-26 17:32:27.959 23888 23912 I QuickAppKit: android.stage=core.loop.controller.work
08-26 17:32:27.959 23888 23912 I QuickAppKit: android.core.controller.drained count=1
08-26 17:32:27.959 23888 23915 I QuickAppKit: android.stage=page.command.js
08-26 17:32:27.961 23888 23912 I QuickAppKit: android.stage=page.command.received
08-26 17:32:27.961 23888 23912 I QuickAppKit: android.stage=core.loop.controller.work
08-26 17:32:27.961 23888 23912 I QuickAppKit: android.core.controller.drained count=1
08-26 17:32:27.961 23888 23915 I QuickAppKit: android.stage=page.command.js
08-26 17:32:27.962 23888 23912 I QuickAppKit: android.stage=page.command.received
08-26 17:32:27.962 23888 23912 I QuickAppKit: android.stage=core.loop.controller.work
08-26 17:32:27.962 23888 23912 I QuickAppKit: android.core.controller.drained count=1
08-26 17:32:27.962 23888 23915 I QuickAppKit: android.stage=page.command.js
08-26 17:32:27.963 23888 23912 I QuickAppKit: android.stage=surface.operation.completed
08-26 17:32:27.963 23888 23912 I QuickAppKit: android.surface.operation kind=2 request=req:j-100004 target=srf:3 error=
08-26 17:32:27.963 23888 23912 I QuickAppKit: android.navigation.close.result request=req:j-100004 source=srf:3 revealed=srf:1 completed=1
08-26 17:32:27.963 23888 23912 I QuickAppKit: android.stage=core.loop.controller.work
08-26 17:32:27.963 23888 23912 I QuickAppKit: android.core.controller.drained count=1
08-26 17:32:27.981   492   492 W skia    : AGTM parsing failed flags.readFromStream(s) at 159
08-26 17:32:27.984   492   534 W skia    : AGTM parsing failed flags.readFromStream(s) at 159
08-26 17:32:28.046   492   492 W skia    : AGTM parsing failed flags.readFromStream(s) at 159
08-26 17:32:28.079   492   492 W skia    : AGTM parsing failed flags.readFromStream(s) at 159
08-26 17:32:28.086   492   534 W skia    : AGTM parsing failed flags.readFromStream(s) at 159
08-26 17:32:28.113   492   492 W skia    : AGTM parsing failed flags.readFromStream(s) at 159
08-26 17:32:28.121   488   505 I APM_AudioPolicyManager: getNewOutputDevices io 13 recent device override {AUDIO_DEVICE_OUT_SPEAKER, @:}
08-26 17:32:28.146   492   492 W skia    : AGTM parsing failed flags.readFromStream(s) at 159
08-26 17:32:28.180   492   492 W skia    : AGTM parsing failed flags.readFromStream(s) at 159
08-26 17:32:28.213   492   492 W skia    : AGTM parsing failed flags.readFromStream(s) at 159
08-26 17:32:28.214   492   534 W skia    : AGTM parsing failed flags.readFromStream(s) at 159
08-26 17:32:28.246   492   492 W skia    : AGTM parsing failed flags.readFromStream(s) at 159
08-26 17:32:28.315   492   534 W skia    : AGTM parsing failed flags.readFromStream(s) at 159
08-26 17:32:29.010   517   517 I adbd    : adbd service requested 'shell,v2,TERM=dumb,raw:uiautomator dump /sdcard/home-b.xml'
08-26 17:32:29.092 24004 24004 D AndroidRuntime: >>>>>> START com.android.internal.os.RuntimeInit uid 2000 <<<<<<
08-26 17:32:29.094 24004 24004 I AndroidRuntime: Using default boot image
08-26 17:32:29.094 24004 24004 I AndroidRuntime: Leaving lock profiling enabled
08-26 17:32:29.095 24004 24004 I app_process: Core platform API enforcement reporting only by runtime option
08-26 17:32:29.095 24004 24004 I app_process: Using generational CollectorTypeCMC GC.
08-26 17:32:29.116 24004 24004 D nativeloader: InitDefaultPublicLibraries for_preload=1: libandroid.so:libaaudio.so:libamidi.so:libbinder_ndk.so:libc.so:libcamera2ndk.so:libdl.so:libEGL.so:libGLESv1_CM.so:libGLESv2.so:libGLESv3.so:libicu.so:libicui18n.so:libicuuc.so:libjnigraphics.so:liblog.so:libmediandk.so:libm.so:libnativehelper.so:libnativewindow.so:libOpenMAXAL.so:libOpenSLES.so:libRS.so:libstdc++.so:libsync.so:libvulkan.so:libwebviewchromium_plat_support.so:libz.so
08-26 17:32:29.120 24004 24004 D nativeloader: Load libicu_jni.so using APEX ns com_android_art for caller /apex/com.android.art/javalib/core-oj.jar: ok
08-26 17:32:29.120 24004 24004 D app_process: u_setTimeZoneFilesDirectory("/apex/com.android.tzdata/etc/tz/versioned/10/icu") succeeded. 
08-26 17:32:29.120 24004 24004 D app_process: I18n APEX ICU file found: /apex/com.android.i18n/etc/icu/icudt78l.dat
08-26 17:32:29.120 24004 24004 D nativeloader: Load libjavacore.so using APEX ns com_android_art for caller /apex/com.android.art/javalib/core-oj.jar: ok
08-26 17:32:29.121 24004 24004 D nativeloader: Load libopenjdk.so using APEX ns com_android_art for caller /apex/com.android.art/javalib/core-oj.jar: ok
08-26 17:32:29.121 24004 24004 I app_process: Priority-to-niceness mapping: 19, 16, 13, 10, 0, -2, -4, -5, -6, -8
08-26 17:32:29.122 24004 24004 W app_process: ClassLoaderContext shared library size mismatch. Expected=2, found=0 (PCL[]{PCL[/system/framework/android.test.base.jar*1579129895]#PCL[/system/framework/android.test.mock.jar*1147775851]} | PCL[])
08-26 17:32:29.122 24004 24004 W app_process: ClassLoaderContext classpath size mismatch. expected=0, found=1 (PCL[]{PCL[/system/framework/android.test.runner.jar*2652887513]{PCL[/system/framework/android.test.base.jar*1579129895]#PCL[/system/framework/android.test.mock.jar*1147775851]}#PCL[/system/framework/android.test.base.jar*1579129895]} | PCL[/system/framework/android.test.runner.jar*2652887513])
08-26 17:32:29.133 24004 24004 D nativeloader: Load libframework-connectivity-tiramisu-jni.so using APEX ns com_android_tethering for caller /apex/com.android.tethering/javalib/framework-connectivity-t.jar: ok
08-26 17:32:29.133 24004 24004 D AndroidRuntime: Calling main entry com.android.commands.uiautomator.Launcher
08-26 17:32:29.135 24004 24004 I AconfigPackage: android.media.swcodec.flags is mapped to com.android.media.swcodec
08-26 17:32:29.135 24004 24004 I AconfigPackage: com.android.permission.flags is mapped to com.android.permission
08-26 17:32:29.135 24004 24004 I AconfigPackage: com.android.permissioncontroller.flags is mapped to com.android.permission
08-26 17:32:29.135 24004 24004 I AconfigPackage: com.google.android.widevine.flags is mapped to com.google.android.widevine
08-26 17:32:29.135 24004 24004 I AconfigPackage: com.android.icu is mapped to com.android.i18n
08-26 17:32:29.135 24004 24004 I AconfigPackage: com.android.appsearch.flags is mapped to com.android.appsearch
08-26 17:32:29.135 24004 24004 I AconfigPackage: com.android.uprobestats.flags is mapped to com.android.uprobestats
08-26 17:32:29.135 24004 24004 I AconfigPackage: android.uprobestats.mainline.flags is mapped to com.android.uprobestats
08-26 17:32:29.135 24004 24004 I AconfigPackage: com.android.crashrecovery.flags is mapped to com.android.crashrecovery
08-26 17:32:29.135 24004 24004 I AconfigPackage: android.provider.flags is mapped to com.android.configinfrastructure
08-26 17:32:29.135 24004 24004 I AconfigPackage: com.android.server.deviceconfig is mapped to com.android.configinfrastructure
08-26 17:32:29.135 24004 24004 I AconfigPackage: com.android.art.flags is mapped to com.android.art
08-26 17:32:29.135 24004 24004 I AconfigPackage: com.android.art.rw.flags is mapped to com.android.art
08-26 17:32:29.135 24004 24004 I AconfigPackage: com.android.libcore is mapped to com.android.art
08-26 17:32:29.135 24004 24004 I AconfigPackage: android.telecom.flags is mapped to com.android.telephonycore
08-26 17:32:29.135 24004 24004 I AconfigPackage: com.android.internal.telecom.flags is mapped to com.android.telephonycore
08-26 17:32:29.135 24004 24004 I AconfigPackage: com.android.telephony.flags is mapped to com.android.telephonycore
08-26 17:32:29.135 24004 24004 I AconfigPackage: com.android.media.extractor.flags is mapped to com.android.media
08-26 17:32:29.135 24004 24004 I AconfigPackage: com.android.media.metrics.flags is mapped to com.android.media
08-26 17:32:29.135 24004 24004 I AconfigPackage: com.android.media.mainline.flags is mapped to com.android.media
08-26 17:32:29.135 24004 24004 I AconfigPackage: com.android.wifi.flags is mapped to com.android.wifi
08-26 17:32:29.135 24004 24004 I AconfigPackage: com.android.org.conscrypt.flags is mapped to com.android.conscrypt
08-26 17:32:29.135 24004 24004 I AconfigPackage: com.android.org.conscrypt.net.flags is mapped to com.android.conscrypt
08-26 17:32:29.135 24004 24004 I AconfigPackage: com.android.healthfitness.flags is mapped to com.android.healthfitness
08-26 17:32:29.136 24004 24004 I AconfigPackage: com.android.healthfitness.beta is mapped to com.android.healthfitness
08-26 17:32:29.136 24004 24004 I AconfigPackage: com.android.ipsec.flags is mapped to com.android.ipsec
08-26 17:32:29.136 24004 24004 I AconfigPackage: com.android.nfc.module.flags is mapped to com.android.nfcservices
08-26 17:32:29.136 24004 24004 I AconfigPackage: com.android.nfc.module.nonexported.flags is mapped to com.android.nfcservices
08-26 17:32:29.136 24004 24004 I AconfigPackage: com.android.adservices.ondevicepersonalization.flags is mapped to com.android.ondevicepersonalization
08-26 17:32:29.136 24004 24004 I AconfigPackage: com.android.scheduling.flags is mapped to com.android.scheduling
08-26 17:32:29.136 24004 24004 I AconfigPackage: com.android.adbd.flags is mapped to com.android.adbd
08-26 17:32:29.136 24004 24004 I AconfigPackage: com.android.bluetooth.beta.flags is mapped to com.android.bt
08-26 17:32:29.136 24004 24004 I AconfigPackage: com.android.bluetooth.flags is mapped to com.android.bt
08-26 17:32:29.136 24004 24004 I AconfigPackage: com.android.devicelock.flags is mapped to com.android.devicelock
08-26 17:32:29.136 24004 24004 I AconfigPackage: android.os.profiling is mapped to com.android.profiling
08-26 17:32:29.136 24004 24004 I AconfigPackage: android.os.profiling.anomaly.beta.flags is mapped to com.android.profiling
08-26 17:32:29.136 24004 24004 I AconfigPackage: android.os.profiling.anomaly.flags is mapped to com.android.profiling
08-26 17:32:29.136 24004 24004 I AconfigPackage: com.android.os.statsd.flags is mapped to com.android.os.statsd
08-26 17:32:29.136 24004 24004 I AconfigPackage: com.android.webapp.flags is mapped to com.android.webapp
08-26 17:32:29.136 24004 24004 I AconfigPackage: com.android.rkpd.flags is mapped to com.android.rkpd
08-26 17:32:29.136 24004 24004 I AconfigPackage: com.android.cellbroadcastreceiver.flags is mapped to com.android.cellbroadcast
08-26 17:32:29.136 24004 24004 I AconfigPackage: com.android.adservices.flags is mapped to com.android.adservices
08-26 17:32:29.136 24004 24004 I AconfigPackage: com.android.sdksandbox.flags is mapped to com.android.adservices
08-26 17:32:29.136 24004 24004 I AconfigPackage: android.app.sdksandbox.flags is mapped to com.android.adservices
08-26 17:32:29.136 24004 24004 I AconfigPackage: com.android.uwb.flags is mapped to com.android.uwb
08-26 17:32:29.136 24004 24004 I AconfigPackage: com.android.ranging.flags is mapped to com.android.uwb
08-26 17:32:29.136 24004 24004 I AconfigPackage: com.android.npumanager is mapped to com.android.npumanager
08-26 17:32:29.137 24004 24004 I AconfigPackage: com.android.signature.flags is mapped to com.android.mediaprovider
08-26 17:32:29.137 24004 24004 I AconfigPackage: com.android.providers.media.flags is mapped to com.android.mediaprovider
08-26 17:32:29.137 24004 24004 I AconfigPackage: android.graphics.pdf.flags is mapped to com.android.mediaprovider
08-26 17:32:29.137 24004 24004 I AconfigPackage: android.graphics.pdf.flags.readonly is mapped to com.android.mediaprovider
08-26 17:32:29.137 24004 24004 I AconfigPackage: com.android.tethering.mainline.beta is mapped to com.android.tethering
08-26 17:32:29.137 24004 24004 I AconfigPackage: android.net.http is mapped to com.android.tethering
08-26 17:32:29.137 24004 24004 I AconfigPackage: com.android.tethering.readonly.flags is mapped to com.android.tethering
08-26 17:32:29.137 24004 24004 I AconfigPackage: android.net.vcn is mapped to com.android.tethering
08-26 17:32:29.137 24004 24004 I AconfigPackage: com.android.net.flags is mapped to com.android.tethering
08-26 17:32:29.137 24004 24004 I AconfigPackage: com.android.tethering.flags is mapped to com.android.tethering
08-26 17:32:29.137 24004 24004 I AconfigPackage: com.android.tethering.beta.test is mapped to com.android.tethering
08-26 17:32:29.137 24004 24004 I AconfigPackage: com.android.nearby.flags is mapped to com.android.tethering
08-26 17:32:29.137 24004 24004 I AconfigPackage: com.android.net.thread.flags is mapped to com.android.tethering
08-26 17:32:29.137 24004 24004 I AconfigPackage: android.net.http.flags is mapped to com.android.tethering
08-26 17:32:29.137 24004 24004 I AconfigPackage: com.android.system.virtualmachine.flags is mapped to com.android.virt
08-26 17:32:29.137 24004 24004 E FeatureFlagsImplExport: android.os.flagging.AconfigStorageReadException: ERROR_PACKAGE_NOT_FOUND: package android.xr cannot be found on the device
08-26 17:32:29.138 24004 24004 D UiAutomationConnection: Created on user UserHandle{0}
08-26 17:32:29.138 24004 24004 I UiAutomation: Initialized for user 0 on display 0
08-26 17:32:29.138 24004 24004 W UiAutomation: Created with deprecatead constructor, assumes DEFAULT_DISPLAY
08-26 17:32:29.139   657  1857 D AccessibilityManagerService: changeCurrentUserForTestAutomationIfNeededLocked(0): ignoring because device doesn't support visible background users
08-26 17:32:29.139   657  1857 I UiAutomationManager: Registering UiTestAutomationService (id=com.android.server.accessibility/UiAutomation, flags=0x0) when called by user 0
08-26 17:32:29.139   657  1857 V AccessibilityManagerService: onUserStateChangedLocked for userId: 0, forceUpdate: false
08-26 17:32:29.139   657  1857 V AccessibilityUserState: updateShortcutTargets: type:accessibility_shortcut_target_service, current:{}, new:{}
08-26 17:32:29.139   657  1857 V AccessibilityUserState: updateShortcutTargets: type:accessibility_button_targets, current:{}, new:{}
08-26 17:32:29.139   657  1857 V AccessibilityUserState: updateShortcutTargets: type:accessibility_gesture_targets, current:{}, new:{}
08-26 17:32:29.139   657  1857 V AccessibilityUserState: updateShortcutTargets: type:accessibility_qs_targets, current:{}, new:{}
08-26 17:32:29.139   657  1857 V AccessibilityUserState: updateShortcutTargets: type:accessibility_key_gesture_targets, current:{}, new:{}
08-26 17:32:29.139   657  1857 V AccessibilityUserState: updateShortcutTargets: type:accessibility_top_row_key_targets, current:{}, new:{}
08-26 17:32:29.139   657  1857 V AccessibilityUserState: updateShortcutTargets: type:accessibility_quick_access_targets, current:{}, new:{}
08-26 17:32:29.139   657  1857 W MagnificationConnectionManager: requestConnection duplicated request: connect=false, mConnectionState=DISCONNECTED
08-26 17:32:29.140   657   657 W libbinder.IPCThreadState: Sending oneway calls to frozen process.
08-26 17:32:29.140   657   657 W libbinder.IPCThreadState: Sending oneway calls to frozen process.
08-26 17:32:29.141   657   657 W libbinder.IPCThreadState: Sending oneway calls to frozen process.
08-26 17:32:29.141   657   657 W libbinder.IPCThreadState: Sending oneway calls to frozen process.
08-26 17:32:29.141   657   657 W libbinder.IPCThreadState: Sending oneway calls to frozen process.
08-26 17:32:29.141   657   657 W libbinder.IPCThreadState: Sending oneway calls to frozen process.
08-26 17:32:29.141   657   657 W libbinder.IPCThreadState: Sending oneway calls to frozen process.
08-26 17:32:29.141   657   657 W libbinder.IPCThreadState: Sending oneway calls to frozen process.
08-26 17:32:29.141   657   657 W libbinder.IPCThreadState: Sending oneway calls to frozen process.
08-26 17:32:29.141   657   657 W libbinder.IPCThreadState: Sending oneway calls to frozen process.
08-26 17:32:29.141   657   657 W libbinder.IPCThreadState: Sending oneway calls to frozen process.
08-26 17:32:29.142   657   657 W libbinder.IPCThreadState: Sending oneway calls to frozen process.
08-26 17:32:29.142   657   657 W libbinder.IPCThreadState: Sending oneway calls to frozen process.
08-26 17:32:29.142   657   657 W libbinder.IPCThreadState: Sending oneway calls to frozen process.
08-26 17:32:29.142   657   657 W libbinder.IPCThreadState: Sending oneway calls to frozen process.
08-26 17:32:29.142   657  1857 V AccessibilityManagerService: onUserStateChangedLocked for userId: 0, forceUpdate: false
08-26 17:32:29.142   657   657 W libbinder.IPCThreadState: Sending oneway calls to frozen process.
08-26 17:32:29.142   657   657 W libbinder.IPCThreadState: Sending oneway calls to frozen process.
08-26 17:32:29.142   657   657 W libbinder.IPCThreadState: Sending oneway calls to frozen process.
08-26 17:32:29.142   657   657 W libbinder.IPCThreadState: Sending oneway calls to frozen process.
08-26 17:32:29.142   657   657 W libbinder.IPCThreadState: Sending oneway calls to frozen process.
08-26 17:32:29.142   657   657 W libbinder.IPCThreadState: Sending oneway calls to frozen process.
08-26 17:32:29.142   657   657 D BatterySaverPolicy: accessibility changed to true, updating policy.
08-26 17:32:29.143  1777  2586 I AiAiEcho: Settings changed for uri: content://settings/secure/accessibility_enabled
08-26 17:32:29.143   657  1857 V AccessibilityUserState: updateShortcutTargets: type:accessibility_shortcut_target_service, current:{}, new:{}
08-26 17:32:29.143   657  1857 V AccessibilityUserState: updateShortcutTargets: type:accessibility_button_targets, current:{}, new:{}
08-26 17:32:29.143   657  1857 V AccessibilityUserState: updateShortcutTargets: type:accessibility_gesture_targets, current:{}, new:{}
08-26 17:32:29.143   657  1857 V AccessibilityUserState: updateShortcutTargets: type:accessibility_qs_targets, current:{}, new:{}
08-26 17:32:29.143   657  1857 V AccessibilityUserState: updateShortcutTargets: type:accessibility_key_gesture_targets, current:{}, new:{}
08-26 17:32:29.143   657  1857 V AccessibilityUserState: updateShortcutTargets: type:accessibility_top_row_key_targets, current:{}, new:{}
08-26 17:32:29.143   657  1857 V AccessibilityUserState: updateShortcutTargets: type:accessibility_quick_access_targets, current:{}, new:{}
08-26 17:32:29.143   657  1857 W MagnificationConnectionManager: requestConnection duplicated request: connect=false, mConnectionState=DISCONNECTED
08-26 17:32:29.143   657   657 W libbinder.IPCThreadState: Sending oneway calls to frozen process.
08-26 17:32:29.143   657   657 W libbinder.IPCThreadState: Sending oneway calls to frozen process.
08-26 17:32:29.143   657   657 W libbinder.IPCThreadState: Sending oneway calls to frozen process.
08-26 17:32:29.143   657   657 W libbinder.IPCThreadState: Sending oneway calls to frozen process.
08-26 17:32:29.143   657   657 W libbinder.IPCThreadState: Sending oneway calls to frozen process.
08-26 17:32:29.143   657   657 W libbinder.IPCThreadState: Sending oneway calls to frozen process.
08-26 17:32:29.143   657   657 W libbinder.IPCThreadState: Sending oneway calls to frozen process.
08-26 17:32:29.143   657   657 W libbinder.IPCThreadState: Sending oneway calls to frozen process.
08-26 17:32:29.143   657   657 W libbinder.IPCThreadState: Sending oneway calls to frozen process.
08-26 17:32:29.144  1777  1991 I AiAiEcho: Predicting[0]:  [CONTEXT sampling_count=5 ]
08-26 17:32:29.144   657   657 W libbinder.IPCThreadState: Sending oneway calls to frozen process.
08-26 17:32:29.144   657   657 W libbinder.IPCThreadState: Sending oneway calls to frozen process.
08-26 17:32:29.144   657   657 W libbinder.IPCThreadState: Sending oneway calls to frozen process.
08-26 17:32:29.144   657   657 W libbinder.IPCThreadState: Sending oneway calls to frozen process.
08-26 17:32:29.144   657   657 W libbinder.IPCThreadState: Sending oneway calls to frozen process.
08-26 17:32:29.144  1777  8087 I AiAiEcho: Settings changed for uri: content://settings/secure/accessibility_enabled
08-26 17:32:29.144  1777  1991 I AiAiEcho: EchoTargets: 
08-26 17:32:29.144  1777  1991 I AiAiEcho: Filtered by AiAi flag check: 
08-26 17:32:29.144  1777  1991 I AiAiEcho: [CONTEXT ratelimit_period="10 SECONDS" ]
08-26 17:32:29.144  1777  1991 I AiAiEcho: #remoteViewsTwiddler: feature disabled.
08-26 17:32:29.145  1777  1991 I AiAiEcho: Predicting[0]:  [CONTEXT sampling_count=5 ]
08-26 17:32:29.145  1777  1991 I AiAiEcho: EchoTargets: 
08-26 17:32:29.145  1777  1991 I AiAiEcho: Filtered by AiAi flag check: 
08-26 17:32:29.145  1777  1991 I AiAiEcho: [CONTEXT ratelimit_period="10 SECONDS" ]
08-26 17:32:29.145  1777  1991 I AiAiEcho: #remoteViewsTwiddler: feature disabled.
08-26 17:32:29.145  1777  1991 I AiAiEcho: #postPredictionTargets: Sending updates to UISurface home with targets# 0 (types=[])
08-26 17:32:29.145  1777  1991 I AiAiEcho: #postPredictionTargets: Sending updates to UISurface home with targets# 0 (types=[])
08-26 17:32:29.146   492   492 W skia    : AGTM parsing failed flags.readFromStream(s) at 159
08-26 17:32:29.146   492   492 W skia    : AGTM parsing failed flags.readFromStream(s) at 159
08-26 17:32:29.146   492   492 W skia    : AGTM parsing failed flags.readFromStream(s) at 159
08-26 17:32:29.146   492   492 W skia    : AGTM parsing failed flags.readFromStream(s) at 159
08-26 17:32:29.146   492   492 W skia    : AGTM parsing failed flags.readFromStream(s) at 159
08-26 17:32:29.158   492   534 W skia    : AGTM parsing failed flags.readFromStream(s) at 159
08-26 17:32:29.161   657   941 D AccessibilityManagerService: .getAccessibilityShortcutTargets {shortcutType=32, userId=0}
08-26 17:32:29.165   657   685 W libbinder.IPCThreadState: Sending oneway calls to frozen process.
08-26 17:32:29.165   657   685 W libbinder.IPCThreadState: Sending oneway calls to frozen process.
08-26 17:32:29.179   492   492 W skia    : AGTM parsing failed flags.readFromStream(s) at 159
08-26 17:32:29.179   492   492 W skia    : AGTM parsing failed flags.readFromStream(s) at 159
08-26 17:32:29.179   492   492 W skia    : AGTM parsing failed flags.readFromStream(s) at 159
08-26 17:32:29.179   492   492 W skia    : AGTM parsing failed flags.readFromStream(s) at 159
08-26 17:32:29.179   492   492 W skia    : AGTM parsing failed flags.readFromStream(s) at 159
08-26 17:32:29.259   492   534 W skia    : AGTM parsing failed flags.readFromStream(s) at 159
08-26 17:32:29.582   492   492 W skia    : AGTM parsing failed flags.readFromStream(s) at 159
08-26 17:32:29.624   517   517 I adbd    : adbd service requested 'shell,v2,raw:dumpsys package com.google.android.gms'
08-26 17:32:29.628   492   492 W skia    : AGTM parsing failed flags.readFromStream(s) at 159
08-26 17:32:29.658   492   534 W skia    : AGTM parsing failed flags.readFromStream(s) at 159
08-26 17:32:29.664   492   492 W skia    : AGTM parsing failed flags.readFromStream(s) at 159
08-26 17:32:29.748   492   492 W skia    : AGTM parsing failed flags.readFromStream(s) at 159
08-26 17:32:29.753  2635  2719 I artd    : GetBestInfo: odex next to the dex file (/data/app/~~bX9OEGQ8NofBOJHm0BYQkg==/com.google.android.gms-Gv8nBSt27pvHbuElOejyNw==/oat/arm64/base.odex) is kOatUpToDate with filter 'verify' executable 'false'
08-26 17:32:29.753  2635  2719 I artd    : GetBestInfo: odex next to the dex file (/data/app/~~bX9OEGQ8NofBOJHm0BYQkg==/com.google.android.gms-Gv8nBSt27pvHbuElOejyNw==/oat/arm64/base.odex) is kOatUpToDate with filter 'verify' executable 'false'
08-26 17:32:29.757  2635  2719 I artd    : GetBestInfo: dm (/data/app/~~bX9OEGQ8NofBOJHm0BYQkg==/com.google.android.gms-Gv8nBSt27pvHbuElOejyNw==/split_AdsDynamite_installtime.dm) is kOatUpToDate with filter 'verify' executable 'false'
08-26 17:32:29.765   492   534 W skia    : AGTM parsing failed flags.readFromStream(s) at 159
08-26 17:32:29.773  2635  2719 I artd    : GetBestInfo: odex next to the dex file (/data/app/~~bX9OEGQ8NofBOJHm0BYQkg==/com.google.android.gms-Gv8nBSt27pvHbuElOejyNw==/oat/arm64/split_CronetDynamite_installtime.odex) is kOatUpToDate with filter 'speed-profile' executable 'false'
08-26 17:32:29.778  2635  2719 I artd    : GetBestInfo: odex next to the dex file (/data/app/~~bX9OEGQ8NofBOJHm0BYQkg==/com.google.android.gms-Gv8nBSt27pvHbuElOejyNw==/oat/arm64/split_CronetDynamite_installtime.odex) is kOatUpToDate with filter 'speed-profile' executable 'false'
08-26 17:32:29.781  2635 20535 I artd    : GetBestInfo: dm (/data/app/~~bX9OEGQ8NofBOJHm0BYQkg==/com.google.android.gms-Gv8nBSt27pvHbuElOejyNw==/split_DynamiteLoader_installtime.dm) is kOatUpToDate with filter 'verify' executable 'false'
08-26 17:32:29.782  2635 20535 I artd    : GetBestInfo: dm (/data/app/~~bX9OEGQ8NofBOJHm0BYQkg==/com.google.android.gms-Gv8nBSt27pvHbuElOejyNw==/split_DynamiteModulesA_installtime.dm) is kOatUpToDate with filter 'verify' executable 'false'
08-26 17:32:29.782  2635 20535 I artd    : GetBestInfo: dm (/data/app/~~bX9OEGQ8NofBOJHm0BYQkg==/com.google.android.gms-Gv8nBSt27pvHbuElOejyNw==/split_DynamiteModulesC_installtime.dm) is kOatUpToDate with filter 'verify' executable 'false'
08-26 17:32:29.785  2635  2651 I artd    : GetBestInfo: dm (/data/app/~~bX9OEGQ8NofBOJHm0BYQkg==/com.google.android.gms-Gv8nBSt27pvHbuElOejyNw==/split_GoogleCertificates_installtime.dm) is kOatUpToDate with filter 'verify' executable 'false'
08-26 17:32:29.786  2635  2651 I artd    : GetBestInfo: dm (/data/app/~~bX9OEGQ8NofBOJHm0BYQkg==/com.google.android.gms-Gv8nBSt27pvHbuElOejyNw==/split_MapsDynamite_installtime.dm) is kOatUpToDate with filter 'verify' executable 'false'
08-26 17:32:29.787  2635  2651 I artd    : GetBestInfo: dm (/data/app/~~bX9OEGQ8NofBOJHm0BYQkg==/com.google.android.gms-Gv8nBSt27pvHbuElOejyNw==/split_MeasurementDynamite_installtime.dm) is kOatUpToDate with filter 'verify' executable 'false'
08-26 17:32:29.788  2635  2719 I artd    : GetBestInfo: dm (/data/app/~~bX9OEGQ8NofBOJHm0BYQkg==/com.google.android.gms-Gv8nBSt27pvHbuElOejyNw==/split_all_locale_splits.dm) is kOatUpToDate with filter 'verify' executable 'false'
08-26 17:32:29.789  2635  2651 I artd    : GetBestInfo: /data/user_de/0/com.google.android.gms/app_chimera/m/0000000c/dl-TfliteDynamiteDynamite.integ_252130102100400.apk has no usable artifacts
08-26 17:32:29.789  2635 20535 I artd    : GetBestInfo: /data/user_de/0/com.google.android.gms/app_chimera/m/00000001/CronetDynamite.apk has no usable artifacts
08-26 17:32:29.790  2635 20535 I artd    : GetBestInfo: vdex next to the dex file (/data/user/0/com.google.android.gms/app_dg_cache/F43216EC192C66BFB5A30C3CDD57E8C5C9005730/oat/arm64/the.vdex) is kOatUpToDate with filter 'verify' executable 'false'
08-26 17:32:29.790  2635  2651 I artd    : GetBestInfo: /data/user_de/0/com.google.android.gms/app_chimera/m/00000002/DynamiteLoader.apk has no usable artifacts
08-26 17:32:29.790  2635  2651 I artd    : GetBestInfo: /data/user_de/0/com.google.android.gms/app_chimera/m/00000012/dl-MlkitBarcodeUi.optional_263234100400.apk has no usable artifacts
08-26 17:32:29.790  2635  2651 I artd    : GetBestInfo: /data/user_de/0/com.google.android.gms/app_chimera/m/00000005/GoogleCertificates.apk has no usable artifacts
08-26 17:32:29.791  2635  2719 I artd    : GetBestInfo: /data/user_de/0/com.google.android.gms/app_chimera/m/00000015/dl-TfliteDynamiteDynamite.integ_260580502100400.apk has no usable artifacts
08-26 17:32:29.792  2635  2651 I artd    : GetBestInfo: /data/user_de/0/com.google.android.gms/app_chimera/m/0000000f/dl-MlkitBarcodeUi.optional_262236100400.apk has no usable artifacts
08-26 17:32:29.792  2635  2719 I artd    : GetBestInfo: /data/user_de/0/com.google.android.gms/app_chimera/m/00000016/dl-PlayCloudSearch.optional_263234100000.apk has no usable artifacts
08-26 17:32:29.793  2635  2651 I artd    : GetBestInfo: /data/user_de/0/com.google.android.gms/app_chimera/m/00000010/dl-PlayCloudSearch.optional_262236100000.apk has no usable artifacts
08-26 17:32:29.794  2635  2651 I artd    : GetBestInfo: vdex next to the dex file (/data/user/0/com.google.android.gms/app_dg_cache/708EA63B31A09E17FD6C7CDE0FE83B45EA4CEC30/oat/arm64/the.vdex) is kOatUpToDate with filter 'verify' executable 'false'
08-26 17:32:29.794  2635  2719 I artd    : GetBestInfo: /data/user_de/0/com.google.android.gms/app_chimera/m/00000008/dl-VisionOcr.optional_262236100000.apk has no usable artifacts
08-26 17:32:29.795  2635  2651 I artd    : GetBestInfo: vdex next to the dex file (/data/user/0/com.google.android.gms/app_dg_cache/D04EBEF623804AD1CEE87B2156DE98F2840B89F7/oat/arm64/the.vdex) is kOatUpToDate with filter 'verify' executable 'false'
08-26 17:32:29.796  2635  2719 I artd    : GetBestInfo: /data/user_de/0/com.google.android.gms/app_chimera/m/0000000b/dl-MlkitOcrCommon.optional_262236100400.apk has no usable artifacts
08-26 17:32:29.796   492   492 W skia    : AGTM parsing failed flags.readFromStream(s) at 159
08-26 17:32:29.798  2635  2719 I artd    : GetBestInfo: /data/user_de/0/com.google.android.gms/app_chimera/m/00000014/dl-MlkitOcrCommon.optional_263234100400.apk has no usable artifacts
08-26 17:32:29.802  2635  2651 I artd    : GetBestInfo: /data/user_de/0/com.google.android.gms/app_chimera/m/00000009/dl-Appsearch.optional_262236100400.apk has no usable artifacts
08-26 17:32:29.810  2635  2651 I artd    : GetBestInfo: /data/user_de/0/com.google.android.gms/app_chimera/m/00000017/dl-VisionOcr.optional_263234100000.apk has no usable artifacts
08-26 17:32:29.813  2635  2719 I artd    : GetBestInfo: /data/user_de/0/com.google.android.gms/app_chimera/m/00000007/MeasurementDynamite.apk has no usable artifacts
08-26 17:32:29.814  2635  2719 I artd    : GetBestInfo: /data/user_de/0/com.google.android.gms/app_chimera/m/00000011/dl-Appsearch.optional_263234100400.apk has no usable artifacts
08-26 17:32:29.838   492   492 W skia    : AGTM parsing failed flags.readFromStream(s) at 159
08-26 17:32:29.864   492   534 W skia    : AGTM parsing failed flags.readFromStream(s) at 159
08-26 17:32:29.880   492   492 W skia    : AGTM parsing failed flags.readFromStream(s) at 159
08-26 17:32:29.928   492   492 W skia    : AGTM parsing failed flags.readFromStream(s) at 159
08-26 17:32:29.965   492   534 W skia    : AGTM parsing failed flags.readFromStream(s) at 159
08-26 17:32:29.979   492   492 W skia    : AGTM parsing failed flags.readFromStream(s) at 159
08-26 17:32:30.066   492   534 W skia    : AGTM parsing failed flags.readFromStream(s) at 159
08-26 17:32:30.152  1725  2732 W MediaProvider: isAppCloneUserPair for user 0: false
08-26 17:32:30.165 24004 24004 I AccessibilityNodeInfoDumper: Skipping invisible child: android.view.accessibility.AccessibilityNodeInfo@13948; boundsInParent: Rect(0, 0 - 549, 45); boundsInScreen: Rect(291, 2484 - 840, 2460); boundsInWindow: Rect(291, 2484 - 840, 2460); packageName: dev.quickapp.kit.android; className: android.widget.TextView; text: 出行 / 热卖; error: null; maxTextLength: -1; stateDescription: null; contentDescription: null; tooltipText: null; containerTitle: null; viewIdResName: null; uniqueId: null; checkable: false; checked: false; focusable: false; focused: false; selected: false; clickable: false; longClickable: false; contextClickable: false; enabled: true; password: false; scrollable: false; granularScrollingSupported: false; importantForAccessibility: true; visible: false; actions: [AccessibilityAction: ACTION_SELECT - null, AccessibilityAction: ACTION_CLEAR_SELECTION - null, AccessibilityAction: ACTION_ACCESSIBILITY_FOCUS - null, AccessibilityAction: ACTION_NEXT_AT_MOVEMENT_GRANULARITY - null, AccessibilityAction: ACTION_PREVIOUS_AT_MOVEMENT_GRANULARITY - null, AccessibilityAction: ACTION_SET_SELECTION - null, AccessibilityAction: ACTION_SHOW_ON_SCREEN - null]; isTextSelectable: false
08-26 17:32:30.165 24004 24004 I AccessibilityNodeInfoDumper: Skipping invisible child: android.view.accessibility.AccessibilityNodeInfo@13d09; boundsInParent: Rect(0, 0 - 549, 45); boundsInScreen: Rect(291, 2529 - 840, 2460); boundsInWindow: Rect(291, 2529 - 840, 2460); packageName: dev.quickapp.kit.android; className: android.widget.TextView; text: 239 元; error: null; maxTextLength: -1; stateDescription: null; contentDescription: null; tooltipText: null; containerTitle: null; viewIdResName: null; uniqueId: null; checkable: false; checked: false; focusable: false; focused: false; selected: false; clickable: false; longClickable: false; contextClickable: false; enabled: true; password: false; scrollable: false; granularScrollingSupported: false; importantForAccessibility: true; visible: false; actions: [AccessibilityAction: ACTION_SELECT - null, AccessibilityAction: ACTION_CLEAR_SELECTION - null, AccessibilityAction: ACTION_ACCESSIBILITY_FOCUS - null, AccessibilityAction: ACTION_NEXT_AT_MOVEMENT_GRANULARITY - null, AccessibilityAction: ACTION_PREVIOUS_AT_MOVEMENT_GRANULARITY - null, AccessibilityAction: ACTION_SET_SELECTION - null, AccessibilityAction: ACTION_SHOW_ON_SCREEN - null]; isTextSelectable: false
08-26 17:32:30.166 24004 24004 I AccessibilityNodeInfoDumper: Skipping invisible child: android.view.accessibility.AccessibilityNodeInfo@1448b; boundsInParent: Rect(0, 0 - 1209, 336); boundsInScreen: Rect(36, 2694 - 1245, 2460); boundsInWindow: Rect(36, 2694 - 1245, 2460); packageName: dev.quickapp.kit.android; className: android.widget.FrameLayout; text: null; error: null; maxTextLength: -1; stateDescription: null; contentDescription: null; tooltipText: null; containerTitle: null; viewIdResName: null; uniqueId: null; checkable: false; checked: false; focusable: false; focused: false; selected: false; clickable: false; longClickable: false; contextClickable: false; enabled: true; password: false; scrollable: false; granularScrollingSupported: false; importantForAccessibility: false; visible: false; actions: [AccessibilityAction: ACTION_SELECT - null, AccessibilityAction: ACTION_CLEAR_SELECTION - null, AccessibilityAction: ACTION_ACCESSIBILITY_FOCUS - null, AccessibilityAction: ACTION_SHOW_ON_SCREEN - null]; isTextSelectable: false
08-26 17:32:30.166 24004 24004 I AccessibilityNodeInfoDumper: Skipping invisible child: android.view.accessibility.AccessibilityNodeInfo@15ed2; boundsInParent: Rect(0, 0 - 1209, 336); boundsInScreen: Rect(36, 3054 - 1245, 2460); boundsInWindow: Rect(36, 3054 - 1245, 2460); packageName: dev.quickapp.kit.android; className: android.widget.FrameLayout; text: null; error: null; maxTextLength: -1; stateDescription: null; contentDescription: null; tooltipText: null; containerTitle: null; viewIdResName: null; uniqueId: null; checkable: false; checked: false; focusable: false; focused: false; selected: false; clickable: false; longClickable: false; contextClickable: false; enabled: true; password: false; scrollable: false; granularScrollingSupported: false; importantForAccessibility: false; visible: false; actions: [AccessibilityAction: ACTION_SELECT - null, AccessibilityAction: ACTION_CLEAR_SELECTION - null, AccessibilityAction: ACTION_ACCESSIBILITY_FOCUS - null, AccessibilityAction: ACTION_SHOW_ON_SCREEN - null]; isTextSelectable: false
08-26 17:32:30.166 24004 24004 I AccessibilityNodeInfoDumper: Skipping invisible child: android.view.accessibility.AccessibilityNodeInfo@17919; boundsInParent: Rect(0, 0 - 1209, 336); boundsInScreen: Rect(36, 3414 - 1245, 2460); boundsInWindow: Rect(36, 3414 - 1245, 2460); packageName: dev.quickapp.kit.android; className: android.widget.FrameLayout; text: null; error: null; maxTextLength: -1; stateDescription: null; contentDescription: null; tooltipText: null; containerTitle: null; viewIdResName: null; uniqueId: null; checkable: false; checked: false; focusable: false; focused: false; selected: false; clickable: false; longClickable: false; contextClickable: false; enabled: true; password: false; scrollable: false; granularScrollingSupported: false; importantForAccessibility: false; visible: false; actions: [AccessibilityAction: ACTION_SELECT - null, AccessibilityAction: ACTION_CLEAR_SELECTION - null, AccessibilityAction: ACTION_ACCESSIBILITY_FOCUS - null, AccessibilityAction: ACTION_SHOW_ON_SCREEN - null]; isTextSelectable: false
08-26 17:32:30.166 24004 24004 I AccessibilityNodeInfoDumper: Skipping invisible child: android.view.accessibility.AccessibilityNodeInfo@19360; boundsInParent: Rect(0, 0 - 1209, 336); boundsInScreen: Rect(36, 3774 - 1245, 2460); boundsInWindow: Rect(36, 3774 - 1245, 2460); packageName: dev.quickapp.kit.android; className: android.widget.FrameLayout; text: null; error: null; maxTextLength: -1; stateDescription: null; contentDescription: null; tooltipText: null; containerTitle: null; viewIdResName: null; uniqueId: null; checkable: false; checked: false; focusable: false; focused: false; selected: false; clickable: false; longClickable: false; contextClickable: false; enabled: true; password: false; scrollable: false; granularScrollingSupported: false; importantForAccessibility: false; visible: false; actions: [AccessibilityAction: ACTION_SELECT - null, AccessibilityAction: ACTION_CLEAR_SELECTION - null, AccessibilityAction: ACTION_ACCESSIBILITY_FOCUS - null, AccessibilityAction: ACTION_SHOW_ON_SCREEN - null]; isTextSelectable: false
08-26 17:32:30.166 24004 24004 I AccessibilityNodeInfoDumper: Skipping invisible child: android.view.accessibility.AccessibilityNodeInfo@1ada7; boundsInParent: Rect(0, 0 - 1209, 336); boundsInScreen: Rect(36, 4134 - 1245, 2460); boundsInWindow: Rect(36, 4134 - 1245, 2460); packageName: dev.quickapp.kit.android; className: android.widget.FrameLayout; text: null; error: null; maxTextLength: -1; stateDescription: null; contentDescription: null; tooltipText: null; containerTitle: null; viewIdResName: null; uniqueId: null; checkable: false; checked: false; focusable: false; focused: false; selected: false; clickable: false; longClickable: false; contextClickable: false; enabled: true; password: false; scrollable: false; granularScrollingSupported: false; importantForAccessibility: false; visible: false; actions: [AccessibilityAction: ACTION_SELECT - null, AccessibilityAction: ACTION_CLEAR_SELECTION - null, AccessibilityAction: ACTION_ACCESSIBILITY_FOCUS - null, AccessibilityAction: ACTION_SHOW_ON_SCREEN - null]; isTextSelectable: false
08-26 17:32:30.166 24004 24004 I AccessibilityNodeInfoDumper: Skipping invisible child: android.view.accessibility.AccessibilityNodeInfo@1c7ee; boundsInParent: Rect(0, 0 - 1209, 336); boundsInScreen: Rect(36, 4494 - 1245, 2460); boundsInWindow: Rect(36, 4494 - 1245, 2460); packageName: dev.quickapp.kit.android; className: android.widget.FrameLayout; text: null; error: null; maxTextLength: -1; stateDescription: null; contentDescription: null; tooltipText: null; containerTitle: null; viewIdResName: null; uniqueId: null; checkable: false; checked: false; focusable: false; focused: false; selected: false; clickable: false; longClickable: false; contextClickable: false; enabled: true; password: false; scrollable: false; granularScrollingSupported: false; importantForAccessibility: false; visible: false; actions: [AccessibilityAction: ACTION_SELECT - null, AccessibilityAction: ACTION_CLEAR_SELECTION - null, AccessibilityAction: ACTION_ACCESSIBILITY_FOCUS - null, AccessibilityAction: ACTION_SHOW_ON_SCREEN - null]; isTextSelectable: false
08-26 17:32:30.166 24004 24004 I AccessibilityNodeInfoDumper: Skipping invisible child: android.view.accessibility.AccessibilityNodeInfo@1e235; boundsInParent: Rect(0, 0 - 1209, 336); boundsInScreen: Rect(36, 4854 - 1245, 2460); boundsInWindow: Rect(36, 4854 - 1245, 2460); packageName: dev.quickapp.kit.android; className: android.widget.FrameLayout; text: null; error: null; maxTextLength: -1; stateDescription: null; contentDescription: null; tooltipText: null; containerTitle: null; viewIdResName: null; uniqueId: null; checkable: false; checked: false; focusable: false; focused: false; selected: false; clickable: false; longClickable: false; contextClickable: false; enabled: true; password: false; scrollable: false; granularScrollingSupported: false; importantForAccessibility: false; visible: false; actions: [AccessibilityAction: ACTION_SELECT - null, AccessibilityAction: ACTION_CLEAR_SELECTION - null, AccessibilityAction: ACTION_ACCESSIBILITY_FOCUS - null, AccessibilityAction: ACTION_SHOW_ON_SCREEN - null]; isTextSelectable: false
08-26 17:32:30.166 24004 24004 I AccessibilityNodeInfoDumper: Skipping invisible child: android.view.accessibility.AccessibilityNodeInfo@1fc7c; boundsInParent: Rect(0, 0 - 1209, 336); boundsInScreen: Rect(36, 5214 - 1245, 2460); boundsInWindow: Rect(36, 5214 - 1245, 2460); packageName: dev.quickapp.kit.android; className: android.widget.FrameLayout; text: null; error: null; maxTextLength: -1; stateDescription: null; contentDescription: null; tooltipText: null; containerTitle: null; viewIdResName: null; uniqueId: null; checkable: false; checked: false; focusable: false; focused: false; selected: false; clickable: false; longClickable: false; contextClickable: false; enabled: true; password: false; scrollable: false; granularScrollingSupported: false; importantForAccessibility: false; visible: false; actions: [AccessibilityAction: ACTION_SELECT - null, AccessibilityAction: ACTION_CLEAR_SELECTION - null, AccessibilityAction: ACTION_ACCESSIBILITY_FOCUS - null, AccessibilityAction: ACTION_SHOW_ON_SCREEN - null]; isTextSelectable: false
08-26 17:32:30.166 24004 24004 I AccessibilityNodeInfoDumper: Skipping invisible child: android.view.accessibility.AccessibilityNodeInfo@216c3; boundsInParent: Rect(0, 0 - 1209, 336); boundsInScreen: Rect(36, 5574 - 1245, 2460); boundsInWindow: Rect(36, 5574 - 1245, 2460); packageName: dev.quickapp.kit.android; className: android.widget.FrameLayout; text: null; error: null; maxTextLength: -1; stateDescription: null; contentDescription: null; tooltipText: null; containerTitle: null; viewIdResName: null; uniqueId: null; checkable: false; checked: false; focusable: false; focused: false; selected: false; clickable: false; longClickable: false; contextClickable: false; enabled: true; password: false; scrollable: false; granularScrollingSupported: false; importantForAccessibility: false; visible: false; actions: [AccessibilityAction: ACTION_SELECT - null, AccessibilityAction: ACTION_CLEAR_SELECTION - null, AccessibilityAction: ACTION_ACCESSIBILITY_FOCUS - null, AccessibilityAction: ACTION_SHOW_ON_SCREEN - null]; isTextSelectable: false
08-26 17:32:30.166 24004 24004 I AccessibilityNodeInfoDumper: Skipping invisible child: android.view.accessibility.AccessibilityNodeInfo@2310a; boundsInParent: Rect(0, 0 - 1209, 336); boundsInScreen: Rect(36, 5934 - 1245, 2460); boundsInWindow: Rect(36, 5934 - 1245, 2460); packageName: dev.quickapp.kit.android; className: android.widget.FrameLayout; text: null; error: null; maxTextLength: -1; stateDescription: null; contentDescription: null; tooltipText: null; containerTitle: null; viewIdResName: null; uniqueId: null; checkable: false; checked: false; focusable: false; focused: false; selected: false; clickable: false; longClickable: false; contextClickable: false; enabled: true; password: false; scrollable: false; granularScrollingSupported: false; importantForAccessibility: false; visible: false; actions: [AccessibilityAction: ACTION_SELECT - null, AccessibilityAction: ACTION_CLEAR_SELECTION - null, AccessibilityAction: ACTION_ACCESSIBILITY_FOCUS - null, AccessibilityAction: ACTION_SHOW_ON_SCREEN - null]; isTextSelectable: false
08-26 17:32:30.166 24004 24004 I AccessibilityNodeInfoDumper: Skipping invisible child: android.view.accessibility.AccessibilityNodeInfo@24b51; boundsInParent: Rect(0, 0 - 1209, 336); boundsInScreen: Rect(36, 6294 - 1245, 2460); boundsInWindow: Rect(36, 6294 - 1245, 2460); packageName: dev.quickapp.kit.android; className: android.widget.FrameLayout; text: null; error: null; maxTextLength: -1; stateDescription: null; contentDescription: null; tooltipText: null; containerTitle: null; viewIdResName: null; uniqueId: null; checkable: false; checked: false; focusable: false; focused: false; selected: false; clickable: false; longClickable: false; contextClickable: false; enabled: true; password: false; scrollable: false; granularScrollingSupported: false; importantForAccessibility: false; visible: false; actions: [AccessibilityAction: ACTION_SELECT - null, AccessibilityAction: ACTION_CLEAR_SELECTION - null, AccessibilityAction: ACTION_ACCESSIBILITY_FOCUS - null, AccessibilityAction: ACTION_SHOW_ON_SCREEN - null]; isTextSelectable: false
08-26 17:32:30.166 24004 24004 I AccessibilityNodeInfoDumper: Skipping invisible child: android.view.accessibility.AccessibilityNodeInfo@26598; boundsInParent: Rect(0, 0 - 1209, 336); boundsInScreen: Rect(36, 6654 - 1245, 2460); boundsInWindow: Rect(36, 6654 - 1245, 2460); packageName: dev.quickapp.kit.android; className: android.widget.FrameLayout; text: null; error: null; maxTextLength: -1; stateDescription: null; contentDescription: null; tooltipText: null; containerTitle: null; viewIdResName: null; uniqueId: null; checkable: false; checked: false; focusable: false; focused: false; selected: false; clickable: false; longClickable: false; contextClickable: false; enabled: true; password: false; scrollable: false; granularScrollingSupported: false; importantForAccessibility: false; visible: false; actions: [AccessibilityAction: ACTION_SELECT - null, AccessibilityAction: ACTION_CLEAR_SELECTION - null, AccessibilityAction: ACTION_ACCESSIBILITY_FOCUS - null, AccessibilityAction: ACTION_SHOW_ON_SCREEN - null]; isTextSelectable: false
08-26 17:32:30.166 24004 24004 I AccessibilityNodeInfoDumper: Skipping invisible child: android.view.accessibility.AccessibilityNodeInfo@27fdf; boundsInParent: Rect(0, 0 - 1209, 336); boundsInScreen: Rect(36, 7014 - 1245, 2460); boundsInWindow: Rect(36, 7014 - 1245, 2460); packageName: dev.quickapp.kit.android; className: android.widget.FrameLayout; text: null; error: null; maxTextLength: -1; stateDescription: null; contentDescription: null; tooltipText: null; containerTitle: null; viewIdResName: null; uniqueId: null; checkable: false; checked: false; focusable: false; focused: false; selected: false; clickable: false; longClickable: false; contextClickable: false; enabled: true; password: false; scrollable: false; granularScrollingSupported: false; importantForAccessibility: false; visible: false; actions: [AccessibilityAction: ACTION_SELECT - null, AccessibilityAction: ACTION_CLEAR_SELECTION - null, AccessibilityAction: ACTION_ACCESSIBILITY_FOCUS - null, AccessibilityAction: ACTION_SHOW_ON_SCREEN - null]; isTextSelectable: false
08-26 17:32:30.166 24004 24004 I AccessibilityNodeInfoDumper: Skipping invisible child: android.view.accessibility.AccessibilityNodeInfo@29a26; boundsInParent: Rect(0, 0 - 1209, 336); boundsInScreen: Rect(36, 7374 - 1245, 2460); boundsInWindow: Rect(36, 7374 - 1245, 2460); packageName: dev.quickapp.kit.android; className: android.widget.FrameLayout; text: null; error: null; maxTextLength: -1; stateDescription: null; contentDescription: null; tooltipText: null; containerTitle: null; viewIdResName: null; uniqueId: null; checkable: false; checked: false; focusable: false; focused: false; selected: false; clickable: false; longClickable: false; contextClickable: false; enabled: true; password: false; scrollable: false; granularScrollingSupported: false; importantForAccessibility: false; visible: false; actions: [AccessibilityAction: ACTION_SELECT - null, AccessibilityAction: ACTION_CLEAR_SELECTION - null, AccessibilityAction: ACTION_ACCESSIBILITY_FOCUS - null, AccessibilityAction: ACTION_SHOW_ON_SCREEN - null]; isTextSelectable: false
08-26 17:32:30.166 24004 24004 I AccessibilityNodeInfoDumper: Skipping invisible child: android.view.accessibility.AccessibilityNodeInfo@2b46d; boundsInParent: Rect(0, 0 - 1209, 336); boundsInScreen: Rect(36, 7734 - 1245, 2460); boundsInWindow: Rect(36, 7734 - 1245, 2460); packageName: dev.quickapp.kit.android; className: android.widget.FrameLayout; text: null; error: null; maxTextLength: -1; stateDescription: null; contentDescription: null; tooltipText: null; containerTitle: null; viewIdResName: null; uniqueId: null; checkable: false; checked: false; focusable: false; focused: false; selected: false; clickable: false; longClickable: false; contextClickable: false; enabled: true; password: false; scrollable: false; granularScrollingSupported: false; importantForAccessibility: false; visible: false; actions: [AccessibilityAction: ACTION_SELECT - null, AccessibilityAction: ACTION_CLEAR_SELECTION - null, AccessibilityAction: ACTION_ACCESSIBILITY_FOCUS - null, AccessibilityAction: ACTION_SHOW_ON_SCREEN - null]; isTextSelectable: false
08-26 17:32:30.172   657   685 W libbinder.IPCThreadState: Sending oneway calls to frozen process.
08-26 17:32:30.172 24004 24004 W AccessibilityNodeInfoDumper: Fetch time: 22ms
08-26 17:32:30.173   657   941 V AccessibilityManagerService: onUserStateChangedLocked for userId: 0, forceUpdate: false
08-26 17:32:30.174   657   941 V AccessibilityUserState: updateShortcutTargets: type:accessibility_shortcut_target_service, current:{}, new:{}
08-26 17:32:30.174   657   941 V AccessibilityUserState: updateShortcutTargets: type:accessibility_button_targets, current:{}, new:{}
08-26 17:32:30.174   657   941 V AccessibilityUserState: updateShortcutTargets: type:accessibility_gesture_targets, current:{}, new:{}
08-26 17:32:30.174   657   941 V AccessibilityUserState: updateShortcutTargets: type:accessibility_qs_targets, current:{}, new:{}
08-26 17:32:30.174   657   941 V AccessibilityUserState: updateShortcutTargets: type:accessibility_key_gesture_targets, current:{}, new:{}
08-26 17:32:30.174   657   941 V AccessibilityUserState: updateShortcutTargets: type:accessibility_top_row_key_targets, current:{}, new:{}
08-26 17:32:30.174   657   941 V AccessibilityUserState: updateShortcutTargets: type:accessibility_quick_access_targets, current:{}, new:{}
08-26 17:32:30.174   657   941 W MagnificationConnectionManager: requestConnection duplicated request: connect=false, mConnectionState=DISCONNECTED
08-26 17:32:30.174   657   941 D AccessibilityManagerService: restoreCurrentUserForTestAutomationIfNeededLocked(): ignoring because device doesn't support visible background users
08-26 17:32:30.174   657   657 W libbinder.IPCThreadState: Sending oneway calls to frozen process.
08-26 17:32:30.174   657   657 W libbinder.IPCThreadState: Sending oneway calls to frozen process.
08-26 17:32:30.174   657   657 W libbinder.IPCThreadState: Sending oneway calls to frozen process.
08-26 17:32:30.174   657   657 W libbinder.IPCThreadState: Sending oneway calls to frozen process.
08-26 17:32:30.174   657   657 W libbinder.IPCThreadState: Sending oneway calls to frozen process.
08-26 17:32:30.174   657   657 W libbinder.IPCThreadState: Sending oneway calls to frozen process.
08-26 17:32:30.174   657   657 W libbinder.IPCThreadState: Sending oneway calls to frozen process.
08-26 17:32:30.175   657   657 W libbinder.IPCThreadState: Sending oneway calls to frozen process.
08-26 17:32:30.175   657   657 W libbinder.IPCThreadState: Sending oneway calls to frozen process.
08-26 17:32:30.175 24004 24004 D AndroidRuntime: Shutting down VM
08-26 17:32:30.175  1777  2586 I AiAiEcho: Settings changed for uri: content://settings/secure/accessibility_enabled
08-26 17:32:30.175 24004 24013 W libbinder.IPCThreadState: call to talkWithDriver in joinThreadPool returned error: -9 (Bad file descriptor), FD: -1
08-26 17:32:30.175 24004 24017 W libbinder.IPCThreadState: call to talkWithDriver in joinThreadPool returned error: -9 (Bad file descriptor), FD: -1
08-26 17:32:30.175  1777  1991 I AiAiEcho: Predicting[0]:  [CONTEXT sampling_count=5 ]
08-26 17:32:30.175  1777  1991 I AiAiEcho: EchoTargets: 
08-26 17:32:30.175  1777  1991 I AiAiEcho: Filtered by AiAi flag check: 
08-26 17:32:30.175  1777  1991 I AiAiEcho: [CONTEXT ratelimit_period="10 SECONDS" ]
08-26 17:32:30.175  1777  1991 I AiAiEcho: #remoteViewsTwiddler: feature disabled.
08-26 17:32:30.175 24004 24014 W libbinder.IPCThreadState: call to talkWithDriver in joinThreadPool returned error: -9 (Bad file descriptor), FD: -1
08-26 17:32:30.175  1777  1991 I AiAiEcho: #postPredictionTargets: Sending updates to UISurface home with targets# 0 (types=[])
08-26 17:32:30.176   657   657 W libbinder.IPCThreadState: Sending oneway calls to frozen process.
08-26 17:32:30.176   657   657 W libbinder.IPCThreadState: Sending oneway calls to frozen process.
08-26 17:32:30.176   657   657 W libbinder.IPCThreadState: Sending oneway calls to frozen process.
08-26 17:32:30.176   657   657 W libbinder.IPCThreadState: Sending oneway calls to frozen process.
08-26 17:32:30.176   657   657 W libbinder.IPCThreadState: Sending oneway calls to frozen process.
08-26 17:32:30.176   657   657 W libbinder.IPCThreadState: Sending oneway calls to frozen process.
08-26 17:32:30.176   657   657 W libbinder.IPCThreadState: Sending oneway calls to frozen process.
08-26 17:32:30.176   657   657 W libbinder.IPCThreadState: Sending oneway calls to frozen process.
08-26 17:32:30.176   657   657 W libbinder.IPCThreadState: Sending oneway calls to frozen process.
08-26 17:32:30.176   657   657 W libbinder.IPCThreadState: Sending oneway calls to frozen process.
08-26 17:32:30.176   657   657 W libbinder.IPCThreadState: Sending oneway calls to frozen process.
08-26 17:32:30.176   657   657 W libbinder.IPCThreadState: Sending oneway calls to frozen process.
08-26 17:32:30.176   657   657 D BatterySaverPolicy: accessibility changed to false, updating policy.
08-26 17:32:30.179   492   492 W skia    : AGTM parsing failed flags.readFromStream(s) at 159
08-26 17:32:30.179   492   492 W skia    : AGTM parsing failed flags.readFromStream(s) at 159
08-26 17:32:30.179   492   492 W skia    : AGTM parsing failed flags.readFromStream(s) at 159
08-26 17:32:30.179   492   492 W skia    : AGTM parsing failed flags.readFromStream(s) at 159
08-26 17:32:30.179   492   492 W skia    : AGTM parsing failed flags.readFromStream(s) at 159
08-26 17:32:30.181   492   534 W skia    : AGTM parsing failed flags.readFromStream(s) at 159
08-26 17:32:30.212   492   492 W skia    : AGTM parsing failed flags.readFromStream(s) at 159
08-26 17:32:30.213   492   492 W skia    : AGTM parsing failed flags.readFromStream(s) at 159
08-26 17:32:30.213   492   492 W skia    : AGTM parsing failed flags.readFromStream(s) at 159
08-26 17:32:30.213   492   492 W skia    : AGTM parsing failed flags.readFromStream(s) at 159
08-26 17:32:30.213   492   492 W skia    : AGTM parsing failed flags.readFromStream(s) at 159
08-26 17:32:30.246   492   492 W skia    : AGTM parsing failed flags.readFromStream(s) at 159
08-26 17:32:30.246   492   492 W skia    : AGTM parsing failed flags.readFromStream(s) at 159
08-26 17:32:30.246   492   492 W skia    : AGTM parsing failed flags.readFromStream(s) at 159
08-26 17:32:30.246   492   492 W skia    : AGTM parsing failed flags.readFromStream(s) at 159
08-26 17:32:30.246   492   492 W skia    : AGTM parsing failed flags.readFromStream(s) at 159
08-26 17:32:30.281   492   534 W skia    : AGTM parsing failed flags.readFromStream(s) at 159
08-26 17:32:30.832   657   832 D WifiNative: Scan result ready event
08-26 17:32:30.832   657   836 I Nl80211Proxy: Sending Nl80211 message: GenericNetlinkMsg{ nlHeader{StructNlMsgHdr{ nlmsg_len{20}, nlmsg_type{29()}, nlmsg_flags{769(NLM_F_REQUEST|NLM_F_DUMP)}, nlmsg_seq{3237}, nlmsg_pid{0} }}, genNlHeader{StructGenNlMsgHdr{ command{5}, version{1}, reserved{0} }}, attributes{[]} }
08-26 17:32:30.832   657   836 I Nl80211Proxy: Received NLMSG_DONE for message GenericNetlinkMsg{ nlHeader{StructNlMsgHdr{ nlmsg_len{20}, nlmsg_type{29()}, nlmsg_flags{769(NLM_F_REQUEST|NLM_F_DUMP)}, nlmsg_seq{3237}, nlmsg_pid{0} }}, genNlHeader{StructGenNlMsgHdr{ command{5}, version{1}, reserved{0} }}, attributes{[]} }
08-26 17:32:30.833   657   836 W Nl80211Utils: Malformed NEW_INTERFACE response: missing attributes
08-26 17:32:30.833   657   836 I Nl80211Proxy: Sending Nl80211 message: GenericNetlinkMsg{ nlHeader{StructNlMsgHdr{ nlmsg_len{28}, nlmsg_type{29()}, nlmsg_flags{769(NLM_F_REQUEST|NLM_F_DUMP)}, nlmsg_seq{3238}, nlmsg_pid{0} }}, genNlHeader{StructGenNlMsgHdr{ command{32}, version{1}, reserved{0} }}, attributes{[StructNlAttr{ nla_len{8}, nla_type{3}, nla_value{10000000}, }]} }
08-26 17:32:30.833   657   836 I Nl80211Proxy: Received NLMSG_DONE for message GenericNetlinkMsg{ nlHeader{StructNlMsgHdr{ nlmsg_len{28}, nlmsg_type{29()}, nlmsg_flags{769(NLM_F_REQUEST|NLM_F_DUMP)}, nlmsg_seq{3238}, nlmsg_pid{0} }}, genNlHeader{StructGenNlMsgHdr{ command{32}, version{1}, reserved{0} }}, attributes{[StructNlAttr{ nla_len{8}, nla_type{3}, nla_value{10000000}, }]} }
08-26 17:32:30.834  5147  5209 I WifiScanner: onFullResults
08-26 17:32:30.834  5147  5314 I WifiScanner: onFullResults
08-26 17:32:30.843   657   832 I HalDevMgr: bestIfaceCreationProposal is null, requestIface=STA, existingIface=[name=wlan0 type=STA]
08-26 17:32:31.006   438  2672 D android.hardware.audio@7.1-impl.ranchu: threadLoop: entering standby, frames: 16606144
08-26 17:32:31.006   438  2672 D android.hardware.audio@7.1-impl.ranchu: ~TinyalsaSink: joining consumeThread
08-26 17:32:31.006   438 24003 D android.hardware.audio@7.1-impl.ranchu: consumeThread: exiting
08-26 17:32:31.022   517   517 I adbd    : adbd service requested 'shell,v2,TERM=dumb,raw:cat /sdcard/home-b.xml'
08-26 17:32:31.052   517   517 I adbd    : adbd service requested 'exec:screencap '-p''
08-26 17:32:31.088 24027 24027 W libbinder.BackendUnifiedServiceManager: Thread Pool max thread count is 0. Cannot cache binder as linkToDeath cannot be implemented. serviceName: SurfaceFlingerAIDL
08-26 17:32:31.088 24027 24027 W libbinder.BpBinder: Linking to death on android.gui.ISurfaceComposer but there are no threads (yet?) listening to incoming transactions. See ProcessState::startThreadPool and ProcessState::setThreadPoolMaxThreadCount. Generally you should setup the binder threadpool before other initialization steps.
08-26 17:32:31.088 24027 24027 W libbinder.ProcessState: Extra binder thread started, but 0 threads requested. Do not use *startThreadPool when zero threads are requested.
08-26 17:32:31.096   492   534 W skia    : AGTM parsing failed flags.readFromStream(s) at 159
08-26 17:32:31.096   492   534 W skia    : AGTM parsing failed flags.readFromStream(s) at 159
08-26 17:32:31.096   492   534 W skia    : AGTM parsing failed flags.readFromStream(s) at 159
08-26 17:32:31.116 24027 24028 W libc    : Access denied finding property "vendor.mesa.virtgpu.kumquat"
08-26 17:32:31.267   517   517 I adbd    : adbd service requested 'shell,v2,TERM=dumb:export ANDROID_LOG_TAGS=''; exec logcat '-d' '-t' '2200''
